0 0 0
0 0.05 0
0 0.1 0
0 0.15 0
0 0.2 0
0 0.25 0
0 0.3 0
0 0.35 0
0 0.4 0
0 0.45 0
0 0.5 0
0 0.55 0
0 0.6 0
0 0.65 0
0 0.7 0
0 0.75 0
0 0.8 0
0 0.85 0
0 0.9 0
0 0.95 0
0 1 0
0 1.05 0
0 1.1 0
0 1.15 0
0 1.2 0
0 1.25 0
0 1.3 0
0 1.35 0
0 1.4 0
0 1.45 0
0 1.5 0
0 1.55 0
0 1.6 0
0 1.65 0
0 1.7 0
0 1.75 0
0 1.8 0
0 1.85 0
0 1.9 0
0 1.95 0
0 2 0
0 2.05 0
0 2.1 0
0 2.15 0
0 2.2 0
0 2.25 0
0 2.3 0
0 2.35 0
0 2.4 0
0 2.45 0
0 2.5 0
0 2.55 0
0 2.6 0
0 2.65 0
0 2.7 0
0 2.75 0
0 2.8 0
0 2.85 0
0 2.9 0
0 2.95 0
0 3 0
0 3.05 0
0 3.1 0
0 3.15 0
0 3.2 0
0 3.25 0
0 3.3 0
0 3.35 0
0 3.4 0
0 3.45 0
0 3.5 0
0 3.55 0
0 3.6 0
0 3.65 0
0 3.7 0
0 3.75 0
0 3.8 0
0 3.85 0
0 3.9 0
0 3.95 0
0 4 0
0 4.05 0
0 4.1 0
0 4.15 0
0 4.2 0
0 4.25 0
0 4.3 0
0 4.35 0
0 4.4 0
0 4.45 0
0 4.5 0
0 4.55 0
0 4.6 0
0 4.65 0
0 4.7 0
0 4.75 0
0 4.8 0
0 4.85 0
0 4.9 0
0 4.95 0
0 5 0
0 5.05 0
0 5.1 0
0 5.15 0
0 5.2 0
0 5.25 0
0 5.3 0
0 5.35 0
0 5.4 0
0 5.45 0
0 5.5 0
0 5.55 0
0 5.6 0
0 5.65 0
0 5.7 0
0 5.75 0
0 5.8 0
0 5.85 0
0 5.9 0
0 5.95 0
0 6 0
0 6.05 0
0 6.1 0
0 6.15 0
0 6.2 0
0 6.25 0
0 6.3 0
0 6.35 0
0 6.4 0
0 6.45 0
0 6.5 0
0 6.55 0
0 6.6 0
0 6.65 0
0 6.7 0
0 6.75 0
0 6.8 0
0 6.85 0
0 6.9 0
0 6.95 0
0 7 0
0 7.05 0
0 7.1 0
0 7.15 0
0 7.2 0
0 7.25 0
0 7.3 0
0 7.35 0
0 7.4 0
0 7.45 0
0 7.5 0
0 7.55 0
0 7.6 0
0 7.65 0
0 7.7 0
0 7.75 0
0 7.8 0
0 7.85 0
0 7.9 0
0 7.95 0
0 8 0
0 8.05 0
0 8.1 0
0 8.15 0
0 8.2 0
0 8.25 0
0 8.3 0
0 8.35 0
0 8.4 0
0 8.45 0
0 8.5 0
0 8.55 0
0 8.6 0
0 8.65 0
0 8.7 0
0 8.75 0
0 8.8 0
0 8.85 0
0 8.9 0
0 8.95 0
0 9 0
0 9.05 0
0 9.1 0
0 9.15 0
0 9.2 0
0 9.25 0
0 9.3 0
0 9.35 0
0 9.4 0
0 9.45 0
0 9.5 0
0 9.55 0
0 9.6 0
0 9.65 0
0 9.7 0
0 9.75 0
0 9.8 0
0 9.85 0
0 9.9 0
0 9.95 0
0 10 0
0.05 0 0
0.05 0.05 3.05678e-86
0.05 0.1 2.21475e-85
0.05 0.15 1.55552e-84
0.05 0.2 1.0709e-83
0.05 0.25 7.22677e-83
0.05 0.3 4.78038e-82
0.05 0.35 3.09957e-81
0.05 0.4 1.96999e-80
0.05 0.45 1.22729e-79
0.05 0.5 7.49463e-79
0.05 0.55 4.48617e-78
0.05 0.6 2.63222e-77
0.05 0.65 1.51387e-76
0.05 0.7 8.53449e-76
0.05 0.75 4.71613e-75
0.05 0.8 2.55455e-74
0.05 0.85 1.35633e-73
0.05 0.9 7.05885e-73
0.05 0.95 3.601e-72
0.05 1 1.80066e-71
0.05 1.05 8.82596e-71
0.05 1.1 4.24043e-70
0.05 1.15 1.997e-69
0.05 1.2 9.21862e-69
0.05 1.25 4.17131e-68
0.05 1.3 1.85011e-67
0.05 1.35 8.04346e-67
0.05 1.4 3.42773e-66
0.05 1.45 1.43182e-65
0.05 1.5 5.86259e-65
0.05 1.55 2.35293e-64
0.05 1.6 9.25651e-64
0.05 1.65 3.56947e-63
0.05 1.7 1.3492e-62
0.05 1.75 4.99885e-62
0.05 1.8 1.81544e-61
0.05 1.85 6.46263e-61
0.05 1.9 2.25505e-60
0.05 1.95 7.71293e-60
0.05 2 2.58584e-59
0.05 2.05 8.49768e-59
0.05 2.1 2.73727e-58
0.05 2.15 8.64274e-58
0.05 2.2 2.67487e-57
0.05 2.25 8.11468e-57
0.05 2.3 2.413e-56
0.05 2.35 7.03332e-56
0.05 2.4 2.00946e-55
0.05 2.45 5.62752e-55
0.05 2.5 1.54479e-54
0.05 2.55 4.15663e-54
0.05 2.6 1.0963e-53
0.05 2.65 2.83421e-53
0.05 2.7 7.18213e-53
0.05 2.75 1.78398e-52
0.05 2.8 4.34354e-52
0.05 2.85 1.03661e-51
0.05 2.9 2.42494e-51
0.05 2.95 5.56036e-51
0.05 3 1.24975e-50
0.05 3.05 2.75332e-50
0.05 3.1 5.94578e-50
0.05 3.15 1.25857e-49
0.05 3.2 2.61132e-49
0.05 3.25 5.31079e-49
0.05 3.3 1.0587e-48
0.05 3.35 2.06874e-48
0.05 3.4 3.96236e-48
0.05 3.45 7.43904e-48
0.05 3.5 1.36898e-47
0.05 3.55 2.4694e-47
0.05 3.6 4.36618e-47
0.05 3.65 7.56708e-47
0.05 3.7 1.28549e-46
0.05 3.75 2.14056e-46
0.05 3.8 3.49383e-46
0.05 3.85 5.58972e-46
0.05 3.9 8.76586e-46
0.05 3.95 1.34746e-45
0.05 4 2.03025e-45
0.05 4.05 2.99848e-45
0.05 4.1 4.34078e-45
0.05 4.15 6.15956e-45
0.05 4.2 8.56736e-45
0.05 4.25 1.16805e-44
0.05 4.3 1.56095e-44
0.05 4.35 2.04471e-44
0.05 4.4 2.62537e-44
0.05 4.45 3.30419e-44
0.05 4.5 4.07619e-44
0.05 4.55 4.929e-44
0.05 4.6 5.84224e-44
0.05 4.65 6.78758e-44
0.05 4.7 7.72975e-44
0.05 4.75 8.62842e-44
0.05 4.8 9.44089e-44
0.05 4.85 1.01253e-43
0.05 4.9 1.06444e-43
0.05 4.95 1.09685e-43
0.05 5 1.10787e-43
0.05 5.05 1.09685e-43
0.05 5.1 1.06444e-43
0.05 5.15 1.01253e-43
0.05 5.2 9.44089e-44
0.05 5.25 8.62842e-44
0.05 5.3 7.72975e-44
0.05 5.35 6.78758e-44
0.05 5.4 5.84224e-44
0.05 5.45 4.929e-44
0.05 5.5 4.07619e-44
0.05 5.55 3.30419e-44
0.05 5.6 2.62537e-44
0.05 5.65 2.04471e-44
0.05 5.7 1.56095e-44
0.05 5.75 1.16805e-44
0.05 5.8 8.56736e-45
0.05 5.85 6.15956e-45
0.05 5.9 4.34078e-45
0.05 5.95 2.99848e-45
0.05 6 2.03025e-45
0.05 6.05 1.34746e-45
0.05 6.1 8.76586e-46
0.05 6.15 5.58972e-46
0.05 6.2 3.49383e-46
0.05 6.25 2.14056e-46
0.05 6.3 1.28549e-46
0.05 6.35 7.56708e-47
0.05 6.4 4.36618e-47
0.05 6.45 2.4694e-47
0.05 6.5 1.36898e-47
0.05 6.55 7.43904e-48
0.05 6.6 3.96236e-48
0.05 6.65 2.06874e-48
0.05 6.7 1.0587e-48
0.05 6.75 5.31079e-49
0.05 6.8 2.61132e-49
0.05 6.85 1.25857e-49
0.05 6.9 5.94578e-50
0.05 6.95 2.75332e-50
0.05 7 1.24975e-50
0.05 7.05 5.56036e-51
0.05 7.1 2.42494e-51
0.05 7.15 1.03661e-51
0.05 7.2 4.34354e-52
0.05 7.25 1.78398e-52
0.05 7.3 7.18213e-53
0.05 7.35 2.83421e-53
0.05 7.4 1.0963e-53
0.05 7.45 4.15663e-54
0.05 7.5 1.54479e-54
0.05 7.55 5.62752e-55
0.05 7.6 2.00946e-55
0.05 7.65 7.03332e-56
0.05 7.7 2.413e-56
0.05 7.75 8.11468e-57
0.05 7.8 2.67487e-57
0.05 7.85 8.64274e-58
0.05 7.9 2.73727e-58
0.05 7.95 8.49768e-59
0.05 8 2.58584e-59
0.05 8.05 7.71293e-60
0.05 8.1 2.25505e-60
0.05 8.15 6.46263e-61
0.05 8.2 1.81544e-61
0.05 8.25 4.99885e-62
0.05 8.3 1.3492e-62
0.05 8.35 3.56947e-63
0.05 8.4 9.25651e-64
0.05 8.45 2.35293e-64
0.05 8.5 5.86259e-65
0.05 8.55 1.43182e-65
0.05 8.6 3.42773e-66
0.05 8.65 8.04346e-67
0.05 8.7 1.85011e-67
0.05 8.75 4.17131e-68
0.05 8.8 9.21862e-69
0.05 8.85 1.997e-69
0.05 8.9 4.24043e-70
0.05 8.95 8.82596e-71
0.05 9 1.80066e-71
0.05 9.05 3.601e-72
0.05 9.1 7.05885e-73
0.05 9.15 1.35633e-73
0.05 9.2 2.55455e-74
0.05 9.25 4.71613e-75
0.05 9.3 8.53449e-76
0.05 9.35 1.51387e-76
0.05 9.4 2.63222e-77
0.05 9.45 4.48617e-78
0.05 9.5 7.49463e-79
0.05 9.55 1.22729e-79
0.05 9.6 1.96999e-80
0.05 9.65 3.09957e-81
0.05 9.7 4.78038e-82
0.05 9.75 7.22677e-83
0.05 9.8 1.0709e-83
0.05 9.85 1.55552e-84
0.05 9.9 2.21475e-85
0.05 9.95 3.05678e-86
0.05 10 0
0.1 0 0
0.1 0.05 2.21475e-85
0.1 0.1 1.6082e-84
0.1 0.15 1.12936e-83
0.1 0.2 7.77398e-83
0.1 0.25 5.2454e-82
0.1 0.3 3.46926e-81
0.1 0.35 2.24915e-80
0.1 0.4 1.42929e-79
0.1 0.45 8.90322e-79
0.1 0.5 5.43619e-78
0.1 0.55 3.2536e-77
0.1 0.6 1.90878e-76
0.1 0.65 1.09766e-75
0.1 0.7 6.1873e-75
0.1 0.75 3.41867e-74
0.1 0.8 1.85154e-73
0.1 0.85 9.82947e-73
0.1 0.9 5.11503e-72
0.1 0.95 2.60908e-71
0.1 1 1.30451e-70
0.1 1.05 6.39331e-70
0.1 1.1 3.07133e-69
0.1 1.15 1.44626e-68
0.1 1.2 6.67553e-68
0.1 1.25 3.02027e-67
0.1 1.3 1.33945e-66
0.1 1.35 5.82271e-66
0.1 1.4 2.4811e-65
0.1 1.45 1.03629e-64
0.1 1.5 4.24267e-64
0.1 1.55 1.70261e-63
0.1 1.6 6.69749e-63
0.1 1.65 2.58242e-62
0.1 1.7 9.76025e-62
0.1 1.75 3.61587e-61
0.1 1.8 1.31306e-60
0.1 1.85 4.67384e-60
0.1 1.9 1.63073e-59
0.1 1.95 5.5771e-59
0.1 2 1.86962e-58
0.1 2.05 6.14351e-58
0.1 2.1 1.97878e-57
0.1 2.15 6.24737e-57
0.1 2.2 1.93337e-56
0.1 2.25 5.86475e-56
0.1 2.3 1.74382e-55
0.1 2.35 5.08244e-55
0.1 2.4 1.45198e-54
0.1 2.45 4.06599e-54
0.1 2.5 1.11607e-53
0.1 2.55 3.00283e-53
0.1 2.6 7.91934e-53
0.1 2.65 2.04722e-52
0.1 2.7 5.18748e-52
0.1 2.75 1.28845e-51
0.1 2.8 3.13685e-51
0.1 2.85 7.48579e-51
0.1 2.9 1.75105e-50
0.1 2.95 4.01492e-50
0.1 3 9.02342e-50
0.1 3.05 1.98785e-49
0.1 3.1 4.29251e-49
0.1 3.15 9.08566e-49
0.1 3.2 1.88503e-48
0.1 3.25 3.83351e-48
0.1 3.3 7.64173e-48
0.1 3.35 1.49315e-47
0.1 3.4 2.85977e-47
0.1 3.45 5.36879e-47
0.1 3.5 9.87955e-47
0.1 3.55 1.78203e-46
0.1 3.6 3.15071e-46
0.1 3.65 5.46033e-46
0.1 3.7 9.27566e-46
0.1 3.75 1.5445e-45
0.1 3.8 2.52085e-45
0.1 3.85 4.03294e-45
0.1 3.9 6.3243e-45
0.1 3.95 9.7212e-45
0.1 4 1.46468e-44
0.1 4.05 2.16313e-44
0.1 4.1 3.1314e-44
0.1 4.15 4.44335e-44
0.1 4.2 6.18013e-44
0.1 4.25 8.42561e-44
0.1 4.3 1.12596e-43
0.1 4.35 1.47488e-43
0.1 4.4 1.89369e-43
0.1 4.45 2.38328e-43
0.1 4.5 2.94008e-43
0.1 4.55 3.55515e-43
0.1 4.6 4.2138e-43
0.1 4.65 4.89559e-43
0.1 4.7 5.57509e-43
0.1 4.75 6.22321e-43
0.1 4.8 6.80915e-43
0.1 4.85 7.30277e-43
0.1 4.9 7.67711e-43
0.1 4.95 7.91087e-43
0.1 5 7.99036e-43
0.1 5.05 7.91087e-43
0.1 5.1 7.67711e-43
0.1 5.15 7.30277e-43
0.1 5.2 6.80915e-43
0.1 5.25 6.22321e-43
0.1 5.3 5.57509e-43
0.1 5.35 4.89559e-43
0.1 5.4 4.2138e-43
0.1 5.45 3.55515e-43
0.1 5.5 2.94008e-43
0.1 5.55 2.38328e-43
0.1 5.6 1.89369e-43
0.1 5.65 1.47488e-43
0.1 5.7 1.12596e-43
0.1 5.75 8.42561e-44
0.1 5.8 6.18013e-44
0.1 5.85 4.44335e-44
0.1 5.9 3.1314e-44
0.1 5.95 2.16313e-44
0.1 6 1.46468e-44
0.1 6.05 9.7212e-45
0.1 6.1 6.3243e-45
0.1 6.15 4.03294e-45
0.1 6.2 2.52085e-45
0.1 6.25 1.5445e-45
0.1 6.3 9.27566e-46
0.1 6.35 5.46033e-46
0.1 6.4 3.15071e-46
0.1 6.45 1.78203e-46
0.1 6.5 9.87955e-47
0.1 6.55 5.36879e-47
0.1 6.6 2.85977e-47
0.1 6.65 1.49315e-47
0.1 6.7 7.64173e-48
0.1 6.75 3.83351e-48
0.1 6.8 1.88503e-48
0.1 6.85 9.08566e-49
0.1 6.9 4.29251e-49
0.1 6.95 1.98785e-49
0.1 7 9.02342e-50
0.1 7.05 4.01492e-50
0.1 7.1 1.75105e-50
0.1 7.15 7.48579e-51
0.1 7.2 3.13685e-51
0.1 7.25 1.28845e-51
0.1 7.3 5.18748e-52
0.1 7.35 2.04722e-52
0.1 7.4 7.91934e-53
0.1 7.45 3.00283e-53
0.1 7.5 1.11607e-53
0.1 7.55 4.06599e-54
0.1 7.6 1.45198e-54
0.1 7.65 5.08244e-55
0.1 7.7 1.74382e-55
0.1 7.75 5.86475e-56
0.1 7.8 1.93337e-56
0.1 7.85 6.24737e-57
0.1 7.9 1.97878e-57
0.1 7.95 6.14351e-58
0.1 8 1.86962e-58
0.1 8.05 5.5771e-59
0.1 8.1 1.63073e-59
0.1 8.15 4.67384e-60
0.1 8.2 1.31306e-60
0.1 8.25 3.61587e-61
0.1 8.3 9.76025e-62
0.1 8.35 2.58242e-62
0.1 8.4 6.69749e-63
0.1 8.45 1.70261e-63
0.1 8.5 4.24267e-64
0.1 8.55 1.03629e-64
0.1 8.6 2.4811e-65
0.1 8.65 5.82271e-66
0.1 8.7 1.33945e-66
0.1 8.75 3.02027e-67
0.1 8.8 6.67553e-68
0.1 8.85 1.44626e-68
0.1 8.9 3.07133e-69
0.1 8.95 6.39331e-70
0.1 9 1.30451e-70
0.1 9.05 2.60908e-71
0.1 9.1 5.11503e-72
0.1 9.15 9.82947e-73
0.1 9.2 1.85154e-73
0.1 9.25 3.41867e-74
0.1 9.3 6.1873e-75
0.1 9.35 1.09766e-75
0.1 9.4 1.90878e-76
0.1 9.45 3.2536e-77
0.1 9.5 5.43619e-78
0.1 9.55 8.90322e-79
0.1 9.6 1.42929e-79
0.1 9.65 2.24915e-80
0.1 9.7 3.46926e-81
0.1 9.75 5.2454e-82
0.1 9.8 7.77398e-83
0.1 9.85 1.12936e-83
0.1 9.9 1.6082e-84
0.1 9.95 2.21475e-85
0.1 10 0
0.15 0 0
0.15 0.05 1.55552e-84
0.15 0.1 1.12936e-83
0.15 0.15 7.93093e-83
0.15 0.2 5.45935e-82
0.15 0.25 3.68367e-81
0.15 0.3 2.43637e-80
0.15 0.35 1.57953e-79
0.15 0.4 1.00377e-78
0.15 0.45 6.25264e-78
0.15 0.5 3.81781e-77
0.15 0.55 2.28501e-76
0.15 0.6 1.34055e-75
0.15 0.65 7.709e-75
0.15 0.7 4.34546e-74
0.15 0.75 2.40101e-73
0.15 0.8 1.30039e-72
0.15 0.85 6.90358e-72
0.15 0.9 3.59249e-71
0.15 0.95 1.83247e-70
0.15 1 9.16221e-70
0.15 1.05 4.49038e-69
0.15 1.1 2.15718e-68
0.15 1.15 1.0158e-67
0.15 1.2 4.6887e-67
0.15 1.25 2.12137e-66
0.15 1.3 9.40802e-66
0.15 1.35 4.08978e-65
0.15 1.4 1.7427e-64
0.15 1.45 7.27886e-64
0.15 1.5 2.98005e-63
0.15 1.55 1.19592e-62
0.15 1.6 4.70437e-62
0.15 1.65 1.81392e-61
0.15 1.7 6.85576e-61
0.15 1.75 2.53986e-60
0.15 1.8 9.22325e-60
0.15 1.85 3.28304e-59
0.15 1.9 1.14548e-58
0.15 1.95 3.91756e-58
0.15 2 1.3133e-57
0.15 2.05 4.31547e-57
0.15 2.1 1.38999e-56
0.15 2.15 4.38847e-56
0.15 2.2 1.3581e-55
0.15 2.25 4.11974e-55
0.15 2.3 1.22497e-54
0.15 2.35 3.57024e-54
0.15 2.4 1.01997e-53
0.15 2.45 2.85625e-53
0.15 2.5 7.84009e-53
0.15 2.55 2.10942e-52
0.15 2.6 5.56319e-52
0.15 2.65 1.43814e-51
0.15 2.7 3.64414e-51
0.15 2.75 9.05121e-51
0.15 2.8 2.20361e-50
0.15 2.85 5.25873e-50
0.15 2.9 1.23011e-49
0.15 2.95 2.82048e-49
0.15 3 6.33898e-49
0.15 3.05 1.39647e-48
0.15 3.1 3.01552e-48
0.15 3.15 6.38277e-48
0.15 3.2 1.32426e-47
0.15 3.25 2.6931e-47
0.15 3.3 5.36845e-47
0.15 3.35 1.04897e-46
0.15 3.4 2.00905e-46
0.15 3.45 3.7717e-46
0.15 3.5 6.94063e-46
0.15 3.55 1.25192e-45
0.15 3.6 2.21346e-45
0.15 3.65 3.83604e-45
0.15 3.7 6.51645e-45
0.15 3.75 1.08506e-44
0.15 3.8 1.77098e-44
0.15 3.85 2.83329e-44
0.15 3.9 4.44306e-44
0.15 3.95 6.82953e-44
0.15 4 1.029e-43
0.15 4.05 1.51969e-43
0.15 4.1 2.19994e-43
0.15 4.15 3.12165e-43
0.15 4.2 4.34182e-43
0.15 4.25 5.91938e-43
0.15 4.3 7.91036e-43
0.15 4.35 1.03617e-42
0.15 4.4 1.33041e-42
0.15 4.45 1.67437e-42
0.15 4.5 2.06555e-42
0.15 4.55 2.49767e-42
0.15 4.6 2.96041e-42
0.15 4.65 3.4394e-42
0.15 4.7 3.91679e-42
0.15 4.75 4.37213e-42
0.15 4.8 4.78379e-42
0.15 4.85 5.13058e-42
0.15 4.9 5.39358e-42
0.15 4.95 5.5578e-42
0.15 5 5.61365e-42
0.15 5.05 5.5578e-42
0.15 5.1 5.39358e-42
0.15 5.15 5.13058e-42
0.15 5.2 4.78379e-42
0.15 5.25 4.37213e-42
0.15 5.3 3.91679e-42
0.15 5.35 3.4394e-42
0.15 5.4 2.96041e-42
0.15 5.45 2.49767e-42
0.15 5.5 2.06555e-42
0.15 5.55 1.67437e-42
0.15 5.6 1.33041e-42
0.15 5.65 1.03617e-42
0.15 5.7 7.91036e-43
0.15 5.75 5.91938e-43
0.15 5.8 4.34182e-43
0.15 5.85 3.12165e-43
0.15 5.9 2.19994e-43
0.15 5.95 1.51969e-43
0.15 6 1.029e-43
0.15 6.05 6.82953e-44
0.15 6.1 4.44306e-44
0.15 6.15 2.83329e-44
0.15 6.2 1.77098e-44
0.15 6.25 1.08506e-44
0.15 6.3 6.51645e-45
0.15 6.35 3.83604e-45
0.15 6.4 2.21346e-45
0.15 6.45 1.25192e-45
0.15 6.5 6.94063e-46
0.15 6.55 3.7717e-46
0.15 6.6 2.00905e-46
0.15 6.65 1.04897e-46
0.15 6.7 5.36845e-47
0.15 6.75 2.6931e-47
0.15 6.8 1.32426e-47
0.15 6.85 6.38277e-48
0.15 6.9 3.01552e-48
0.15 6.95 1.39647e-48
0.15 7 6.33898e-49
0.15 7.05 2.82048e-49
0.15 7.1 1.23011e-49
0.15 7.15 5.25873e-50
0.15 7.2 2.20361e-50
0.15 7.25 9.05121e-51
0.15 7.3 3.64414e-51
0.15 7.35 1.43814e-51
0.15 7.4 5.56319e-52
0.15 7.45 2.10942e-52
0.15 7.5 7.84009e-53
0.15 7.55 2.85625e-53
0.15 7.6 1.01997e-53
0.15 7.65 3.57024e-54
0.15 7.7 1.22497e-54
0.15 7.75 4.11974e-55
0.15 7.8 1.3581e-55
0.15 7.85 4.38847e-56
0.15 7.9 1.38999e-56
0.15 7.95 4.31547e-57
0.15 8 1.3133e-57
0.15 8.05 3.91756e-58
0.15 8.1 1.14548e-58
0.15 8.15 3.28304e-59
0.15 8.2 9.22325e-60
0.15 8.25 2.53986e-60
0.15 8.3 6.85576e-61
0.15 8.35 1.81392e-61
0.15 8.4 4.70437e-62
0.15 8.45 1.19592e-62
0.15 8.5 2.98005e-63
0.15 8.55 7.27886e-64
0.15 8.6 1.7427e-64
0.15 8.65 4.08978e-65
0.15 8.7 9.40802e-66
0.15 8.75 2.12137e-66
0.15 8.8 4.6887e-67
0.15 8.85 1.0158e-67
0.15 8.9 2.15718e-68
0.15 8.95 4.49038e-69
0.15 9 9.16221e-70
0.15 9.05 1.83247e-70
0.15 9.1 3.59249e-71
0.15 9.15 6.90358e-72
0.15 9.2 1.30039e-72
0.15 9.25 2.40101e-73
0.15 9.3 4.34546e-74
0.15 9.35 7.709e-75
0.15 9.4 1.34055e-75
0.15 9.45 2.28501e-76
0.15 9.5 3.81781e-77
0.15 9.55 6.25264e-78
0.15 9.6 1.00377e-78
0.15 9.65 1.57953e-79
0.15 9.7 2.43637e-80
0.15 9.75 3.68367e-81
0.15 9.8 5.45935e-82
0.15 9.85 7.93093e-83
0.15 9.9 1.12936e-83
0.15 9.95 1.55552e-84
0.15 10 0
0.2 0 0
0.2 0.05 1.0709e-83
0.2 0.1 7.77398e-83
0.2 0.15 5.45935e-82
0.2 0.2 3.75804e-81
0.2 0.25 2.53574e-80
0.2 0.3 1.67715e-79
0.2 0.35 1.08732e-78
0.2 0.4 6.90987e-78
0.2 0.45 4.3043e-77
0.2 0.5 2.62819e-76
0.2 0.55 1.57302e-75
0.2 0.6 9.22851e-75
0.2 0.65 5.30703e-74
0.2 0.7 2.99152e-73
0.2 0.75 1.65293e-72
0.2 0.8 8.95236e-72
0.2 0.85 4.75271e-71
0.2 0.9 2.47324e-70
0.2 0.95 1.26157e-69
0.2 1 6.30778e-69
0.2 1.05 3.09145e-68
0.2 1.1 1.48515e-67
0.2 1.15 6.99351e-67
0.2 1.2 3.22806e-66
0.2 1.25 1.46052e-65
0.2 1.3 6.47728e-65
0.2 1.35 2.81577e-64
0.2 1.4 1.19984e-63
0.2 1.45 5.01148e-63
0.2 1.5 2.05177e-62
0.2 1.55 8.23402e-62
0.2 1.6 3.23901e-61
0.2 1.65 1.24892e-60
0.2 1.7 4.72033e-60
0.2 1.75 1.74876e-59
0.2 1.8 6.35047e-59
0.2 1.85 2.26048e-58
0.2 1.9 7.88703e-58
0.2 1.95 2.6974e-57
0.2 2 9.04262e-57
0.2 2.05 2.97141e-56
0.2 2.1 9.57079e-56
0.2 2.15 3.0217e-55
0.2 2.2 9.35132e-55
0.2 2.25 2.83669e-54
0.2 2.3 8.4347e-54
0.2 2.35 2.45835e-53
0.2 2.4 7.02322e-53
0.2 2.45 1.96674e-52
0.2 2.5 5.3985e-52
0.2 2.55 1.45251e-51
0.2 2.6 3.83071e-51
0.2 2.65 9.90282e-51
0.2 2.7 2.50931e-50
0.2 2.75 6.23259e-50
0.2 2.8 1.5174e-49
0.2 2.85 3.62115e-49
0.2 2.9 8.47052e-49
0.2 2.95 1.94219e-48
0.2 3 4.36505e-48
0.2 3.05 9.61621e-48
0.2 3.1 2.07652e-47
0.2 3.15 4.39525e-47
0.2 3.2 9.11902e-47
0.2 3.25 1.85451e-46
0.2 3.3 3.69681e-46
0.2 3.35 7.22339e-46
0.2 3.4 1.38348e-45
0.2 3.45 2.59728e-45
0.2 3.5 4.7795e-45
0.2 3.55 8.62108e-45
0.2 3.6 1.52426e-44
0.2 3.65 2.64162e-44
0.2 3.7 4.48744e-44
0.2 3.75 7.4721e-44
0.2 3.8 1.21956e-43
0.2 3.85 1.9511e-43
0.2 3.9 3.05966e-43
0.2 3.95 4.70308e-43
0.2 4 7.0861e-43
0.2 4.05 1.04652e-42
0.2 4.1 1.51497e-42
0.2 4.15 2.1497e-42
0.2 4.2 2.98997e-42
0.2 4.25 4.07635e-42
0.2 4.3 5.44744e-42
0.2 4.35 7.13558e-42
0.2 4.4 9.16182e-42
0.2 4.45 1.15306e-41
0.2 4.5 1.42244e-41
0.2 4.55 1.72002e-41
0.2 4.6 2.03869e-41
0.2 4.65 2.36855e-41
0.2 4.7 2.6973e-41
0.2 4.75 3.01087e-41
0.2 4.8 3.29436e-41
0.2 4.85 3.53318e-41
0.2 4.9 3.7143e-41
0.2 4.95 3.82739e-41
0.2 5 3.86585e-41
0.2 5.05 3.82739e-41
0.2 5.1 3.7143e-41
0.2 5.15 3.53318e-41
0.2 5.2 3.29436e-41
0.2 5.25 3.01087e-41
0.2 5.3 2.6973e-41
0.2 5.35 2.36855e-41
0.2 5.4 2.03869e-41
0.2 5.45 1.72002e-41
0.2 5.5 1.42244e-41
0.2 5.55 1.15306e-41
0.2 5.6 9.16182e-42
0.2 5.65 7.13558e-42
0.2 5.7 5.44744e-42
0.2 5.75 4.07635e-42
0.2 5.8 2.98997e-42
0.2 5.85 2.1497e-42
0.2 5.9 1.51497e-42
0.2 5.95 1.04652e-42
0.2 6 7.0861e-43
0.2 6.05 4.70308e-43
0.2 6.1 3.05966e-43
0.2 6.15 1.9511e-43
0.2 6.2 1.21956e-43
0.2 6.25 7.4721e-44
0.2 6.3 4.48744e-44
0.2 6.35 2.64162e-44
0.2 6.4 1.52426e-44
0.2 6.45 8.62108e-45
0.2 6.5 4.7795e-45
0.2 6.55 2.59728e-45
0.2 6.6 1.38348e-45
0.2 6.65 7.22339e-46
0.2 6.7 3.69681e-46
0.2 6.75 1.85451e-46
0.2 6.8 9.11902e-47
0.2 6.85 4.39525e-47
0.2 6.9 2.07652e-47
0.2 6.95 9.61621e-48
0.2 7 4.36505e-48
0.2 7.05 1.94219e-48
0.2 7.1 8.47052e-49
0.2 7.15 3.62115e-49
0.2 7.2 1.5174e-49
0.2 7.25 6.23259e-50
0.2 7.3 2.50931e-50
0.2 7.35 9.90282e-51
0.2 7.4 3.83071e-51
0.2 7.45 1.45251e-51
0.2 7.5 5.3985e-52
0.2 7.55 1.96674e-52
0.2 7.6 7.02322e-53
0.2 7.65 2.45835e-53
0.2 7.7 8.4347e-54
0.2 7.75 2.83669e-54
0.2 7.8 9.35132e-55
0.2 7.85 3.0217e-55
0.2 7.9 9.57079e-56
0.2 7.95 2.97141e-56
0.2 8 9.04262e-57
0.2 8.05 2.6974e-57
0.2 8.1 7.88703e-58
0.2 8.15 2.26048e-58
0.2 8.2 6.35047e-59
0.2 8.25 1.74876e-59
0.2 8.3 4.72033e-60
0.2 8.35 1.24892e-60
0.2 8.4 3.23901e-61
0.2 8.45 8.23402e-62
0.2 8.5 2.05177e-62
0.2 8.55 5.01148e-63
0.2 8.6 1.19984e-63
0.2 8.65 2.81577e-64
0.2 8.7 6.47728e-65
0.2 8.75 1.46052e-65
0.2 8.8 3.22806e-66
0.2 8.85 6.99351e-67
0.2 8.9 1.48515e-67
0.2 8.95 3.09145e-68
0.2 9 6.30778e-69
0.2 9.05 1.26157e-69
0.2 9.1 2.47324e-70
0.2 9.15 4.75271e-71
0.2 9.2 8.95236e-72
0.2 9.25 1.65293e-72
0.2 9.3 2.99152e-73
0.2 9.35 5.30703e-74
0.2 9.4 9.22851e-75
0.2 9.45 1.57302e-75
0.2 9.5 2.62819e-76
0.2 9.55 4.3043e-77
0.2 9.6 6.90987e-78
0.2 9.65 1.08732e-78
0.2 9.7 1.67715e-79
0.2 9.75 2.53574e-80
0.2 9.8 3.75804e-81
0.2 9.85 5.45935e-82
0.2 9.9 7.77398e-83
0.2 9.95 1.0709e-83
0.2 10 0
0.25 0 0
0.25 0.05 7.22677e-83
0.25 0.1 5.2454e-82
0.25 0.15 3.68367e-81
0.25 0.2 2.53574e-80
0.25 0.25 1.71101e-79
0.25 0.3 1.13167e-78
0.25 0.35 7.33692e-78
0.25 0.4 4.6626e-77
0.25 0.45 2.90445e-76
0.25 0.5 1.77346e-75
0.25 0.55 1.06146e-74
0.25 0.6 6.22736e-74
0.25 0.65 3.58119e-73
0.25 0.7 2.0187e-72
0.25 0.75 1.11542e-71
0.25 0.8 6.0412e-71
0.25 0.85 3.20723e-70
0.25 0.9 1.66901e-69
0.25 0.95 8.51347e-69
0.25 1 4.25672e-68
0.25 1.05 2.08624e-67
0.25 1.1 1.00224e-66
0.25 1.15 4.71958e-66
0.25 1.2 2.17847e-65
0.25 1.25 9.85646e-65
0.25 1.3 4.37129e-64
0.25 1.35 1.90028e-63
0.25 1.4 8.09738e-63
0.25 1.45 3.38214e-62
0.25 1.5 1.38471e-61
0.25 1.55 5.55702e-61
0.25 1.6 2.18598e-60
0.25 1.65 8.42886e-60
0.25 1.7 3.18574e-59
0.25 1.75 1.18024e-58
0.25 1.8 4.28597e-58
0.25 1.85 1.52562e-57
0.25 1.9 5.32306e-57
0.25 1.95 1.82052e-56
0.25 2 6.10305e-56
0.25 2.05 2.00547e-55
0.25 2.1 6.45959e-55
0.25 2.15 2.03944e-54
0.25 2.2 6.31153e-54
0.25 2.25 1.91459e-53
0.25 2.3 5.69292e-53
0.25 2.35 1.65925e-52
0.25 2.4 4.74031e-52
0.25 2.45 1.32745e-51
0.25 2.5 3.64374e-51
0.25 2.55 9.80378e-51
0.25 2.6 2.58558e-50
0.25 2.65 6.68403e-50
0.25 2.7 1.6937e-49
0.25 2.75 4.20679e-49
0.25 2.8 1.0242e-48
0.25 2.85 2.44417e-48
0.25 2.9 5.71739e-48
0.25 2.95 1.31093e-47
0.25 3 2.94632e-47
0.25 3.05 6.49077e-47
0.25 3.1 1.40162e-46
0.25 3.15 2.96673e-46
0.25 3.2 6.15523e-46
0.25 3.25 1.25178e-45
0.25 3.3 2.49532e-45
0.25 3.35 4.87575e-45
0.25 3.4 9.33842e-45
0.25 3.45 1.75316e-44
0.25 3.5 3.22616e-44
0.25 3.55 5.81925e-44
0.25 3.6 1.02888e-43
0.25 3.65 1.78311e-43
0.25 3.7 3.02905e-43
0.25 3.75 5.04373e-43
0.25 3.8 8.23216e-43
0.25 3.85 1.31702e-42
0.25 3.9 2.06531e-42
0.25 3.95 3.17464e-42
0.25 4 4.78322e-42
0.25 4.05 7.06419e-42
0.25 4.1 1.02263e-41
0.25 4.15 1.45109e-41
0.25 4.2 2.01829e-41
0.25 4.25 2.75162e-41
0.25 4.3 3.67714e-41
0.25 4.35 4.81667e-41
0.25 4.4 6.18443e-41
0.25 4.45 7.78339e-41
0.25 4.5 9.60181e-41
0.25 4.55 1.16106e-40
0.25 4.6 1.37616e-40
0.25 4.65 1.59883e-40
0.25 4.7 1.82075e-40
0.25 4.75 2.03242e-40
0.25 4.8 2.22378e-40
0.25 4.85 2.38499e-40
0.25 4.9 2.50725e-40
0.25 4.95 2.58359e-40
0.25 5 2.60955e-40
0.25 5.05 2.58359e-40
0.25 5.1 2.50725e-40
0.25 5.15 2.38499e-40
0.25 5.2 2.22378e-40
0.25 5.25 2.03242e-40
0.25 5.3 1.82075e-40
0.25 5.35 1.59883e-40
0.25 5.4 1.37616e-40
0.25 5.45 1.16106e-40
0.25 5.5 9.60181e-41
0.25 5.55 7.78339e-41
0.25 5.6 6.18443e-41
0.25 5.65 4.81667e-41
0.25 5.7 3.67714e-41
0.25 5.75 2.75162e-41
0.25 5.8 2.01829e-41
0.25 5.85 1.45109e-41
0.25 5.9 1.02263e-41
0.25 5.95 7.06419e-42
0.25 6 4.78322e-42
0.25 6.05 3.17464e-42
0.25 6.1 2.06531e-42
0.25 6.15 1.31702e-42
0.25 6.2 8.23216e-43
0.25 6.25 5.04373e-43
0.25 6.3 3.02905e-43
0.25 6.35 1.78311e-43
0.25 6.4 1.02888e-43
0.25 6.45 5.81925e-44
0.25 6.5 3.22616e-44
0.25 6.55 1.75316e-44
0.25 6.6 9.33842e-45
0.25 6.65 4.87575e-45
0.25 6.7 2.49532e-45
0.25 6.75 1.25178e-45
0.25 6.8 6.15523e-46
0.25 6.85 2.96673e-46
0.25 6.9 1.40162e-46
0.25 6.95 6.49077e-47
0.25 7 2.94632e-47
0.25 7.05 1.31093e-47
0.25 7.1 5.71739e-48
0.25 7.15 2.44417e-48
0.25 7.2 1.0242e-48
0.25 7.25 4.20679e-49
0.25 7.3 1.6937e-49
0.25 7.35 6.68403e-50
0.25 7.4 2.58558e-50
0.25 7.45 9.80378e-51
0.25 7.5 3.64374e-51
0.25 7.55 1.32745e-51
0.25 7.6 4.74031e-52
0.25 7.65 1.65925e-52
0.25 7.7 5.69292e-53
0.25 7.75 1.91459e-53
0.25 7.8 6.31153e-54
0.25 7.85 2.03944e-54
0.25 7.9 6.45959e-55
0.25 7.95 2.00547e-55
0.25 8 6.10305e-56
0.25 8.05 1.82052e-56
0.25 8.1 5.32306e-57
0.25 8.15 1.52562e-57
0.25 8.2 4.28597e-58
0.25 8.25 1.18024e-58
0.25 8.3 3.18574e-59
0.25 8.35 8.42886e-60
0.25 8.4 2.18598e-60
0.25 8.45 5.55702e-61
0.25 8.5 1.38471e-61
0.25 8.55 3.38214e-62
0.25 8.6 8.09738e-63
0.25 8.65 1.90028e-63
0.25 8.7 4.37129e-64
0.25 8.75 9.85646e-65
0.25 8.8 2.17847e-65
0.25 8.85 4.71958e-66
0.25 8.9 1.00224e-66
0.25 8.95 2.08624e-67
0.25 9 4.25672e-68
0.25 9.05 8.51347e-69
0.25 9.1 1.66901e-69
0.25 9.15 3.20723e-70
0.25 9.2 6.0412e-71
0.25 9.25 1.11542e-71
0.25 9.3 2.0187e-72
0.25 9.35 3.58119e-73
0.25 9.4 6.22736e-74
0.25 9.45 1.06146e-74
0.25 9.5 1.77346e-75
0.25 9.55 2.90445e-76
0.25 9.6 4.6626e-77
0.25 9.65 7.33692e-78
0.25 9.7 1.13167e-78
0.25 9.75 1.71101e-79
0.25 9.8 2.53574e-80
0.25 9.85 3.68367e-81
0.25 9.9 5.2454e-82
0.25 9.95 7.22677e-83
0.25 10 0
0.3 0 0
0.3 0.05 4.78038e-82
0.3 0.1 3.46926e-81
0.3 0.15 2.43637e-80
0.3 0.2 1.67715e-79
0.3 0.25 1.13167e-78
0.3 0.3 7.48505e-78
0.3 0.35 4.85278e-77
0.3 0.4 3.08396e-76
0.3 0.45 1.92109e-75
0.3 0.5 1.17303e-74
0.3 0.55 7.02091e-74
0.3 0.6 4.11907e-73
0.3 0.65 2.36878e-72
0.3 0.7 1.33528e-71
0.3 0.75 7.37805e-71
0.3 0.8 3.99605e-70
0.3 0.85 2.12149e-69
0.3 0.9 1.10401e-68
0.3 0.95 5.6315e-68
0.3 1 2.81576e-67
0.3 1.05 1.38003e-66
0.3 1.1 6.6298e-66
0.3 1.15 3.122e-65
0.3 1.2 1.44107e-64
0.3 1.25 6.52013e-64
0.3 1.3 2.89166e-63
0.3 1.35 1.25707e-62
0.3 1.4 5.35659e-62
0.3 1.45 2.23737e-61
0.3 1.5 9.16024e-61
0.3 1.55 3.67616e-60
0.3 1.6 1.44611e-59
0.3 1.65 5.57604e-59
0.3 1.7 2.10751e-58
0.3 1.75 7.80787e-58
0.3 1.8 2.8354e-57
0.3 1.85 1.00928e-56
0.3 1.9 3.52153e-56
0.3 1.95 1.20439e-55
0.3 2 4.03758e-55
0.3 2.05 1.32676e-54
0.3 2.1 4.2735e-54
0.3 2.15 1.34925e-53
0.3 2.2 4.17559e-53
0.3 2.25 1.26666e-52
0.3 2.3 3.76637e-52
0.3 2.35 1.09774e-51
0.3 2.4 3.13615e-51
0.3 2.45 8.78236e-51
0.3 2.5 2.41069e-50
0.3 2.55 6.4862e-50
0.3 2.6 1.71063e-49
0.3 2.65 4.4222e-49
0.3 2.7 1.12057e-48
0.3 2.75 2.78327e-48
0.3 2.8 6.77624e-48
0.3 2.85 1.61711e-47
0.3 2.9 3.78274e-47
0.3 2.95 8.67343e-47
0.3 3 1.94936e-46
0.3 3.05 4.29447e-46
0.3 3.1 9.2735e-46
0.3 3.15 1.96288e-45
0.3 3.2 4.07251e-45
0.3 3.25 8.2822e-45
0.3 3.3 1.651e-44
0.3 3.35 3.22599e-44
0.3 3.4 6.17868e-44
0.3 3.45 1.15997e-43
0.3 3.5 2.13457e-43
0.3 3.55 3.85028e-43
0.3 3.6 6.80755e-43
0.3 3.65 1.17979e-42
0.3 3.7 2.00417e-42
0.3 3.75 3.3372e-42
0.3 3.8 5.44684e-42
0.3 3.85 8.71411e-42
0.3 3.9 1.36652e-41
0.3 3.95 2.10053e-41
0.3 4 3.16486e-41
0.3 4.05 4.67409e-41
0.3 4.1 6.76636e-41
0.3 4.15 9.60129e-41
0.3 4.2 1.33543e-40
0.3 4.25 1.82065e-40
0.3 4.3 2.43303e-40
0.3 4.35 3.18702e-40
0.3 4.4 4.09203e-40
0.3 4.45 5.15001e-40
0.3 4.5 6.3532e-40
0.3 4.55 7.68234e-40
0.3 4.6 9.10563e-40
0.3 4.65 1.05789e-39
0.3 4.7 1.20473e-39
0.3 4.75 1.34479e-39
0.3 4.8 1.47141e-39
0.3 4.85 1.57808e-39
0.3 4.9 1.65897e-39
0.3 4.95 1.70948e-39
0.3 5 1.72666e-39
0.3 5.05 1.70948e-39
0.3 5.1 1.65897e-39
0.3 5.15 1.57808e-39
0.3 5.2 1.47141e-39
0.3 5.25 1.34479e-39
0.3 5.3 1.20473e-39
0.3 5.35 1.05789e-39
0.3 5.4 9.10563e-40
0.3 5.45 7.68234e-40
0.3 5.5 6.3532e-40
0.3 5.55 5.15001e-40
0.3 5.6 4.09203e-40
0.3 5.65 3.18702e-40
0.3 5.7 2.43303e-40
0.3 5.75 1.82065e-40
0.3 5.8 1.33543e-40
0.3 5.85 9.60129e-41
0.3 5.9 6.76636e-41
0.3 5.95 4.67409e-41
0.3 6 3.16486e-41
0.3 6.05 2.10053e-41
0.3 6.1 1.36652e-41
0.3 6.15 8.71411e-42
0.3 6.2 5.44684e-42
0.3 6.25 3.3372e-42
0.3 6.3 2.00417e-42
0.3 6.35 1.17979e-42
0.3 6.4 6.80755e-43
0.3 6.45 3.85028e-43
0.3 6.5 2.13457e-43
0.3 6.55 1.15997e-43
0.3 6.6 6.17868e-44
0.3 6.65 3.22599e-44
0.3 6.7 1.651e-44
0.3 6.75 8.2822e-45
0.3 6.8 4.07251e-45
0.3 6.85 1.96288e-45
0.3 6.9 9.2735e-46
0.3 6.95 4.29447e-46
0.3 7 1.94936e-46
0.3 7.05 8.67343e-47
0.3 7.1 3.78274e-47
0.3 7.15 1.61711e-47
0.3 7.2 6.77624e-48
0.3 7.25 2.78327e-48
0.3 7.3 1.12057e-48
0.3 7.35 4.4222e-49
0.3 7.4 1.71063e-49
0.3 7.45 6.4862e-50
0.3 7.5 2.41069e-50
0.3 7.55 8.78236e-51
0.3 7.6 3.13615e-51
0.3 7.65 1.09774e-51
0.3 7.7 3.76637e-52
0.3 7.75 1.26666e-52
0.3 7.8 4.17559e-53
0.3 7.85 1.34925e-53
0.3 7.9 4.2735e-54
0.3 7.95 1.32676e-54
0.3 8 4.03758e-55
0.3 8.05 1.20439e-55
0.3 8.1 3.52153e-56
0.3 8.15 1.00928e-56
0.3 8.2 2.8354e-57
0.3 8.25 7.80787e-58
0.3 8.3 2.10751e-58
0.3 8.35 5.57604e-59
0.3 8.4 1.44611e-59
0.3 8.45 3.67616e-60
0.3 8.5 9.16024e-61
0.3 8.55 2.23737e-61
0.3 8.6 5.35659e-62
0.3 8.65 1.25707e-62
0.3 8.7 2.89166e-63
0.3 8.75 6.52013e-64
0.3 8.8 1.44107e-64
0.3 8.85 3.122e-65
0.3 8.9 6.6298e-66
0.3 8.95 1.38003e-66
0.3 9 2.81576e-67
0.3 9.05 5.6315e-68
0.3 9.1 1.10401e-68
0.3 9.15 2.12149e-69
0.3 9.2 3.99605e-70
0.3 9.25 7.37805e-71
0.3 9.3 1.33528e-71
0.3 9.35 2.36878e-72
0.3 9.4 4.11907e-73
0.3 9.45 7.02091e-74
0.3 9.5 1.17303e-74
0.3 9.55 1.92109e-75
0.3 9.6 3.08396e-76
0.3 9.65 4.85278e-77
0.3 9.7 7.48505e-78
0.3 9.75 1.13167e-78
0.3 9.8 1.67715e-79
0.3 9.85 2.43637e-80
0.3 9.9 3.46926e-81
0.3 9.95 4.78038e-82
0.3 10 0
0.35 0 0
0.35 0.05 3.09957e-81
0.35 0.1 2.24915e-80
0.35 0.15 1.57953e-79
0.35 0.2 1.08732e-78
0.35 0.25 7.33692e-78
0.35 0.3 4.85278e-77
0.35 0.35 3.14623e-76
0.35 0.4 1.99945e-75
0.35 0.45 1.24553e-74
0.35 0.5 7.60537e-74
0.35 0.55 4.55205e-73
0.35 0.6 2.67064e-72
0.35 0.65 1.53584e-71
0.35 0.7 8.65757e-71
0.35 0.75 4.78375e-70
0.35 0.8 2.59096e-69
0.35 0.85 1.37554e-68
0.35 0.9 7.15828e-68
0.35 0.95 3.65143e-67
0.35 1 1.82574e-66
0.35 1.05 8.94816e-66
0.35 1.1 4.29882e-65
0.35 1.15 2.02434e-64
0.35 1.2 9.34413e-64
0.35 1.25 4.22779e-63
0.35 1.3 1.87503e-62
0.35 1.35 8.1512e-62
0.35 1.4 3.4734e-61
0.35 1.45 1.4508e-60
0.35 1.5 5.93988e-60
0.35 1.55 2.38379e-59
0.35 1.6 9.37728e-59
0.35 1.65 3.6158e-58
0.35 1.7 1.36663e-57
0.35 1.75 5.0631e-57
0.35 1.8 1.83865e-56
0.35 1.85 6.54488e-56
0.35 1.9 2.28361e-55
0.35 1.95 7.81017e-55
0.35 2 2.61828e-54
0.35 2.05 8.60382e-54
0.35 2.1 2.7713e-53
0.35 2.15 8.74971e-53
0.35 2.2 2.70783e-52
0.35 2.25 8.21424e-52
0.35 2.3 2.44248e-51
0.35 2.35 7.11887e-51
0.35 2.4 2.03381e-50
0.35 2.45 5.69541e-50
0.35 2.5 1.56336e-49
0.35 2.55 4.20638e-49
0.35 2.6 1.10937e-48
0.35 2.65 2.86787e-48
0.35 2.7 7.2671e-48
0.35 2.75 1.80501e-47
0.35 2.8 4.39456e-47
0.35 2.85 1.04874e-46
0.35 2.9 2.45322e-46
0.35 2.95 5.62499e-46
0.35 3 1.26423e-45
0.35 3.05 2.78512e-45
0.35 3.1 6.01422e-45
0.35 3.15 1.27301e-44
0.35 3.2 2.64119e-44
0.35 3.25 5.37137e-44
0.35 3.3 1.07075e-43
0.35 3.35 2.09221e-43
0.35 3.4 4.00718e-43
0.35 3.45 7.52297e-43
0.35 3.5 1.38438e-42
0.35 3.55 2.49712e-42
0.35 3.6 4.41508e-42
0.35 3.65 7.65162e-42
0.35 3.7 1.29982e-41
0.35 3.75 2.16437e-41
0.35 3.8 3.53261e-41
0.35 3.85 5.65165e-41
0.35 3.9 8.86279e-41
0.35 3.95 1.36233e-40
0.35 4 2.05262e-40
0.35 4.05 3.03146e-40
0.35 4.1 4.38845e-40
0.35 4.15 6.2271e-40
0.35 4.2 8.66117e-40
0.35 4.25 1.18082e-39
0.35 4.3 1.57799e-39
0.35 4.35 2.06702e-39
0.35 4.4 2.65398e-39
0.35 4.45 3.34016e-39
0.35 4.5 4.12052e-39
0.35 4.55 4.98257e-39
0.35 4.6 5.90569e-39
0.35 4.65 6.86124e-39
0.35 4.7 7.8136e-39
0.35 4.75 8.72197e-39
0.35 4.8 9.5432e-39
0.35 4.85 1.0235e-38
0.35 4.9 1.07597e-38
0.35 4.95 1.10873e-38
0.35 5 1.11987e-38
0.35 5.05 1.10873e-38
0.35 5.1 1.07597e-38
0.35 5.15 1.0235e-38
0.35 5.2 9.5432e-39
0.35 5.25 8.72197e-39
0.35 5.3 7.8136e-39
0.35 5.35 6.86124e-39
0.35 5.4 5.90569e-39
0.35 5.45 4.98257e-39
0.35 5.5 4.12052e-39
0.35 5.55 3.34016e-39
0.35 5.6 2.65398e-39
0.35 5.65 2.06702e-39
0.35 5.7 1.57799e-39
0.35 5.75 1.18082e-39
0.35 5.8 8.66117e-40
0.35 5.85 6.2271e-40
0.35 5.9 4.38845e-40
0.35 5.95 3.03146e-40
0.35 6 2.05262e-40
0.35 6.05 1.36233e-40
0.35 6.1 8.86279e-41
0.35 6.15 5.65165e-41
0.35 6.2 3.53261e-41
0.35 6.25 2.16437e-41
0.35 6.3 1.29982e-41
0.35 6.35 7.65162e-42
0.35 6.4 4.41508e-42
0.35 6.45 2.49712e-42
0.35 6.5 1.38438e-42
0.35 6.55 7.52297e-43
0.35 6.6 4.00718e-43
0.35 6.65 2.09221e-43
0.35 6.7 1.07075e-43
0.35 6.75 5.37137e-44
0.35 6.8 2.64119e-44
0.35 6.85 1.27301e-44
0.35 6.9 6.01422e-45
0.35 6.95 2.78512e-45
0.35 7 1.26423e-45
0.35 7.05 5.62499e-46
0.35 7.1 2.45322e-46
0.35 7.15 1.04874e-46
0.35 7.2 4.39456e-47
0.35 7.25 1.80501e-47
0.35 7.3 7.2671e-48
0.35 7.35 2.86787e-48
0.35 7.4 1.10937e-48
0.35 7.45 4.20638e-49
0.35 7.5 1.56336e-49
0.35 7.55 5.69541e-50
0.35 7.6 2.03381e-50
0.35 7.65 7.11887e-51
0.35 7.7 2.44248e-51
0.35 7.75 8.21424e-52
0.35 7.8 2.70783e-52
0.35 7.85 8.74971e-53
0.35 7.9 2.7713e-53
0.35 7.95 8.60382e-54
0.35 8 2.61828e-54
0.35 8.05 7.81017e-55
0.35 8.1 2.28361e-55
0.35 8.15 6.54488e-56
0.35 8.2 1.83865e-56
0.35 8.25 5.0631e-57
0.35 8.3 1.36663e-57
0.35 8.35 3.6158e-58
0.35 8.4 9.37728e-59
0.35 8.45 2.38379e-59
0.35 8.5 5.93988e-60
0.35 8.55 1.4508e-60
0.35 8.6 3.4734e-61
0.35 8.65 8.1512e-62
0.35 8.7 1.87503e-62
0.35 8.75 4.22779e-63
0.35 8.8 9.34413e-64
0.35 8.85 2.02434e-64
0.35 8.9 4.29882e-65
0.35 8.95 8.94816e-66
0.35 9 1.82574e-66
0.35 9.05 3.65143e-67
0.35 9.1 7.15828e-68
0.35 9.15 1.37554e-68
0.35 9.2 2.59096e-69
0.35 9.25 4.78375e-70
0.35 9.3 8.65757e-71
0.35 9.35 1.53584e-71
0.35 9.4 2.67064e-72
0.35 9.45 4.55205e-73
0.35 9.5 7.60537e-74
0.35 9.55 1.24553e-74
0.35 9.6 1.99945e-75
0.35 9.65 3.14623e-76
0.35 9.7 4.85278e-77
0.35 9.75 7.33692e-78
0.35 9.8 1.08732e-78
0.35 9.85 1.57953e-79
0.35 9.9 2.24915e-80
0.35 9.95 3.09957e-81
0.35 10 0
0.4 0 0
0.4 0.05 1.96999e-80
0.4 0.1 1.42929e-79
0.4 0.15 1.00377e-78
0.4 0.2 6.90987e-78
0.4 0.25 4.6626e-77
0.4 0.3 3.08396e-76
0.4 0.35 1.99945e-75
0.4 0.4 1.27068e-74
0.4 0.45 7.91559e-74
0.4 0.5 4.83339e-73
0.4 0.55 2.89296e-72
0.4 0.6 1.69728e-71
0.4 0.65 9.76084e-71
0.4 0.7 5.50226e-70
0.4 0.75 3.0403e-69
0.4 0.8 1.64669e-68
0.4 0.85 8.74238e-68
0.4 0.9 4.54953e-67
0.4 0.95 2.32073e-66
0.4 1 1.16039e-65
0.4 1.05 5.68723e-65
0.4 1.1 2.73224e-64
0.4 1.15 1.28664e-63
0.4 1.2 5.93902e-63
0.4 1.25 2.68715e-62
0.4 1.3 1.19176e-61
0.4 1.35 5.18091e-61
0.4 1.4 2.20771e-60
0.4 1.45 9.22138e-60
0.4 1.5 3.77546e-59
0.4 1.55 1.51517e-58
0.4 1.6 5.96039e-58
0.4 1.65 2.29829e-57
0.4 1.7 8.68668e-57
0.4 1.75 3.21826e-56
0.4 1.8 1.16871e-55
0.4 1.85 4.16017e-55
0.4 1.9 1.45156e-54
0.4 1.95 4.96449e-54
0.4 2 1.66431e-53
0.4 2.05 5.46902e-53
0.4 2.1 1.76159e-52
0.4 2.15 5.56182e-52
0.4 2.2 1.72126e-51
0.4 2.25 5.22149e-51
0.4 2.3 1.5526e-50
0.4 2.35 4.52525e-50
0.4 2.4 1.29283e-49
0.4 2.45 3.62043e-49
0.4 2.5 9.9379e-49
0.4 2.55 2.67391e-48
0.4 2.6 7.05206e-48
0.4 2.65 1.82306e-47
0.4 2.7 4.61961e-47
0.4 2.75 1.14743e-46
0.4 2.8 2.79359e-46
0.4 2.85 6.66678e-46
0.4 2.9 1.5595e-45
0.4 2.95 3.5758e-45
0.4 3 8.0367e-45
0.4 3.05 1.77051e-44
0.4 3.1 3.82327e-44
0.4 3.15 8.09261e-44
0.4 3.2 1.67903e-43
0.4 3.25 3.41464e-43
0.4 3.3 6.80688e-43
0.4 3.35 1.33005e-42
0.4 3.4 2.54743e-42
0.4 3.45 4.78249e-42
0.4 3.5 8.80079e-42
0.4 3.55 1.58747e-41
0.4 3.6 2.80676e-41
0.4 3.65 4.86432e-41
0.4 3.7 8.26332e-41
0.4 3.75 1.37595e-40
0.4 3.8 2.24578e-40
0.4 3.85 3.59292e-40
0.4 3.9 5.63435e-40
0.4 3.95 8.66075e-40
0.4 4 1.30492e-39
0.4 4.05 1.9272e-39
0.4 4.1 2.78989e-39
0.4 4.15 3.95879e-39
0.4 4.2 5.50623e-39
0.4 4.25 7.50691e-39
0.4 4.3 1.00319e-38
0.4 4.35 1.31408e-38
0.4 4.4 1.68724e-38
0.4 4.45 2.12347e-38
0.4 4.5 2.61959e-38
0.4 4.55 3.16763e-38
0.4 4.6 3.75449e-38
0.4 4.65 4.36198e-38
0.4 4.7 4.96743e-38
0.4 4.75 5.54493e-38
0.4 4.8 6.06703e-38
0.4 4.85 6.50686e-38
0.4 4.9 6.84041e-38
0.4 4.95 7.04869e-38
0.4 5 7.11952e-38
0.4 5.05 7.04869e-38
0.4 5.1 6.84041e-38
0.4 5.15 6.50686e-38
0.4 5.2 6.06703e-38
0.4 5.25 5.54493e-38
0.4 5.3 4.96743e-38
0.4 5.35 4.36198e-38
0.4 5.4 3.75449e-38
0.4 5.45 3.16763e-38
0.4 5.5 2.61959e-38
0.4 5.55 2.12347e-38
0.4 5.6 1.68724e-38
0.4 5.65 1.31408e-38
0.4 5.7 1.00319e-38
0.4 5.75 7.50691e-39
0.4 5.8 5.50623e-39
0.4 5.85 3.95879e-39
0.4 5.9 2.78989e-39
0.4 5.95 1.9272e-39
0.4 6 1.30492e-39
0.4 6.05 8.66075e-40
0.4 6.1 5.63435e-40
0.4 6.15 3.59292e-40
0.4 6.2 2.24578e-40
0.4 6.25 1.37595e-40
0.4 6.3 8.26332e-41
0.4 6.35 4.86432e-41
0.4 6.4 2.80676e-41
0.4 6.45 1.58747e-41
0.4 6.5 8.80079e-42
0.4 6.55 4.78249e-42
0.4 6.6 2.54743e-42
0.4 6.65 1.33005e-42
0.4 6.7 6.80688e-43
0.4 6.75 3.41464e-43
0.4 6.8 1.67903e-43
0.4 6.85 8.09261e-44
0.4 6.9 3.82327e-44
0.4 6.95 1.77051e-44
0.4 7 8.0367e-45
0.4 7.05 3.5758e-45
0.4 7.1 1.5595e-45
0.4 7.15 6.66678e-46
0.4 7.2 2.79359e-46
0.4 7.25 1.14743e-46
0.4 7.3 4.61961e-47
0.4 7.35 1.82306e-47
0.4 7.4 7.05206e-48
0.4 7.45 2.67391e-48
0.4 7.5 9.9379e-49
0.4 7.55 3.62043e-49
0.4 7.6 1.29283e-49
0.4 7.65 4.52525e-50
0.4 7.7 1.5526e-50
0.4 7.75 5.22149e-51
0.4 7.8 1.72126e-51
0.4 7.85 5.56182e-52
0.4 7.9 1.76159e-52
0.4 7.95 5.46902e-53
0.4 8 1.66431e-53
0.4 8.05 4.96449e-54
0.4 8.1 1.45156e-54
0.4 8.15 4.16017e-55
0.4 8.2 1.16871e-55
0.4 8.25 3.21826e-56
0.4 8.3 8.68668e-57
0.4 8.35 2.29829e-57
0.4 8.4 5.96039e-58
0.4 8.45 1.51517e-58
0.4 8.5 3.77546e-59
0.4 8.55 9.22138e-60
0.4 8.6 2.20771e-60
0.4 8.65 5.18091e-61
0.4 8.7 1.19176e-61
0.4 8.75 2.68715e-62
0.4 8.8 5.93902e-63
0.4 8.85 1.28664e-63
0.4 8.9 2.73224e-64
0.4 8.95 5.68723e-65
0.4 9 1.16039e-65
0.4 9.05 2.32073e-66
0.4 9.1 4.54953e-67
0.4 9.15 8.74238e-68
0.4 9.2 1.64669e-68
0.4 9.25 3.0403e-69
0.4 9.3 5.50226e-70
0.4 9.35 9.76084e-71
0.4 9.4 1.69728e-71
0.4 9.45 2.89296e-72
0.4 9.5 4.83339e-73
0.4 9.55 7.91559e-74
0.4 9.6 1.27068e-74
0.4 9.65 1.99945e-75
0.4 9.7 3.08396e-76
0.4 9.75 4.6626e-77
0.4 9.8 6.90987e-78
0.4 9.85 1.00377e-78
0.4 9.9 1.42929e-79
0.4 9.95 1.96999e-80
0.4 10 0
0.45 0 0
0.45 0.05 1.22729e-79
0.45 0.1 8.90322e-79
0.45 0.15 6.25264e-78
0.45 0.2 4.3043e-77
0.45 0.25 2.90445e-76
0.45 0.3 1.92109e-75
0.45 0.35 1.24553e-74
0.45 0.4 7.91559e-74
0.45 0.45 4.93098e-73
0.45 0.5 3.01097e-72
0.45 0.55 1.80219e-71
0.45 0.6 1.05734e-70
0.45 0.65 6.08066e-70
0.45 0.7 3.42774e-69
0.45 0.75 1.89403e-68
0.45 0.8 1.02586e-67
0.45 0.85 5.44636e-67
0.45 0.9 2.8343e-66
0.45 0.95 1.4458e-65
0.45 1 7.22917e-65
0.45 1.05 3.54315e-64
0.45 1.1 1.7022e-63
0.45 1.15 8.01589e-63
0.45 1.2 3.70009e-62
0.45 1.25 1.67414e-61
0.45 1.3 7.42493e-61
0.45 1.35 3.22783e-60
0.45 1.4 1.37546e-59
0.45 1.45 5.74522e-59
0.45 1.5 2.35225e-58
0.45 1.55 9.44015e-58
0.45 1.6 3.71358e-57
0.45 1.65 1.43194e-56
0.45 1.7 5.41224e-56
0.45 1.75 2.00515e-55
0.45 1.8 7.28174e-55
0.45 1.85 2.59204e-54
0.45 1.9 9.04413e-54
0.45 1.95 3.09321e-53
0.45 2 1.03698e-52
0.45 2.05 3.40761e-52
0.45 2.1 1.0976e-51
0.45 2.15 3.46546e-51
0.45 2.2 1.07249e-50
0.45 2.25 3.25344e-50
0.45 2.3 9.67407e-50
0.45 2.35 2.81964e-49
0.45 2.4 8.05557e-49
0.45 2.45 2.25588e-48
0.45 2.5 6.1923e-48
0.45 2.55 1.66612e-47
0.45 2.6 4.39417e-47
0.45 2.65 1.13596e-46
0.45 2.7 2.87852e-46
0.45 2.75 7.14975e-46
0.45 2.8 1.74072e-45
0.45 2.85 4.15418e-45
0.45 2.9 9.71755e-45
0.45 2.95 2.22816e-44
0.45 3 5.00785e-44
0.45 3.05 1.10325e-43
0.45 3.1 2.38238e-43
0.45 3.15 5.04274e-43
0.45 3.2 1.04626e-42
0.45 3.25 2.12777e-42
0.45 3.3 4.2416e-42
0.45 3.35 8.288e-42
0.45 3.4 1.5874e-41
0.45 3.45 2.98016e-41
0.45 3.5 5.48413e-41
0.45 3.55 9.8922e-41
0.45 3.6 1.74902e-40
0.45 3.65 3.03118e-40
0.45 3.7 5.14926e-40
0.45 3.75 8.5742e-40
0.45 3.8 1.39945e-39
0.45 3.85 2.23893e-39
0.45 3.9 3.51105e-39
0.45 3.95 5.39697e-39
0.45 4 8.13165e-39
0.45 4.05 1.20095e-38
0.45 4.1 1.73854e-38
0.45 4.15 2.46695e-38
0.45 4.2 3.43124e-38
0.45 4.25 4.67799e-38
0.45 4.3 6.25147e-38
0.45 4.35 8.18882e-38
0.45 4.4 1.05142e-37
0.45 4.45 1.32326e-37
0.45 4.5 1.63242e-37
0.45 4.55 1.97394e-37
0.45 4.6 2.33966e-37
0.45 4.65 2.71822e-37
0.45 4.7 3.09552e-37
0.45 4.75 3.45539e-37
0.45 4.8 3.78075e-37
0.45 4.85 4.05483e-37
0.45 4.9 4.26269e-37
0.45 4.95 4.39249e-37
0.45 5 4.43663e-37
0.45 5.05 4.39249e-37
0.45 5.1 4.26269e-37
0.45 5.15 4.05483e-37
0.45 5.2 3.78075e-37
0.45 5.25 3.45539e-37
0.45 5.3 3.09552e-37
0.45 5.35 2.71822e-37
0.45 5.4 2.33966e-37
0.45 5.45 1.97394e-37
0.45 5.5 1.63242e-37
0.45 5.55 1.32326e-37
0.45 5.6 1.05142e-37
0.45 5.65 8.18882e-38
0.45 5.7 6.25147e-38
0.45 5.75 4.67799e-38
0.45 5.8 3.43124e-38
0.45 5.85 2.46695e-38
0.45 5.9 1.73854e-38
0.45 5.95 1.20095e-38
0.45 6 8.13165e-39
0.45 6.05 5.39697e-39
0.45 6.1 3.51105e-39
0.45 6.15 2.23893e-39
0.45 6.2 1.39945e-39
0.45 6.25 8.5742e-40
0.45 6.3 5.14926e-40
0.45 6.35 3.03118e-40
0.45 6.4 1.74902e-40
0.45 6.45 9.8922e-41
0.45 6.5 5.48413e-41
0.45 6.55 2.98016e-41
0.45 6.6 1.5874e-41
0.45 6.65 8.288e-42
0.45 6.7 4.2416e-42
0.45 6.75 2.12777e-42
0.45 6.8 1.04626e-42
0.45 6.85 5.04274e-43
0.45 6.9 2.38238e-43
0.45 6.95 1.10325e-43
0.45 7 5.00785e-44
0.45 7.05 2.22816e-44
0.45 7.1 9.71755e-45
0.45 7.15 4.15418e-45
0.45 7.2 1.74072e-45
0.45 7.25 7.14975e-46
0.45 7.3 2.87852e-46
0.45 7.35 1.13596e-46
0.45 7.4 4.39417e-47
0.45 7.45 1.66612e-47
0.45 7.5 6.1923e-48
0.45 7.55 2.25588e-48
0.45 7.6 8.05557e-49
0.45 7.65 2.81964e-49
0.45 7.7 9.67407e-50
0.45 7.75 3.25344e-50
0.45 7.8 1.07249e-50
0.45 7.85 3.46546e-51
0.45 7.9 1.0976e-51
0.45 7.95 3.40761e-52
0.45 8 1.03698e-52
0.45 8.05 3.09321e-53
0.45 8.1 9.04413e-54
0.45 8.15 2.59204e-54
0.45 8.2 7.28174e-55
0.45 8.25 2.00515e-55
0.45 8.3 5.41224e-56
0.45 8.35 1.43194e-56
0.45 8.4 3.71358e-57
0.45 8.45 9.44015e-58
0.45 8.5 2.35225e-58
0.45 8.55 5.74522e-59
0.45 8.6 1.37546e-59
0.45 8.65 3.22783e-60
0.45 8.7 7.42493e-61
0.45 8.75 1.67414e-61
0.45 8.8 3.70009e-62
0.45 8.85 8.01589e-63
0.45 8.9 1.7022e-63
0.45 8.95 3.54315e-64
0.45 9 7.22917e-65
0.45 9.05 1.4458e-65
0.45 9.1 2.8343e-66
0.45 9.15 5.44636e-67
0.45 9.2 1.02586e-67
0.45 9.25 1.89403e-68
0.45 9.3 3.42774e-69
0.45 9.35 6.08066e-70
0.45 9.4 1.05734e-70
0.45 9.45 1.80219e-71
0.45 9.5 3.01097e-72
0.45 9.55 4.93098e-73
0.45 9.6 7.91559e-74
0.45 9.65 1.24553e-74
0.45 9.7 1.92109e-75
0.45 9.75 2.90445e-76
0.45 9.8 4.3043e-77
0.45 9.85 6.25264e-78
0.45 9.9 8.90322e-79
0.45 9.95 1.22729e-79
0.45 10 0
0.5 0 0
0.5 0.05 7.49463e-79
0.5 0.1 5.43619e-78
0.5 0.15 3.81781e-77
0.5 0.2 2.62819e-76
0.5 0.25 1.77346e-75
0.5 0.3 1.17303e-74
0.5 0.35 7.60537e-74
0.5 0.4 4.83339e-73
0.5 0.45 3.01097e-72
0.5 0.5 1.83857e-71
0.5 0.55 1.10047e-70
0.5 0.6 6.45649e-70
0.5 0.65 3.7131e-69
0.5 0.7 2.09313e-68
0.5 0.75 1.15659e-67
0.5 0.8 6.26442e-67
0.5 0.85 3.32586e-66
0.5 0.9 1.7308e-65
0.5 0.95 8.82899e-65
0.5 1 4.41464e-64
0.5 1.05 2.16371e-63
0.5 1.1 1.0395e-62
0.5 1.15 4.89516e-62
0.5 1.2 2.25959e-61
0.5 1.25 1.02238e-60
0.5 1.3 4.53436e-60
0.5 1.35 1.97123e-59
0.5 1.4 8.39999e-59
0.5 1.45 3.50864e-58
0.5 1.5 1.43654e-57
0.5 1.55 5.76522e-57
0.5 1.6 2.26794e-56
0.5 1.65 8.74516e-56
0.5 1.7 3.30538e-55
0.5 1.75 1.2246e-54
0.5 1.8 4.44718e-54
0.5 1.85 1.58304e-53
0.5 1.9 5.52358e-53
0.5 1.95 1.88915e-52
0.5 2 6.33328e-52
0.5 2.05 2.08118e-51
0.5 2.1 6.7036e-51
0.5 2.15 2.11653e-50
0.5 2.2 6.55026e-50
0.5 2.25 1.98706e-49
0.5 2.3 5.90853e-49
0.5 2.35 1.72213e-48
0.5 2.4 4.92006e-48
0.5 2.45 1.37782e-47
0.5 2.5 3.78207e-47
0.5 2.55 1.01762e-46
0.5 2.6 2.68385e-46
0.5 2.65 6.93821e-46
0.5 2.7 1.75814e-45
0.5 2.75 4.36694e-45
0.5 2.8 1.06321e-44
0.5 2.85 2.53731e-44
0.5 2.9 5.93537e-44
0.5 2.95 1.36094e-43
0.5 3 3.05876e-43
0.5 3.05 6.73858e-43
0.5 3.1 1.45515e-42
0.5 3.15 3.0801e-42
0.5 3.2 6.39053e-42
0.5 3.25 1.29965e-41
0.5 3.3 2.59078e-41
0.5 3.35 5.06235e-41
0.5 3.4 9.69594e-41
0.5 3.45 1.8203e-40
0.5 3.5 3.34976e-40
0.5 3.55 6.04227e-40
0.5 3.6 1.06832e-39
0.5 3.65 1.85149e-39
0.5 3.7 3.14525e-39
0.5 3.75 5.23727e-39
0.5 3.8 8.54812e-39
0.5 3.85 1.36758e-38
0.5 3.9 2.14462e-38
0.5 3.95 3.29658e-38
0.5 4 4.96699e-38
0.5 4.05 7.33565e-38
0.5 4.1 1.06194e-37
0.5 4.15 1.50687e-37
0.5 4.2 2.09589e-37
0.5 4.25 2.85744e-37
0.5 4.3 3.81857e-37
0.5 4.35 5.00196e-37
0.5 4.4 6.42237e-37
0.5 4.45 8.08289e-37
0.5 4.5 9.97133e-37
0.5 4.55 1.20574e-36
0.5 4.6 1.42913e-36
0.5 4.65 1.66037e-36
0.5 4.7 1.89084e-36
0.5 4.75 2.11066e-36
0.5 4.8 2.3094e-36
0.5 4.85 2.47682e-36
0.5 4.9 2.60379e-36
0.5 4.95 2.68307e-36
0.5 5 2.71003e-36
0.5 5.05 2.68307e-36
0.5 5.1 2.60379e-36
0.5 5.15 2.47682e-36
0.5 5.2 2.3094e-36
0.5 5.25 2.11066e-36
0.5 5.3 1.89084e-36
0.5 5.35 1.66037e-36
0.5 5.4 1.42913e-36
0.5 5.45 1.20574e-36
0.5 5.5 9.97133e-37
0.5 5.55 8.08289e-37
0.5 5.6 6.42237e-37
0.5 5.65 5.00196e-37
0.5 5.7 3.81857e-37
0.5 5.75 2.85744e-37
0.5 5.8 2.09589e-37
0.5 5.85 1.50687e-37
0.5 5.9 1.06194e-37
0.5 5.95 7.33565e-38
0.5 6 4.96699e-38
0.5 6.05 3.29658e-38
0.5 6.1 2.14462e-38
0.5 6.15 1.36758e-38
0.5 6.2 8.54812e-39
0.5 6.25 5.23727e-39
0.5 6.3 3.14525e-39
0.5 6.35 1.85149e-39
0.5 6.4 1.06832e-39
0.5 6.45 6.04227e-40
0.5 6.5 3.34976e-40
0.5 6.55 1.8203e-40
0.5 6.6 9.69594e-41
0.5 6.65 5.06235e-41
0.5 6.7 2.59078e-41
0.5 6.75 1.29965e-41
0.5 6.8 6.39053e-42
0.5 6.85 3.0801e-42
0.5 6.9 1.45515e-42
0.5 6.95 6.73858e-43
0.5 7 3.05876e-43
0.5 7.05 1.36094e-43
0.5 7.1 5.93537e-44
0.5 7.15 2.53731e-44
0.5 7.2 1.06321e-44
0.5 7.25 4.36694e-45
0.5 7.3 1.75814e-45
0.5 7.35 6.93821e-46
0.5 7.4 2.68385e-46
0.5 7.45 1.01762e-46
0.5 7.5 3.78207e-47
0.5 7.55 1.37782e-47
0.5 7.6 4.92006e-48
0.5 7.65 1.72213e-48
0.5 7.7 5.90853e-49
0.5 7.75 1.98706e-49
0.5 7.8 6.55026e-50
0.5 7.85 2.11653e-50
0.5 7.9 6.7036e-51
0.5 7.95 2.08118e-51
0.5 8 6.33328e-52
0.5 8.05 1.88915e-52
0.5 8.1 5.52358e-53
0.5 8.15 1.58304e-53
0.5 8.2 4.44718e-54
0.5 8.25 1.2246e-54
0.5 8.3 3.30538e-55
0.5 8.35 8.74516e-56
0.5 8.4 2.26794e-56
0.5 8.45 5.76522e-57
0.5 8.5 1.43654e-57
0.5 8.55 3.50864e-58
0.5 8.6 8.39999e-59
0.5 8.65 1.97123e-59
0.5 8.7 4.53436e-60
0.5 8.75 1.02238e-60
0.5 8.8 2.25959e-61
0.5 8.85 4.89516e-62
0.5 8.9 1.0395e-62
0.5 8.95 2.16371e-63
0.5 9 4.41464e-64
0.5 9.05 8.82899e-65
0.5 9.1 1.7308e-65
0.5 9.15 3.32586e-66
0.5 9.2 6.26442e-67
0.5 9.25 1.15659e-67
0.5 9.3 2.09313e-68
0.5 9.35 3.7131e-69
0.5 9.4 6.45649e-70
0.5 9.45 1.10047e-70
0.5 9.5 1.83857e-71
0.5 9.55 3.01097e-72
0.5 9.6 4.83339e-73
0.5 9.65 7.60537e-74
0.5 9.7 1.17303e-74
0.5 9.75 1.77346e-75
0.5 9.8 2.62819e-76
0.5 9.85 3.81781e-77
0.5 9.9 5.43619e-78
0.5 9.95 7.49463e-79
0.5 10 0
0.55 0 0
0.55 0.05 4.48617e-78
0.55 0.1 3.2536e-77
0.55 0.15 2.28501e-76
0.55 0.2 1.57302e-75
0.55 0.25 1.06146e-74
0.55 0.3 7.02091e-74
0.55 0.35 4.55205e-73
0.55 0.4 2.89296e-72
0.55 0.45 1.80219e-71
0.55 0.5 1.10047e-70
0.55 0.55 6.58686e-70
0.55 0.6 3.86456e-69
0.55 0.65 2.22251e-68
0.55 0.7 1.25287e-67
0.55 0.75 6.92296e-67
0.55 0.8 3.74971e-66
0.55 0.85 1.99078e-65
0.55 0.9 1.03602e-64
0.55 0.95 5.2849e-64
0.55 1 2.64255e-63
0.55 1.05 1.29518e-62
0.55 1.1 6.22239e-62
0.55 1.15 2.93024e-61
0.55 1.2 1.3526e-60
0.55 1.25 6.12006e-60
0.55 1.3 2.71432e-59
0.55 1.35 1.18001e-58
0.55 1.4 5.02839e-58
0.55 1.45 2.10035e-57
0.55 1.5 8.5995e-57
0.55 1.55 3.45123e-56
0.55 1.6 1.35766e-55
0.55 1.65 5.23516e-55
0.55 1.7 1.97873e-54
0.55 1.75 7.33096e-54
0.55 1.8 2.66228e-53
0.55 1.85 9.47688e-53
0.55 1.9 3.3067e-52
0.55 1.95 1.13095e-51
0.55 2 3.79146e-51
0.55 2.05 1.24592e-50
0.55 2.1 4.0132e-50
0.55 2.15 1.2671e-49
0.55 2.2 3.92144e-49
0.55 2.25 1.1896e-48
0.55 2.3 3.53729e-48
0.55 2.35 1.031e-47
0.55 2.4 2.94554e-47
0.55 2.45 8.24874e-47
0.55 2.5 2.26427e-46
0.55 2.55 6.09235e-46
0.55 2.6 1.60679e-45
0.55 2.65 4.15385e-45
0.55 2.7 1.05259e-44
0.55 2.75 2.61447e-44
0.55 2.8 6.36539e-44
0.55 2.85 1.51909e-43
0.55 2.9 3.55352e-43
0.55 2.95 8.14799e-43
0.55 3 1.8313e-42
0.55 3.05 4.03444e-42
0.55 3.1 8.71213e-42
0.55 3.15 1.84409e-41
0.55 3.2 3.8261e-41
0.55 3.25 7.78119e-41
0.55 3.3 1.55115e-40
0.55 3.35 3.03092e-40
0.55 3.4 5.80516e-40
0.55 3.45 1.08986e-39
0.55 3.5 2.00558e-39
0.55 3.55 3.61765e-39
0.55 3.6 6.39632e-39
0.55 3.65 1.10853e-38
0.55 3.7 1.88315e-38
0.55 3.75 3.13571e-38
0.55 3.8 5.11802e-38
0.55 3.85 8.18814e-38
0.55 3.9 1.28405e-37
0.55 3.95 1.97378e-37
0.55 4 2.97391e-37
0.55 4.05 4.39212e-37
0.55 4.1 6.35822e-37
0.55 4.15 9.02221e-37
0.55 4.2 1.25489e-36
0.55 4.25 1.71086e-36
0.55 4.3 2.28633e-36
0.55 4.35 2.99488e-36
0.55 4.4 3.84534e-36
0.55 4.45 4.83956e-36
0.55 4.5 5.97025e-36
0.55 4.55 7.2193e-36
0.55 4.6 8.55683e-36
0.55 4.65 9.94138e-36
0.55 4.7 1.13213e-35
0.55 4.75 1.26375e-35
0.55 4.8 1.38274e-35
0.55 4.85 1.48298e-35
0.55 4.9 1.559e-35
0.55 4.95 1.60647e-35
0.55 5 1.62262e-35
0.55 5.05 1.60647e-35
0.55 5.1 1.559e-35
0.55 5.15 1.48298e-35
0.55 5.2 1.38274e-35
0.55 5.25 1.26375e-35
0.55 5.3 1.13213e-35
0.55 5.35 9.94138e-36
0.55 5.4 8.55683e-36
0.55 5.45 7.2193e-36
0.55 5.5 5.97025e-36
0.55 5.55 4.83956e-36
0.55 5.6 3.84534e-36
0.55 5.65 2.99488e-36
0.55 5.7 2.28633e-36
0.55 5.75 1.71086e-36
0.55 5.8 1.25489e-36
0.55 5.85 9.02221e-37
0.55 5.9 6.35822e-37
0.55 5.95 4.39212e-37
0.55 6 2.97391e-37
0.55 6.05 1.97378e-37
0.55 6.1 1.28405e-37
0.55 6.15 8.18814e-38
0.55 6.2 5.11802e-38
0.55 6.25 3.13571e-38
0.55 6.3 1.88315e-38
0.55 6.35 1.10853e-38
0.55 6.4 6.39632e-39
0.55 6.45 3.61765e-39
0.55 6.5 2.00558e-39
0.55 6.55 1.08986e-39
0.55 6.6 5.80516e-40
0.55 6.65 3.03092e-40
0.55 6.7 1.55115e-40
0.55 6.75 7.78119e-41
0.55 6.8 3.8261e-41
0.55 6.85 1.84409e-41
0.55 6.9 8.71213e-42
0.55 6.95 4.03444e-42
0.55 7 1.8313e-42
0.55 7.05 8.14799e-43
0.55 7.1 3.55352e-43
0.55 7.15 1.51909e-43
0.55 7.2 6.36539e-44
0.55 7.25 2.61447e-44
0.55 7.3 1.05259e-44
0.55 7.35 4.15385e-45
0.55 7.4 1.60679e-45
0.55 7.45 6.09235e-46
0.55 7.5 2.26427e-46
0.55 7.55 8.24874e-47
0.55 7.6 2.94554e-47
0.55 7.65 1.031e-47
0.55 7.7 3.53729e-48
0.55 7.75 1.1896e-48
0.55 7.8 3.92144e-49
0.55 7.85 1.2671e-49
0.55 7.9 4.0132e-50
0.55 7.95 1.24592e-50
0.55 8 3.79146e-51
0.55 8.05 1.13095e-51
0.55 8.1 3.3067e-52
0.55 8.15 9.47688e-53
0.55 8.2 2.66228e-53
0.55 8.25 7.33096e-54
0.55 8.3 1.97873e-54
0.55 8.35 5.23516e-55
0.55 8.4 1.35766e-55
0.55 8.45 3.45123e-56
0.55 8.5 8.5995e-57
0.55 8.55 2.10035e-57
0.55 8.6 5.02839e-58
0.55 8.65 1.18001e-58
0.55 8.7 2.71432e-59
0.55 8.75 6.12006e-60
0.55 8.8 1.3526e-60
0.55 8.85 2.93024e-61
0.55 8.9 6.22239e-62
0.55 8.95 1.29518e-62
0.55 9 2.64255e-63
0.55 9.05 5.2849e-64
0.55 9.1 1.03602e-64
0.55 9.15 1.99078e-65
0.55 9.2 3.74971e-66
0.55 9.25 6.92296e-67
0.55 9.3 1.25287e-67
0.55 9.35 2.22251e-68
0.55 9.4 3.86456e-69
0.55 9.45 6.58686e-70
0.55 9.5 1.10047e-70
0.55 9.55 1.80219e-71
0.55 9.6 2.89296e-72
0.55 9.65 4.55205e-73
0.55 9.7 7.02091e-74
0.55 9.75 1.06146e-74
0.55 9.8 1.57302e-75
0.55 9.85 2.28501e-76
0.55 9.9 3.2536e-77
0.55 9.95 4.48617e-78
0.55 10 0
0.6 0 0
0.6 0.05 2.63222e-77
0.6 0.1 1.90878e-76
0.6 0.15 1.34055e-75
0.6 0.2 9.22851e-75
0.6 0.25 6.22736e-74
0.6 0.3 4.11907e-73
0.6 0.35 2.67064e-72
0.6 0.4 1.69728e-71
0.6 0.45 1.05734e-70
0.6 0.5 6.45649e-70
0.6 0.55 3.86456e-69
0.6 0.6 2.26738e-68
0.6 0.65 1.30398e-67
0.6 0.7 7.35086e-67
0.6 0.75 4.06187e-66
0.6 0.8 2.20006e-65
0.6 0.85 1.16806e-64
0.6 0.9 6.07873e-64
0.6 0.95 3.10086e-63
0.6 1 1.5505e-62
0.6 1.05 7.59945e-62
0.6 1.1 3.651e-61
0.6 1.15 1.71934e-60
0.6 1.2 7.93652e-60
0.6 1.25 3.59103e-59
0.6 1.3 1.59267e-58
0.6 1.35 6.92395e-58
0.6 1.4 2.95053e-57
0.6 1.45 1.23244e-56
0.6 1.5 5.04602e-56
0.6 1.55 2.02513e-55
0.6 1.6 7.96661e-55
0.6 1.65 3.07195e-54
0.6 1.7 1.16111e-53
0.6 1.75 4.30179e-53
0.6 1.8 1.56223e-52
0.6 1.85 5.56106e-52
0.6 1.9 1.94039e-51
0.6 1.95 6.63649e-51
0.6 2 2.22488e-50
0.6 2.05 7.31124e-50
0.6 2.1 2.35502e-49
0.6 2.15 7.43558e-49
0.6 2.2 2.30119e-48
0.6 2.25 6.98085e-48
0.6 2.3 2.07578e-47
0.6 2.35 6.05023e-47
0.6 2.4 1.72854e-46
0.6 2.45 4.84065e-46
0.6 2.5 1.32876e-45
0.6 2.55 3.57524e-45
0.6 2.6 9.42933e-45
0.6 2.65 2.43766e-44
0.6 2.7 6.17708e-44
0.6 2.75 1.5343e-43
0.6 2.8 3.73554e-43
0.6 2.85 8.91483e-43
0.6 2.9 2.0854e-42
0.6 2.95 4.78171e-42
0.6 3 1.07471e-41
0.6 3.05 2.36766e-41
0.6 3.1 5.11283e-41
0.6 3.15 1.08223e-40
0.6 3.2 2.24541e-40
0.6 3.25 4.56653e-40
0.6 3.3 9.1032e-40
0.6 3.35 1.77876e-39
0.6 3.4 3.40689e-39
0.6 3.45 6.39608e-39
0.6 3.5 1.17703e-38
0.6 3.55 2.12312e-38
0.6 3.6 3.75386e-38
0.6 3.65 6.50576e-38
0.6 3.7 1.10518e-37
0.6 3.75 1.84029e-37
0.6 3.8 3.00368e-37
0.6 3.85 4.80548e-37
0.6 3.9 7.53592e-37
0.6 3.95 1.15838e-36
0.6 4 1.74535e-36
0.6 4.05 2.57768e-36
0.6 4.1 3.73157e-36
0.6 4.15 5.29504e-36
0.6 4.2 7.36483e-36
0.6 4.25 1.00409e-35
0.6 4.3 1.34183e-35
0.6 4.35 1.75767e-35
0.6 4.4 2.2568e-35
0.6 4.45 2.84031e-35
0.6 4.5 3.5039e-35
0.6 4.55 4.23697e-35
0.6 4.6 5.02196e-35
0.6 4.65 5.83454e-35
0.6 4.7 6.64441e-35
0.6 4.75 7.41688e-35
0.6 4.8 8.11524e-35
0.6 4.85 8.70356e-35
0.6 4.9 9.14973e-35
0.6 4.95 9.42834e-35
0.6 5 9.52308e-35
0.6 5.05 9.42834e-35
0.6 5.1 9.14973e-35
0.6 5.15 8.70356e-35
0.6 5.2 8.11524e-35
0.6 5.25 7.41688e-35
0.6 5.3 6.64441e-35
0.6 5.35 5.83454e-35
0.6 5.4 5.02196e-35
0.6 5.45 4.23697e-35
0.6 5.5 3.5039e-35
0.6 5.55 2.84031e-35
0.6 5.6 2.2568e-35
0.6 5.65 1.75767e-35
0.6 5.7 1.34183e-35
0.6 5.75 1.00409e-35
0.6 5.8 7.36483e-36
0.6 5.85 5.29504e-36
0.6 5.9 3.73157e-36
0.6 5.95 2.57768e-36
0.6 6 1.74535e-36
0.6 6.05 1.15838e-36
0.6 6.1 7.53592e-37
0.6 6.15 4.80548e-37
0.6 6.2 3.00368e-37
0.6 6.25 1.84029e-37
0.6 6.3 1.10518e-37
0.6 6.35 6.50576e-38
0.6 6.4 3.75386e-38
0.6 6.45 2.12312e-38
0.6 6.5 1.17703e-38
0.6 6.55 6.39608e-39
0.6 6.6 3.40689e-39
0.6 6.65 1.77876e-39
0.6 6.7 9.1032e-40
0.6 6.75 4.56653e-40
0.6 6.8 2.24541e-40
0.6 6.85 1.08223e-40
0.6 6.9 5.11283e-41
0.6 6.95 2.36766e-41
0.6 7 1.07471e-41
0.6 7.05 4.78171e-42
0.6 7.1 2.0854e-42
0.6 7.15 8.91483e-43
0.6 7.2 3.73554e-43
0.6 7.25 1.5343e-43
0.6 7.3 6.17708e-44
0.6 7.35 2.43766e-44
0.6 7.4 9.42933e-45
0.6 7.45 3.57524e-45
0.6 7.5 1.32876e-45
0.6 7.55 4.84065e-46
0.6 7.6 1.72854e-46
0.6 7.65 6.05023e-47
0.6 7.7 2.07578e-47
0.6 7.75 6.98085e-48
0.6 7.8 2.30119e-48
0.6 7.85 7.43558e-49
0.6 7.9 2.35502e-49
0.6 7.95 7.31124e-50
0.6 8 2.22488e-50
0.6 8.05 6.63649e-51
0.6 8.1 1.94039e-51
0.6 8.15 5.56106e-52
0.6 8.2 1.56223e-52
0.6 8.25 4.30179e-53
0.6 8.3 1.16111e-53
0.6 8.35 3.07195e-54
0.6 8.4 7.96661e-55
0.6 8.45 2.02513e-55
0.6 8.5 5.04602e-56
0.6 8.55 1.23244e-56
0.6 8.6 2.95053e-57
0.6 8.65 6.92395e-58
0.6 8.7 1.59267e-58
0.6 8.75 3.59103e-59
0.6 8.8 7.93652e-60
0.6 8.85 1.71934e-60
0.6 8.9 3.651e-61
0.6 8.95 7.59945e-62
0.6 9 1.5505e-62
0.6 9.05 3.10086e-63
0.6 9.1 6.07873e-64
0.6 9.15 1.16806e-64
0.6 9.2 2.20006e-65
0.6 9.25 4.06187e-66
0.6 9.3 7.35086e-67
0.6 9.35 1.30398e-67
0.6 9.4 2.26738e-68
0.6 9.45 3.86456e-69
0.6 9.5 6.45649e-70
0.6 9.55 1.05734e-70
0.6 9.6 1.69728e-71
0.6 9.65 2.67064e-72
0.6 9.7 4.11907e-73
0.6 9.75 6.22736e-74
0.6 9.8 9.22851e-75
0.6 9.85 1.34055e-75
0.6 9.9 1.90878e-76
0.6 9.95 2.63222e-77
0.6 10 0
0.65 0 0
0.65 0.05 1.51387e-76
0.65 0.1 1.09766e-75
0.65 0.15 7.709e-75
0.65 0.2 5.30703e-74
0.65 0.25 3.58119e-73
0.65 0.3 2.36878e-72
0.65 0.35 1.53584e-71
0.65 0.4 9.76084e-71
0.65 0.45 6.08066e-70
0.65 0.5 3.7131e-69
0.65 0.55 2.22251e-68
0.65 0.6 1.30398e-67
0.65 0.65 7.49929e-67
0.65 0.7 4.22757e-66
0.65 0.75 2.33605e-65
0.65 0.8 1.2653e-64
0.65 0.85 6.71776e-64
0.65 0.9 3.49605e-63
0.65 0.95 1.7834e-62
0.65 1 8.91749e-62
0.65 1.05 4.37074e-61
0.65 1.1 2.09985e-60
0.65 1.15 9.88871e-60
0.65 1.2 4.56469e-59
0.65 1.25 2.06539e-58
0.65 1.3 9.16037e-58
0.65 1.35 3.98238e-57
0.65 1.4 1.69704e-56
0.65 1.45 7.08857e-56
0.65 1.5 2.90232e-55
0.65 1.55 1.1648e-54
0.65 1.6 4.58221e-54
0.65 1.65 1.76692e-53
0.65 1.7 6.67849e-53
0.65 1.75 2.47433e-52
0.65 1.8 8.98576e-52
0.65 1.85 3.19868e-51
0.65 1.9 1.1161e-50
0.65 1.95 3.81729e-50
0.65 2 1.27975e-49
0.65 2.05 4.20545e-49
0.65 2.1 1.35462e-48
0.65 2.15 4.27701e-48
0.65 2.2 1.32367e-47
0.65 2.25 4.01548e-47
0.65 2.3 1.19402e-46
0.65 2.35 3.4802e-46
0.65 2.4 9.94292e-46
0.65 2.45 2.78446e-45
0.65 2.5 7.64336e-45
0.65 2.55 2.05658e-44
0.65 2.6 5.42403e-44
0.65 2.65 1.40222e-43
0.65 2.7 3.55327e-43
0.65 2.75 8.82584e-43
0.65 2.8 2.14883e-42
0.65 2.85 5.12817e-42
0.65 2.9 1.19961e-41
0.65 2.95 2.75065e-41
0.65 3 6.18224e-41
0.65 3.05 1.36199e-40
0.65 3.1 2.94115e-40
0.65 3.15 6.22554e-40
0.65 3.2 1.29168e-39
0.65 3.25 2.62692e-39
0.65 3.3 5.23667e-39
0.65 3.35 1.02325e-38
0.65 3.4 1.95984e-38
0.65 3.45 3.67941e-38
0.65 3.5 6.77098e-38
0.65 3.55 1.22135e-37
0.65 3.6 2.15946e-37
0.65 3.65 3.74254e-37
0.65 3.7 6.35775e-37
0.65 3.75 1.05866e-36
0.65 3.8 1.72792e-36
0.65 3.85 2.76445e-36
0.65 3.9 4.3352e-36
0.65 3.95 6.66384e-36
0.65 4 1.00405e-35
0.65 4.05 1.48287e-35
0.65 4.1 2.14668e-35
0.65 4.15 3.04611e-35
0.65 4.2 4.23681e-35
0.65 4.25 5.77629e-35
0.65 4.3 7.71923e-35
0.65 4.35 1.01115e-34
0.65 4.4 1.29829e-34
0.65 4.45 1.63397e-34
0.65 4.5 2.01572e-34
0.65 4.55 2.43744e-34
0.65 4.6 2.88903e-34
0.65 4.65 3.3565e-34
0.65 4.7 3.8224e-34
0.65 4.75 4.26679e-34
0.65 4.8 4.66855e-34
0.65 4.85 5.007e-34
0.65 4.9 5.26367e-34
0.65 4.95 5.42395e-34
0.65 5 5.47845e-34
0.65 5.05 5.42395e-34
0.65 5.1 5.26367e-34
0.65 5.15 5.007e-34
0.65 5.2 4.66855e-34
0.65 5.25 4.26679e-34
0.65 5.3 3.8224e-34
0.65 5.35 3.3565e-34
0.65 5.4 2.88903e-34
0.65 5.45 2.43744e-34
0.65 5.5 2.01572e-34
0.65 5.55 1.63397e-34
0.65 5.6 1.29829e-34
0.65 5.65 1.01115e-34
0.65 5.7 7.71923e-35
0.65 5.75 5.77629e-35
0.65 5.8 4.23681e-35
0.65 5.85 3.04611e-35
0.65 5.9 2.14668e-35
0.65 5.95 1.48287e-35
0.65 6 1.00405e-35
0.65 6.05 6.66384e-36
0.65 6.1 4.3352e-36
0.65 6.15 2.76445e-36
0.65 6.2 1.72792e-36
0.65 6.25 1.05866e-36
0.65 6.3 6.35775e-37
0.65 6.35 3.74254e-37
0.65 6.4 2.15946e-37
0.65 6.45 1.22135e-37
0.65 6.5 6.77098e-38
0.65 6.55 3.67941e-38
0.65 6.6 1.95984e-38
0.65 6.65 1.02325e-38
0.65 6.7 5.23667e-39
0.65 6.75 2.62692e-39
0.65 6.8 1.29168e-39
0.65 6.85 6.22554e-40
0.65 6.9 2.94115e-40
0.65 6.95 1.36199e-40
0.65 7 6.18224e-41
0.65 7.05 2.75065e-41
0.65 7.1 1.19961e-41
0.65 7.15 5.12817e-42
0.65 7.2 2.14883e-42
0.65 7.25 8.82584e-43
0.65 7.3 3.55327e-43
0.65 7.35 1.40222e-43
0.65 7.4 5.42403e-44
0.65 7.45 2.05658e-44
0.65 7.5 7.64336e-45
0.65 7.55 2.78446e-45
0.65 7.6 9.94292e-46
0.65 7.65 3.4802e-46
0.65 7.7 1.19402e-46
0.65 7.75 4.01548e-47
0.65 7.8 1.32367e-47
0.65 7.85 4.27701e-48
0.65 7.9 1.35462e-48
0.65 7.95 4.20545e-49
0.65 8 1.27975e-49
0.65 8.05 3.81729e-50
0.65 8.1 1.1161e-50
0.65 8.15 3.19868e-51
0.65 8.2 8.98576e-52
0.65 8.25 2.47433e-52
0.65 8.3 6.67849e-53
0.65 8.35 1.76692e-53
0.65 8.4 4.58221e-54
0.65 8.45 1.1648e-54
0.65 8.5 2.90232e-55
0.65 8.55 7.08857e-56
0.65 8.6 1.69704e-56
0.65 8.65 3.98238e-57
0.65 8.7 9.16037e-58
0.65 8.75 2.06539e-58
0.65 8.8 4.56469e-59
0.65 8.85 9.88871e-60
0.65 8.9 2.09985e-60
0.65 8.95 4.37074e-61
0.65 9 8.91749e-62
0.65 9.05 1.7834e-62
0.65 9.1 3.49605e-63
0.65 9.15 6.71776e-64
0.65 9.2 1.2653e-64
0.65 9.25 2.33605e-65
0.65 9.3 4.22757e-66
0.65 9.35 7.49929e-67
0.65 9.4 1.30398e-67
0.65 9.45 2.22251e-68
0.65 9.5 3.7131e-69
0.65 9.55 6.08066e-70
0.65 9.6 9.76084e-71
0.65 9.65 1.53584e-71
0.65 9.7 2.36878e-72
0.65 9.75 3.58119e-73
0.65 9.8 5.30703e-74
0.65 9.85 7.709e-75
0.65 9.9 1.09766e-75
0.65 9.95 1.51387e-76
0.65 10 0
0.7 0 0
0.7 0.05 8.53449e-76
0.7 0.1 6.1873e-75
0.7 0.15 4.34546e-74
0.7 0.2 2.99152e-73
0.7 0.25 2.0187e-72
0.7 0.3 1.33528e-71
0.7 0.35 8.65757e-71
0.7 0.4 5.50226e-70
0.7 0.45 3.42774e-69
0.7 0.5 2.09313e-68
0.7 0.55 1.25287e-67
0.7 0.6 7.35086e-67
0.7 0.65 4.22757e-66
0.7 0.7 2.38322e-65
0.7 0.75 1.31691e-64
0.7 0.8 7.13299e-64
0.7 0.85 3.7871e-63
0.7 0.9 1.97089e-62
0.7 0.95 1.0054e-61
0.7 1 5.02728e-61
0.7 1.05 2.46404e-60
0.7 1.1 1.18381e-59
0.7 1.15 5.57492e-59
0.7 1.2 2.57343e-58
0.7 1.25 1.16441e-57
0.7 1.3 5.1644e-57
0.7 1.35 2.24518e-56
0.7 1.4 9.5676e-56
0.7 1.45 3.99644e-55
0.7 1.5 1.6363e-54
0.7 1.55 6.56704e-54
0.7 1.6 2.58343e-53
0.7 1.65 9.96187e-53
0.7 1.7 3.76534e-52
0.7 1.75 1.39504e-51
0.7 1.8 5.06624e-51
0.7 1.85 1.80345e-50
0.7 1.9 6.29273e-50
0.7 1.95 2.15225e-49
0.7 2 7.21546e-49
0.7 2.05 2.37112e-48
0.7 2.1 7.63766e-48
0.7 2.15 2.41149e-47
0.7 2.2 7.46323e-47
0.7 2.25 2.26405e-46
0.7 2.3 6.7323e-46
0.7 2.35 1.96226e-45
0.7 2.4 5.6062e-45
0.7 2.45 1.56999e-44
0.7 2.5 4.30965e-44
0.7 2.55 1.15959e-43
0.7 2.6 3.05833e-43
0.7 2.65 7.90642e-43
0.7 2.7 2.00352e-42
0.7 2.75 4.97648e-42
0.7 2.8 1.21163e-41
0.7 2.85 2.89155e-41
0.7 2.9 6.76411e-41
0.7 2.95 1.55098e-40
0.7 3 3.48593e-40
0.7 3.05 7.67976e-40
0.7 3.1 1.65841e-39
0.7 3.15 3.51038e-39
0.7 3.2 7.28336e-39
0.7 3.25 1.48124e-38
0.7 3.3 2.95281e-38
0.7 3.35 5.76981e-38
0.7 3.4 1.10511e-37
0.7 3.45 2.07473e-37
0.7 3.5 3.818e-37
0.7 3.55 6.88694e-37
0.7 3.6 1.21768e-36
0.7 3.65 2.11035e-36
0.7 3.7 3.58502e-36
0.7 3.75 5.9696e-36
0.7 3.8 9.7435e-36
0.7 3.85 1.55883e-35
0.7 3.9 2.44456e-35
0.7 3.95 3.75766e-35
0.7 4 5.66174e-35
0.7 4.05 8.36175e-35
0.7 4.1 1.21049e-34
0.7 4.15 1.71767e-34
0.7 4.2 2.3891e-34
0.7 4.25 3.2572e-34
0.7 4.3 4.35282e-34
0.7 4.35 5.7018e-34
0.7 4.4 7.32098e-34
0.7 4.45 9.21386e-34
0.7 4.5 1.13666e-33
0.7 4.55 1.37446e-33
0.7 4.6 1.62911e-33
0.7 4.65 1.89272e-33
0.7 4.7 2.15544e-33
0.7 4.75 2.40603e-33
0.7 4.8 2.63258e-33
0.7 4.85 2.82343e-33
0.7 4.9 2.96817e-33
0.7 4.95 3.05855e-33
0.7 5 3.08928e-33
0.7 5.05 3.05855e-33
0.7 5.1 2.96817e-33
0.7 5.15 2.82343e-33
0.7 5.2 2.63258e-33
0.7 5.25 2.40603e-33
0.7 5.3 2.15544e-33
0.7 5.35 1.89272e-33
0.7 5.4 1.62911e-33
0.7 5.45 1.37446e-33
0.7 5.5 1.13666e-33
0.7 5.55 9.21386e-34
0.7 5.6 7.32098e-34
0.7 5.65 5.7018e-34
0.7 5.7 4.35282e-34
0.7 5.75 3.2572e-34
0.7 5.8 2.3891e-34
0.7 5.85 1.71767e-34
0.7 5.9 1.21049e-34
0.7 5.95 8.36175e-35
0.7 6 5.66174e-35
0.7 6.05 3.75766e-35
0.7 6.1 2.44456e-35
0.7 6.15 1.55883e-35
0.7 6.2 9.7435e-36
0.7 6.25 5.9696e-36
0.7 6.3 3.58502e-36
0.7 6.35 2.11035e-36
0.7 6.4 1.21768e-36
0.7 6.45 6.88694e-37
0.7 6.5 3.818e-37
0.7 6.55 2.07473e-37
0.7 6.6 1.10511e-37
0.7 6.65 5.76981e-38
0.7 6.7 2.95281e-38
0.7 6.75 1.48124e-38
0.7 6.8 7.28336e-39
0.7 6.85 3.51038e-39
0.7 6.9 1.65841e-39
0.7 6.95 7.67976e-40
0.7 7 3.48593e-40
0.7 7.05 1.55098e-40
0.7 7.1 6.76411e-41
0.7 7.15 2.89155e-41
0.7 7.2 1.21163e-41
0.7 7.25 4.97648e-42
0.7 7.3 2.00352e-42
0.7 7.35 7.90642e-43
0.7 7.4 3.05833e-43
0.7 7.45 1.15959e-43
0.7 7.5 4.30965e-44
0.7 7.55 1.56999e-44
0.7 7.6 5.6062e-45
0.7 7.65 1.96226e-45
0.7 7.7 6.7323e-46
0.7 7.75 2.26405e-46
0.7 7.8 7.46323e-47
0.7 7.85 2.41149e-47
0.7 7.9 7.63766e-48
0.7 7.95 2.37112e-48
0.7 8 7.21546e-49
0.7 8.05 2.15225e-49
0.7 8.1 6.29273e-50
0.7 8.15 1.80345e-50
0.7 8.2 5.06624e-51
0.7 8.25 1.39504e-51
0.7 8.3 3.76534e-52
0.7 8.35 9.96187e-53
0.7 8.4 2.58343e-53
0.7 8.45 6.56704e-54
0.7 8.5 1.6363e-54
0.7 8.55 3.99644e-55
0.7 8.6 9.5676e-56
0.7 8.65 2.24518e-56
0.7 8.7 5.1644e-57
0.7 8.75 1.16441e-57
0.7 8.8 2.57343e-58
0.7 8.85 5.57492e-59
0.7 8.9 1.18381e-59
0.7 8.95 2.46404e-60
0.7 9 5.02728e-61
0.7 9.05 1.0054e-61
0.7 9.1 1.97089e-62
0.7 9.15 3.7871e-63
0.7 9.2 7.13299e-64
0.7 9.25 1.31691e-64
0.7 9.3 2.38322e-65
0.7 9.35 4.22757e-66
0.7 9.4 7.35086e-67
0.7 9.45 1.25287e-67
0.7 9.5 2.09313e-68
0.7 9.55 3.42774e-69
0.7 9.6 5.50226e-70
0.7 9.65 8.65757e-71
0.7 9.7 1.33528e-71
0.7 9.75 2.0187e-72
0.7 9.8 2.99152e-73
0.7 9.85 4.34546e-74
0.7 9.9 6.1873e-75
0.7 9.95 8.53449e-76
0.7 10 0
0.75 0 0
0.75 0.05 4.71613e-75
0.75 0.1 3.41867e-74
0.75 0.15 2.40101e-73
0.75 0.2 1.65293e-72
0.75 0.25 1.11542e-71
0.75 0.3 7.37805e-71
0.75 0.35 4.78375e-70
0.75 0.4 3.0403e-69
0.75 0.45 1.89403e-68
0.75 0.5 1.15659e-67
0.75 0.55 6.92296e-67
0.75 0.6 4.06187e-66
0.75 0.65 2.33605e-65
0.75 0.7 1.31691e-64
0.75 0.75 7.27703e-64
0.75 0.8 3.94159e-63
0.75 0.85 2.09271e-62
0.75 0.9 1.0891e-61
0.75 0.95 5.55579e-61
0.75 1 2.77808e-60
0.75 1.05 1.36164e-59
0.75 1.1 6.54185e-59
0.75 1.15 3.08076e-58
0.75 1.2 1.42212e-57
0.75 1.25 6.43474e-57
0.75 1.3 2.85395e-56
0.75 1.35 1.24074e-55
0.75 1.4 5.28732e-55
0.75 1.45 2.20855e-54
0.75 1.5 9.04272e-54
0.75 1.55 3.62919e-53
0.75 1.6 1.4277e-52
0.75 1.65 5.50535e-52
0.75 1.7 2.0809e-51
0.75 1.75 7.70964e-51
0.75 1.8 2.79986e-50
0.75 1.85 9.96681e-50
0.75 1.9 3.47772e-49
0.75 1.95 1.18946e-48
0.75 2 3.98771e-48
0.75 2.05 1.31043e-47
0.75 2.1 4.22108e-47
0.75 2.15 1.33275e-46
0.75 2.2 4.12472e-46
0.75 2.25 1.25128e-45
0.75 2.3 3.72078e-45
0.75 2.35 1.0845e-44
0.75 2.4 3.09844e-44
0.75 2.45 8.67706e-44
0.75 2.5 2.38188e-43
0.75 2.55 6.4089e-43
0.75 2.6 1.6903e-42
0.75 2.65 4.36981e-42
0.75 2.7 1.10733e-41
0.75 2.75 2.75048e-41
0.75 2.8 6.69662e-41
0.75 2.85 1.59816e-40
0.75 2.9 3.73853e-40
0.75 2.95 8.57231e-40
0.75 3 1.92669e-39
0.75 3.05 4.24465e-39
0.75 3.1 9.16618e-39
0.75 3.15 1.94022e-38
0.75 3.2 4.02559e-38
0.75 3.25 8.187e-38
0.75 3.3 1.63206e-37
0.75 3.35 3.18906e-37
0.75 3.4 6.1081e-37
0.75 3.45 1.14674e-36
0.75 3.5 2.11028e-36
0.75 3.55 3.80655e-36
0.75 3.6 6.73036e-36
0.75 3.65 1.16644e-35
0.75 3.7 1.98153e-35
0.75 3.75 3.29955e-35
0.75 3.8 5.38548e-35
0.75 3.85 8.61609e-35
0.75 3.9 1.35118e-34
0.75 3.95 2.07696e-34
0.75 4 3.12941e-34
0.75 4.05 4.62179e-34
0.75 4.1 6.69075e-34
0.75 4.15 9.49411e-34
0.75 4.2 1.32053e-33
0.75 4.25 1.80036e-33
0.75 4.3 2.40595e-33
0.75 4.35 3.15158e-33
0.75 4.4 4.04656e-33
0.75 4.45 5.09282e-33
0.75 4.5 6.2827e-33
0.75 4.55 7.59714e-33
0.75 4.6 9.0047e-33
0.75 4.65 1.04617e-32
0.75 4.7 1.19139e-32
0.75 4.75 1.3299e-32
0.75 4.8 1.45512e-32
0.75 4.85 1.56062e-32
0.75 4.9 1.64062e-32
0.75 4.95 1.69057e-32
0.75 5 1.70756e-32
0.75 5.05 1.69057e-32
0.75 5.1 1.64062e-32
0.75 5.15 1.56062e-32
0.75 5.2 1.45512e-32
0.75 5.25 1.3299e-32
0.75 5.3 1.19139e-32
0.75 5.35 1.04617e-32
0.75 5.4 9.0047e-33
0.75 5.45 7.59714e-33
0.75 5.5 6.2827e-33
0.75 5.55 5.09282e-33
0.75 5.6 4.04656e-33
0.75 5.65 3.15158e-33
0.75 5.7 2.40595e-33
0.75 5.75 1.80036e-33
0.75 5.8 1.32053e-33
0.75 5.85 9.49411e-34
0.75 5.9 6.69075e-34
0.75 5.95 4.62179e-34
0.75 6 3.12941e-34
0.75 6.05 2.07696e-34
0.75 6.1 1.35118e-34
0.75 6.15 8.61609e-35
0.75 6.2 5.38548e-35
0.75 6.25 3.29955e-35
0.75 6.3 1.98153e-35
0.75 6.35 1.16644e-35
0.75 6.4 6.73036e-36
0.75 6.45 3.80655e-36
0.75 6.5 2.11028e-36
0.75 6.55 1.14674e-36
0.75 6.6 6.1081e-37
0.75 6.65 3.18906e-37
0.75 6.7 1.63206e-37
0.75 6.75 8.187e-38
0.75 6.8 4.02559e-38
0.75 6.85 1.94022e-38
0.75 6.9 9.16618e-39
0.75 6.95 4.24465e-39
0.75 7 1.92669e-39
0.75 7.05 8.57231e-40
0.75 7.1 3.73853e-40
0.75 7.15 1.59816e-40
0.75 7.2 6.69662e-41
0.75 7.25 2.75048e-41
0.75 7.3 1.10733e-41
0.75 7.35 4.36981e-42
0.75 7.4 1.6903e-42
0.75 7.45 6.4089e-43
0.75 7.5 2.38188e-43
0.75 7.55 8.67706e-44
0.75 7.6 3.09844e-44
0.75 7.65 1.0845e-44
0.75 7.7 3.72078e-45
0.75 7.75 1.25128e-45
0.75 7.8 4.12472e-46
0.75 7.85 1.33275e-46
0.75 7.9 4.22108e-47
0.75 7.95 1.31043e-47
0.75 8 3.98771e-48
0.75 8.05 1.18946e-48
0.75 8.1 3.47772e-49
0.75 8.15 9.96681e-50
0.75 8.2 2.79986e-50
0.75 8.25 7.70964e-51
0.75 8.3 2.0809e-51
0.75 8.35 5.50535e-52
0.75 8.4 1.4277e-52
0.75 8.45 3.62919e-53
0.75 8.5 9.04272e-54
0.75 8.55 2.20855e-54
0.75 8.6 5.28732e-55
0.75 8.65 1.24074e-55
0.75 8.7 2.85395e-56
0.75 8.75 6.43474e-57
0.75 8.8 1.42212e-57
0.75 8.85 3.08076e-58
0.75 8.9 6.54185e-59
0.75 8.95 1.36164e-59
0.75 9 2.77808e-60
0.75 9.05 5.55579e-61
0.75 9.1 1.0891e-61
0.75 9.15 2.09271e-62
0.75 9.2 3.94159e-63
0.75 9.25 7.27703e-64
0.75 9.3 1.31691e-64
0.75 9.35 2.33605e-65
0.75 9.4 4.06187e-66
0.75 9.45 6.92296e-67
0.75 9.5 1.15659e-67
0.75 9.55 1.89403e-68
0.75 9.6 3.0403e-69
0.75 9.65 4.78375e-70
0.75 9.7 7.37805e-71
0.75 9.75 1.11542e-71
0.75 9.8 1.65293e-72
0.75 9.85 2.40101e-73
0.75 9.9 3.41867e-74
0.75 9.95 4.71613e-75
0.75 10 0
0.8 0 0
0.8 0.05 2.55455e-74
0.8 0.1 1.85154e-73
0.8 0.15 1.30039e-72
0.8 0.2 8.95236e-72
0.8 0.25 6.0412e-71
0.8 0.3 3.99605e-70
0.8 0.35 2.59096e-69
0.8 0.4 1.64669e-68
0.8 0.45 1.02586e-67
0.8 0.5 6.26442e-67
0.8 0.55 3.74971e-66
0.8 0.6 2.20006e-65
0.8 0.65 1.2653e-64
0.8 0.7 7.13299e-64
0.8 0.75 3.94159e-63
0.8 0.8 2.13497e-62
0.8 0.85 1.13353e-61
0.8 0.9 5.89921e-61
0.8 0.95 3.00936e-60
0.8 1 1.50479e-59
0.8 1.05 7.37559e-59
0.8 1.1 3.54354e-58
0.8 1.15 1.66877e-57
0.8 1.2 7.7033e-57
0.8 1.25 3.48559e-56
0.8 1.3 1.54595e-55
0.8 1.35 6.72096e-55
0.8 1.4 2.8641e-54
0.8 1.45 1.19636e-53
0.8 1.5 4.89842e-53
0.8 1.55 1.96593e-52
0.8 1.6 7.73392e-52
0.8 1.65 2.98228e-51
0.8 1.7 1.12724e-50
0.8 1.75 4.17641e-50
0.8 1.8 1.51672e-49
0.8 1.85 5.39919e-49
0.8 1.9 1.88395e-48
0.8 1.95 6.44357e-48
0.8 2 2.16024e-47
0.8 2.05 7.09897e-47
0.8 2.1 2.28669e-46
0.8 2.15 7.21996e-46
0.8 2.2 2.2345e-45
0.8 2.25 6.77866e-45
0.8 2.3 2.01569e-44
0.8 2.35 5.87519e-44
0.8 2.4 1.67856e-43
0.8 2.45 4.70076e-43
0.8 2.5 1.29038e-42
0.8 2.55 3.47202e-42
0.8 2.6 9.15725e-42
0.8 2.65 2.36736e-41
0.8 2.7 5.99902e-41
0.8 2.75 1.49009e-40
0.8 2.8 3.62796e-40
0.8 2.85 8.6582e-40
0.8 2.9 2.0254e-39
0.8 2.95 4.64418e-39
0.8 3 1.04382e-38
0.8 3.05 2.29961e-38
0.8 3.1 4.96595e-38
0.8 3.15 1.05115e-37
0.8 3.2 2.18095e-37
0.8 3.25 4.4355e-37
0.8 3.3 8.84209e-37
0.8 3.35 1.72776e-36
0.8 3.4 3.30923e-36
0.8 3.45 6.2128e-36
0.8 3.5 1.14331e-35
0.8 3.55 2.06232e-35
0.8 3.6 3.64639e-35
0.8 3.65 6.31957e-35
0.8 3.7 1.07356e-34
0.8 3.75 1.78765e-34
0.8 3.8 2.91778e-34
0.8 3.85 4.66809e-34
0.8 3.9 7.32052e-34
0.8 3.95 1.12528e-33
0.8 4 1.69548e-33
0.8 4.05 2.50405e-33
0.8 4.1 3.62499e-33
0.8 4.15 5.14384e-33
0.8 4.2 7.15457e-33
0.8 4.25 9.75427e-33
0.8 4.3 1.30353e-32
0.8 4.35 1.70751e-32
0.8 4.4 2.19241e-32
0.8 4.45 2.75927e-32
0.8 4.5 3.40395e-32
0.8 4.55 4.11611e-32
0.8 4.6 4.87872e-32
0.8 4.65 5.66814e-32
0.8 4.7 6.45492e-32
0.8 4.75 7.20537e-32
0.8 4.8 7.88383e-32
0.8 4.85 8.45539e-32
0.8 4.9 8.88884e-32
0.8 4.95 9.15951e-32
0.8 5 9.25155e-32
0.8 5.05 9.15951e-32
0.8 5.1 8.88884e-32
0.8 5.15 8.45539e-32
0.8 5.2 7.88383e-32
0.8 5.25 7.20537e-32
0.8 5.3 6.45492e-32
0.8 5.35 5.66814e-32
0.8 5.4 4.87872e-32
0.8 5.45 4.11611e-32
0.8 5.5 3.40395e-32
0.8 5.55 2.75927e-32
0.8 5.6 2.19241e-32
0.8 5.65 1.70751e-32
0.8 5.7 1.30353e-32
0.8 5.75 9.75427e-33
0.8 5.8 7.15457e-33
0.8 5.85 5.14384e-33
0.8 5.9 3.62499e-33
0.8 5.95 2.50405e-33
0.8 6 1.69548e-33
0.8 6.05 1.12528e-33
0.8 6.1 7.32052e-34
0.8 6.15 4.66809e-34
0.8 6.2 2.91778e-34
0.8 6.25 1.78765e-34
0.8 6.3 1.07356e-34
0.8 6.35 6.31957e-35
0.8 6.4 3.64639e-35
0.8 6.45 2.06232e-35
0.8 6.5 1.14331e-35
0.8 6.55 6.2128e-36
0.8 6.6 3.30923e-36
0.8 6.65 1.72776e-36
0.8 6.7 8.84209e-37
0.8 6.75 4.4355e-37
0.8 6.8 2.18095e-37
0.8 6.85 1.05115e-37
0.8 6.9 4.96595e-38
0.8 6.95 2.29961e-38
0.8 7 1.04382e-38
0.8 7.05 4.64418e-39
0.8 7.1 2.0254e-39
0.8 7.15 8.6582e-40
0.8 7.2 3.62796e-40
0.8 7.25 1.49009e-40
0.8 7.3 5.99902e-41
0.8 7.35 2.36736e-41
0.8 7.4 9.15725e-42
0.8 7.45 3.47202e-42
0.8 7.5 1.29038e-42
0.8 7.55 4.70076e-43
0.8 7.6 1.67856e-43
0.8 7.65 5.87519e-44
0.8 7.7 2.01569e-44
0.8 7.75 6.77866e-45
0.8 7.8 2.2345e-45
0.8 7.85 7.21996e-46
0.8 7.9 2.28669e-46
0.8 7.95 7.09897e-47
0.8 8 2.16024e-47
0.8 8.05 6.44357e-48
0.8 8.1 1.88395e-48
0.8 8.15 5.39919e-49
0.8 8.2 1.51672e-49
0.8 8.25 4.17641e-50
0.8 8.3 1.12724e-50
0.8 8.35 2.98228e-51
0.8 8.4 7.73392e-52
0.8 8.45 1.96593e-52
0.8 8.5 4.89842e-53
0.8 8.55 1.19636e-53
0.8 8.6 2.8641e-54
0.8 8.65 6.72096e-55
0.8 8.7 1.54595e-55
0.8 8.75 3.48559e-56
0.8 8.8 7.7033e-57
0.8 8.85 1.66877e-57
0.8 8.9 3.54354e-58
0.8 8.95 7.37559e-59
0.8 9 1.50479e-59
0.8 9.05 3.00936e-60
0.8 9.1 5.89921e-61
0.8 9.15 1.13353e-61
0.8 9.2 2.13497e-62
0.8 9.25 3.94159e-63
0.8 9.3 7.13299e-64
0.8 9.35 1.2653e-64
0.8 9.4 2.20006e-65
0.8 9.45 3.74971e-66
0.8 9.5 6.26442e-67
0.8 9.55 1.02586e-67
0.8 9.6 1.64669e-68
0.8 9.65 2.59096e-69
0.8 9.7 3.99605e-70
0.8 9.75 6.0412e-71
0.8 9.8 8.95236e-72
0.8 9.85 1.30039e-72
0.8 9.9 1.85154e-73
0.8 9.95 2.55455e-74
0.8 10 0
0.85 0 0
0.85 0.05 1.35633e-73
0.85 0.1 9.82947e-73
0.85 0.15 6.90358e-72
0.85 0.2 4.75271e-71
0.85 0.25 3.20723e-70
0.85 0.3 2.12149e-69
0.85 0.35 1.37554e-68
0.85 0.4 8.74238e-68
0.85 0.45 5.44636e-67
0.85 0.5 3.32586e-66
0.85 0.55 1.99078e-65
0.85 0.6 1.16806e-64
0.85 0.65 6.71776e-64
0.85 0.7 3.7871e-63
0.85 0.75 2.09271e-62
0.85 0.8 1.13353e-61
0.85 0.85 6.01833e-61
0.85 0.9 3.13213e-60
0.85 0.95 1.59781e-59
0.85 1 7.98965e-59
0.85 1.05 3.91608e-58
0.85 1.1 1.88146e-57
0.85 1.15 8.86048e-57
0.85 1.2 4.09015e-56
0.85 1.25 1.85072e-55
0.85 1.3 8.20845e-55
0.85 1.35 3.56863e-54
0.85 1.4 1.52076e-53
0.85 1.45 6.35239e-53
0.85 1.5 2.60096e-52
0.85 1.55 1.04387e-51
0.85 1.6 4.10659e-51
0.85 1.65 1.58355e-50
0.85 1.7 5.98553e-50
0.85 1.75 2.21764e-49
0.85 1.8 8.05373e-49
0.85 1.85 2.86696e-48
0.85 1.9 1.00038e-47
0.85 1.95 3.42155e-47
0.85 2 1.1471e-46
0.85 2.05 3.76961e-46
0.85 2.1 1.21425e-45
0.85 2.15 3.83389e-45
0.85 2.2 1.18655e-44
0.85 2.25 3.59958e-44
0.85 2.3 1.07037e-43
0.85 2.35 3.11985e-43
0.85 2.4 8.91353e-43
0.85 2.45 2.49622e-42
0.85 2.5 6.85225e-42
0.85 2.55 1.84374e-41
0.85 2.6 4.86278e-41
0.85 2.65 1.25715e-40
0.85 2.7 3.18569e-40
0.85 2.75 7.91293e-40
0.85 2.8 1.92658e-39
0.85 2.85 4.59785e-39
0.85 2.9 1.07557e-38
0.85 2.95 2.46626e-38
0.85 3 5.54313e-38
0.85 3.05 1.2212e-37
0.85 3.1 2.63716e-37
0.85 3.15 5.58215e-37
0.85 3.2 1.1582e-36
0.85 3.25 2.35548e-36
0.85 3.3 4.69562e-36
0.85 3.35 9.17535e-36
0.85 3.4 1.75739e-35
0.85 3.45 3.29935e-35
0.85 3.5 6.07164e-35
0.85 3.55 1.09521e-34
0.85 3.6 1.93646e-34
0.85 3.65 3.35608e-34
0.85 3.7 5.70129e-34
0.85 3.75 9.49355e-34
0.85 3.8 1.54953e-33
0.85 3.85 2.47907e-33
0.85 3.9 3.88768e-33
0.85 3.95 5.97599e-33
0.85 4 9.00417e-33
0.85 4.05 1.32982e-32
0.85 4.1 1.92512e-32
0.85 4.15 2.73174e-32
0.85 4.2 3.79958e-32
0.85 4.25 5.18021e-32
0.85 4.3 6.92269e-32
0.85 4.35 9.06813e-32
0.85 4.4 1.16433e-31
0.85 4.45 1.46538e-31
0.85 4.5 1.80775e-31
0.85 4.55 2.18596e-31
0.85 4.6 2.59097e-31
0.85 4.65 3.01021e-31
0.85 4.7 3.42805e-31
0.85 4.75 3.8266e-31
0.85 4.8 4.18691e-31
0.85 4.85 4.49045e-31
0.85 4.9 4.72065e-31
0.85 4.95 4.8644e-31
0.85 5 4.91328e-31
0.85 5.05 4.8644e-31
0.85 5.1 4.72065e-31
0.85 5.15 4.49045e-31
0.85 5.2 4.18691e-31
0.85 5.25 3.8266e-31
0.85 5.3 3.42805e-31
0.85 5.35 3.01021e-31
0.85 5.4 2.59097e-31
0.85 5.45 2.18596e-31
0.85 5.5 1.80775e-31
0.85 5.55 1.46538e-31
0.85 5.6 1.16433e-31
0.85 5.65 9.06813e-32
0.85 5.7 6.92269e-32
0.85 5.75 5.18021e-32
0.85 5.8 3.79958e-32
0.85 5.85 2.73174e-32
0.85 5.9 1.92512e-32
0.85 5.95 1.32982e-32
0.85 6 9.00417e-33
0.85 6.05 5.97599e-33
0.85 6.1 3.88768e-33
0.85 6.15 2.47907e-33
0.85 6.2 1.54953e-33
0.85 6.25 9.49355e-34
0.85 6.3 5.70129e-34
0.85 6.35 3.35608e-34
0.85 6.4 1.93646e-34
0.85 6.45 1.09521e-34
0.85 6.5 6.07164e-35
0.85 6.55 3.29935e-35
0.85 6.6 1.75739e-35
0.85 6.65 9.17535e-36
0.85 6.7 4.69562e-36
0.85 6.75 2.35548e-36
0.85 6.8 1.1582e-36
0.85 6.85 5.58215e-37
0.85 6.9 2.63716e-37
0.85 6.95 1.2212e-37
0.85 7 5.54313e-38
0.85 7.05 2.46626e-38
0.85 7.1 1.07557e-38
0.85 7.15 4.59785e-39
0.85 7.2 1.92658e-39
0.85 7.25 7.91293e-40
0.85 7.3 3.18569e-40
0.85 7.35 1.25715e-40
0.85 7.4 4.86278e-41
0.85 7.45 1.84374e-41
0.85 7.5 6.85225e-42
0.85 7.55 2.49622e-42
0.85 7.6 8.91353e-43
0.85 7.65 3.11985e-43
0.85 7.7 1.07037e-43
0.85 7.75 3.59958e-44
0.85 7.8 1.18655e-44
0.85 7.85 3.83389e-45
0.85 7.9 1.21425e-45
0.85 7.95 3.76961e-46
0.85 8 1.1471e-46
0.85 8.05 3.42155e-47
0.85 8.1 1.00038e-47
0.85 8.15 2.86696e-48
0.85 8.2 8.05373e-49
0.85 8.25 2.21764e-49
0.85 8.3 5.98553e-50
0.85 8.35 1.58355e-50
0.85 8.4 4.10659e-51
0.85 8.45 1.04387e-51
0.85 8.5 2.60096e-52
0.85 8.55 6.35239e-53
0.85 8.6 1.52076e-53
0.85 8.65 3.56863e-54
0.85 8.7 8.20845e-55
0.85 8.75 1.85072e-55
0.85 8.8 4.09015e-56
0.85 8.85 8.86048e-57
0.85 8.9 1.88146e-57
0.85 8.95 3.91608e-58
0.85 9 7.98965e-59
0.85 9.05 1.59781e-59
0.85 9.1 3.13213e-60
0.85 9.15 6.01833e-61
0.85 9.2 1.13353e-61
0.85 9.25 2.09271e-62
0.85 9.3 3.7871e-63
0.85 9.35 6.71776e-64
0.85 9.4 1.16806e-64
0.85 9.45 1.99078e-65
0.85 9.5 3.32586e-66
0.85 9.55 5.44636e-67
0.85 9.6 8.74238e-68
0.85 9.65 1.37554e-68
0.85 9.7 2.12149e-69
0.85 9.75 3.20723e-70
0.85 9.8 4.75271e-71
0.85 9.85 6.90358e-72
0.85 9.9 9.82947e-73
0.85 9.95 1.35633e-73
0.85 10 0
0.9 0 0
0.9 0.05 7.05885e-73
0.9 0.1 5.11503e-72
0.9 0.15 3.59249e-71
0.9 0.2 2.47324e-70
0.9 0.25 1.66901e-69
0.9 0.3 1.10401e-68
0.9 0.35 7.15828e-68
0.9 0.4 4.54953e-67
0.9 0.45 2.8343e-66
0.9 0.5 1.7308e-65
0.9 0.55 1.03602e-64
0.9 0.6 6.07873e-64
0.9 0.65 3.49605e-63
0.9 0.7 1.97089e-62
0.9 0.75 1.0891e-61
0.9 0.8 5.89921e-61
0.9 0.85 3.13213e-60
0.9 0.9 1.63007e-59
0.9 0.95 8.31559e-59
0.9 1 4.15814e-58
0.9 1.05 2.0381e-57
0.9 1.1 9.792e-57
0.9 1.15 4.61144e-56
0.9 1.2 2.12873e-55
0.9 1.25 9.6322e-55
0.9 1.3 4.27217e-54
0.9 1.35 1.85734e-53
0.9 1.4 7.91501e-53
0.9 1.45 3.30622e-52
0.9 1.5 1.35372e-51
0.9 1.55 5.43309e-51
0.9 1.6 2.13738e-50
0.9 1.65 8.24207e-50
0.9 1.7 3.11536e-49
0.9 1.75 1.15425e-48
0.9 1.8 4.19186e-48
0.9 1.85 1.49222e-47
0.9 1.9 5.20688e-47
0.9 1.95 1.7809e-46
0.9 2 5.97061e-46
0.9 2.05 1.96208e-45
0.9 2.1 6.3202e-45
0.9 2.15 1.99555e-44
0.9 2.2 6.17607e-44
0.9 2.25 1.87361e-43
0.9 2.3 5.57138e-43
0.9 2.35 1.62392e-42
0.9 2.4 4.63962e-42
0.9 2.45 1.29932e-41
0.9 2.5 3.56672e-41
0.9 2.55 9.59706e-41
0.9 2.6 2.53118e-40
0.9 2.65 6.54374e-40
0.9 2.7 1.65823e-39
0.9 2.75 4.11889e-39
0.9 2.8 1.00284e-38
0.9 2.85 2.39332e-38
0.9 2.9 5.59869e-38
0.9 2.95 1.28377e-37
0.9 3 2.88539e-37
0.9 3.05 6.35681e-37
0.9 3.1 1.37274e-36
0.9 3.15 2.90573e-36
0.9 3.2 6.02889e-36
0.9 3.25 1.22613e-35
0.9 3.3 2.44428e-35
0.9 3.35 4.77618e-35
0.9 3.4 9.14802e-35
0.9 3.45 1.71747e-34
0.9 3.5 3.16058e-34
0.9 3.55 5.70114e-34
0.9 3.6 1.00802e-33
0.9 3.65 1.74701e-33
0.9 3.7 2.96782e-33
0.9 3.75 4.94191e-33
0.9 3.8 8.06616e-33
0.9 3.85 1.29049e-32
0.9 3.9 2.02376e-32
0.9 3.95 3.11084e-32
0.9 4 4.68719e-32
0.9 4.05 6.92251e-32
0.9 4.1 1.00214e-31
0.9 4.15 1.42204e-31
0.9 4.2 1.97791e-31
0.9 4.25 2.69662e-31
0.9 4.3 3.60369e-31
0.9 4.35 4.72053e-31
0.9 4.4 6.06106e-31
0.9 4.45 7.62821e-31
0.9 4.5 9.41048e-31
0.9 4.55 1.13793e-30
0.9 4.6 1.34877e-30
0.9 4.65 1.56701e-30
0.9 4.7 1.78452e-30
0.9 4.75 1.99199e-30
0.9 4.8 2.17956e-30
0.9 4.85 2.33758e-30
0.9 4.9 2.45741e-30
0.9 4.95 2.53224e-30
0.9 5 2.55768e-30
0.9 5.05 2.53224e-30
0.9 5.1 2.45741e-30
0.9 5.15 2.33758e-30
0.9 5.2 2.17956e-30
0.9 5.25 1.99199e-30
0.9 5.3 1.78452e-30
0.9 5.35 1.56701e-30
0.9 5.4 1.34877e-30
0.9 5.45 1.13793e-30
0.9 5.5 9.41048e-31
0.9 5.55 7.62821e-31
0.9 5.6 6.06106e-31
0.9 5.65 4.72053e-31
0.9 5.7 3.60369e-31
0.9 5.75 2.69662e-31
0.9 5.8 1.97791e-31
0.9 5.85 1.42204e-31
0.9 5.9 1.00214e-31
0.9 5.95 6.92251e-32
0.9 6 4.68719e-32
0.9 6.05 3.11084e-32
0.9 6.1 2.02376e-32
0.9 6.15 1.29049e-32
0.9 6.2 8.06616e-33
0.9 6.25 4.94191e-33
0.9 6.3 2.96782e-33
0.9 6.35 1.74701e-33
0.9 6.4 1.00802e-33
0.9 6.45 5.70114e-34
0.9 6.5 3.16058e-34
0.9 6.55 1.71747e-34
0.9 6.6 9.14802e-35
0.9 6.65 4.77618e-35
0.9 6.7 2.44428e-35
0.9 6.75 1.22613e-35
0.9 6.8 6.02889e-36
0.9 6.85 2.90573e-36
0.9 6.9 1.37274e-36
0.9 6.95 6.35681e-37
0.9 7 2.88539e-37
0.9 7.05 1.28377e-37
0.9 7.1 5.59869e-38
0.9 7.15 2.39332e-38
0.9 7.2 1.00284e-38
0.9 7.25 4.11889e-39
0.9 7.3 1.65823e-39
0.9 7.35 6.54374e-40
0.9 7.4 2.53118e-40
0.9 7.45 9.59706e-41
0.9 7.5 3.56672e-41
0.9 7.55 1.29932e-41
0.9 7.6 4.63962e-42
0.9 7.65 1.62392e-42
0.9 7.7 5.57138e-43
0.9 7.75 1.87361e-43
0.9 7.8 6.17607e-44
0.9 7.85 1.99555e-44
0.9 7.9 6.3202e-45
0.9 7.95 1.96208e-45
0.9 8 5.97061e-46
0.9 8.05 1.7809e-46
0.9 8.1 5.20688e-47
0.9 8.15 1.49222e-47
0.9 8.2 4.19186e-48
0.9 8.25 1.15425e-48
0.9 8.3 3.11536e-49
0.9 8.35 8.24207e-50
0.9 8.4 2.13738e-50
0.9 8.45 5.43309e-51
0.9 8.5 1.35372e-51
0.9 8.55 3.30622e-52
0.9 8.6 7.91501e-53
0.9 8.65 1.85734e-53
0.9 8.7 4.27217e-54
0.9 8.75 9.6322e-55
0.9 8.8 2.12873e-55
0.9 8.85 4.61144e-56
0.9 8.9 9.792e-57
0.9 8.95 2.0381e-57
0.9 9 4.15814e-58
0.9 9.05 8.31559e-59
0.9 9.1 1.63007e-59
0.9 9.15 3.13213e-60
0.9 9.2 5.89921e-61
0.9 9.25 1.0891e-61
0.9 9.3 1.97089e-62
0.9 9.35 3.49605e-63
0.9 9.4 6.07873e-64
0.9 9.45 1.03602e-64
0.9 9.5 1.7308e-65
0.9 9.55 2.8343e-66
0.9 9.6 4.54953e-67
0.9 9.65 7.15828e-68
0.9 9.7 1.10401e-68
0.9 9.75 1.66901e-69
0.9 9.8 2.47324e-70
0.9 9.85 3.59249e-71
0.9 9.9 5.11503e-72
0.9 9.95 7.05885e-73
0.9 10 0
0.95 0 0
0.95 0.05 3.601e-72
0.95 0.1 2.60908e-71
0.95 0.15 1.83247e-70
0.95 0.2 1.26157e-69
0.95 0.25 8.51347e-69
0.95 0.3 5.6315e-68
0.95 0.35 3.65143e-67
0.95 0.4 2.32073e-66
0.95 0.45 1.4458e-65
0.95 0.5 8.82899e-65
0.95 0.55 5.2849e-64
0.95 0.6 3.10086e-63
0.95 0.65 1.7834e-62
0.95 0.7 1.0054e-61
0.95 0.75 5.55579e-61
0.95 0.8 3.00936e-60
0.95 0.85 1.59781e-59
0.95 0.9 8.31559e-59
0.95 0.95 4.24211e-58
0.95 1 2.12125e-57
0.95 1.05 1.03973e-56
0.95 1.1 4.99538e-56
0.95 1.15 2.35254e-55
0.95 1.2 1.08598e-54
0.95 1.25 4.91394e-54
0.95 1.3 2.17949e-53
0.95 1.35 9.47546e-53
0.95 1.4 4.03797e-52
0.95 1.45 1.68673e-51
0.95 1.5 6.90631e-51
0.95 1.55 2.77182e-50
0.95 1.6 1.09044e-49
0.95 1.65 4.20494e-49
0.95 1.7 1.5894e-48
0.95 1.75 5.88879e-48
0.95 1.8 2.13863e-47
0.95 1.85 7.61315e-47
0.95 1.9 2.65651e-46
0.95 1.95 9.08604e-46
0.95 2 3.04618e-45
0.95 2.05 1.00105e-44
0.95 2.1 3.22457e-44
0.95 2.15 1.01814e-43
0.95 2.2 3.15106e-43
0.95 2.25 9.55929e-43
0.95 2.3 2.84257e-42
0.95 2.35 8.28541e-42
0.95 2.4 2.36719e-41
0.95 2.45 6.62934e-41
0.95 2.5 1.8198e-40
0.95 2.55 4.8966e-40
0.95 2.6 1.29146e-39
0.95 2.65 3.33876e-39
0.95 2.7 8.46069e-39
0.95 2.75 2.10157e-38
0.95 2.8 5.11678e-38
0.95 2.85 1.22114e-37
0.95 2.9 2.85662e-37
0.95 2.95 6.55021e-37
0.95 3 1.47222e-36
0.95 3.05 3.24347e-36
0.95 3.1 7.00423e-36
0.95 3.15 1.48261e-35
0.95 3.2 3.07618e-35
0.95 3.25 6.2562e-35
0.95 3.3 1.24717e-34
0.95 3.35 2.43701e-34
0.95 3.4 4.66772e-34
0.95 3.45 8.76332e-34
0.95 3.5 1.61268e-33
0.95 3.55 2.90899e-33
0.95 3.6 5.14343e-33
0.95 3.65 8.91413e-33
0.95 3.7 1.51433e-32
0.95 3.75 2.52162e-32
0.95 3.8 4.11578e-32
0.95 3.85 6.58477e-32
0.95 3.9 1.03263e-31
0.95 3.95 1.58732e-31
0.95 4 2.39167e-31
0.95 4.05 3.53225e-31
0.95 4.1 5.1135e-31
0.95 4.15 7.25605e-31
0.95 4.2 1.00925e-30
0.95 4.25 1.37597e-30
0.95 4.3 1.83882e-30
0.95 4.35 2.40869e-30
0.95 4.4 3.09272e-30
0.95 4.45 3.89238e-30
0.95 4.5 4.8018e-30
0.95 4.55 5.80643e-30
0.95 4.6 6.88223e-30
0.95 4.65 7.99585e-30
0.95 4.7 9.10575e-30
0.95 4.75 1.01644e-29
0.95 4.8 1.11215e-29
0.95 4.85 1.19278e-29
0.95 4.9 1.25392e-29
0.95 4.95 1.29211e-29
0.95 5 1.30509e-29
0.95 5.05 1.29211e-29
0.95 5.1 1.25392e-29
0.95 5.15 1.19278e-29
0.95 5.2 1.11215e-29
0.95 5.25 1.01644e-29
0.95 5.3 9.10575e-30
0.95 5.35 7.99585e-30
0.95 5.4 6.88223e-30
0.95 5.45 5.80643e-30
0.95 5.5 4.8018e-30
0.95 5.55 3.89238e-30
0.95 5.6 3.09272e-30
0.95 5.65 2.40869e-30
0.95 5.7 1.83882e-30
0.95 5.75 1.37597e-30
0.95 5.8 1.00925e-30
0.95 5.85 7.25605e-31
0.95 5.9 5.1135e-31
0.95 5.95 3.53225e-31
0.95 6 2.39167e-31
0.95 6.05 1.58732e-31
0.95 6.1 1.03263e-31
0.95 6.15 6.58477e-32
0.95 6.2 4.11578e-32
0.95 6.25 2.52162e-32
0.95 6.3 1.51433e-32
0.95 6.35 8.91413e-33
0.95 6.4 5.14343e-33
0.95 6.45 2.90899e-33
0.95 6.5 1.61268e-33
0.95 6.55 8.76332e-34
0.95 6.6 4.66772e-34
0.95 6.65 2.43701e-34
0.95 6.7 1.24717e-34
0.95 6.75 6.2562e-35
0.95 6.8 3.07618e-35
0.95 6.85 1.48261e-35
0.95 6.9 7.00423e-36
0.95 6.95 3.24347e-36
0.95 7 1.47222e-36
0.95 7.05 6.55021e-37
0.95 7.1 2.85662e-37
0.95 7.15 1.22114e-37
0.95 7.2 5.11678e-38
0.95 7.25 2.10157e-38
0.95 7.3 8.46069e-39
0.95 7.35 3.33876e-39
0.95 7.4 1.29146e-39
0.95 7.45 4.8966e-40
0.95 7.5 1.8198e-40
0.95 7.55 6.62934e-41
0.95 7.6 2.36719e-41
0.95 7.65 8.28541e-42
0.95 7.7 2.84257e-42
0.95 7.75 9.55929e-43
0.95 7.8 3.15106e-43
0.95 7.85 1.01814e-43
0.95 7.9 3.22457e-44
0.95 7.95 1.00105e-44
0.95 8 3.04618e-45
0.95 8.05 9.08604e-46
0.95 8.1 2.65651e-46
0.95 8.15 7.61315e-47
0.95 8.2 2.13863e-47
0.95 8.25 5.88879e-48
0.95 8.3 1.5894e-48
0.95 8.35 4.20494e-49
0.95 8.4 1.09044e-49
0.95 8.45 2.77182e-50
0.95 8.5 6.90631e-51
0.95 8.55 1.68673e-51
0.95 8.6 4.03797e-52
0.95 8.65 9.47546e-53
0.95 8.7 2.17949e-53
0.95 8.75 4.91394e-54
0.95 8.8 1.08598e-54
0.95 8.85 2.35254e-55
0.95 8.9 4.99538e-56
0.95 8.95 1.03973e-56
0.95 9 2.12125e-57
0.95 9.05 4.24211e-58
0.95 9.1 8.31559e-59
0.95 9.15 1.59781e-59
0.95 9.2 3.00936e-60
0.95 9.25 5.55579e-61
0.95 9.3 1.0054e-61
0.95 9.35 1.7834e-62
0.95 9.4 3.10086e-63
0.95 9.45 5.2849e-64
0.95 9.5 8.82899e-65
0.95 9.55 1.4458e-65
0.95 9.6 2.32073e-66
0.95 9.65 3.65143e-67
0.95 9.7 5.6315e-68
0.95 9.75 8.51347e-69
0.95 9.8 1.26157e-69
0.95 9.85 1.83247e-70
0.95 9.9 2.60908e-71
0.95 9.95 3.601e-72
0.95 10 0
1 0 0
1 0.05 1.80066e-71
1 0.1 1.30451e-70
1 0.15 9.16221e-70
1 0.2 6.30778e-69
1 0.25 4.25672e-68
1 0.3 2.81576e-67
1 0.35 1.82574e-66
1 0.4 1.16039e-65
1 0.45 7.22917e-65
1 0.5 4.41464e-64
1 0.55 2.64255e-63
1 0.6 1.5505e-62
1 0.65 8.91749e-62
1 0.7 5.02728e-61
1 0.75 2.77808e-60
1 0.8 1.50479e-59
1 0.85 7.98965e-59
1 0.9 4.15814e-58
1 0.95 2.12125e-57
1 1 1.06073e-56
1 1.05 5.19917e-56
1 1.1 2.49796e-55
1 1.15 1.1764e-54
1 1.2 5.43057e-54
1 1.25 2.45728e-53
1 1.3 1.08989e-52
1 1.35 4.73837e-52
1 1.4 2.01927e-51
1 1.45 8.43489e-51
1 1.5 3.45368e-50
1 1.55 1.38613e-49
1 1.6 5.4531e-49
1 1.65 2.10282e-48
1 1.7 7.94837e-48
1 1.75 2.94491e-47
1 1.8 1.06951e-46
1 1.85 3.80728e-46
1 1.9 1.32851e-45
1 1.95 4.5439e-45
1 2 1.5234e-44
1 2.05 5.00626e-44
1 2.1 1.61262e-43
1 2.15 5.09176e-43
1 2.2 1.57587e-42
1 2.25 4.7807e-42
1 2.3 1.4216e-41
1 2.35 4.14365e-41
1 2.4 1.18387e-40
1 2.45 3.31545e-40
1 2.5 9.10119e-40
1 2.55 2.44889e-39
1 2.6 6.4589e-39
1 2.65 1.6698e-38
1 2.7 4.23142e-38
1 2.75 1.05105e-37
1 2.8 2.55905e-37
1 2.85 6.10732e-37
1 2.9 1.42869e-36
1 2.95 3.27598e-36
1 3 7.36312e-36
1 3.05 1.62218e-35
1 3.1 3.50309e-35
1 3.15 7.41514e-35
1 3.2 1.53852e-34
1 3.25 3.12899e-34
1 3.3 6.23765e-34
1 3.35 1.21886e-33
1 3.4 2.33454e-33
1 3.45 4.38295e-33
1 3.5 8.06578e-33
1 3.55 1.45493e-32
1 3.6 2.57249e-32
1 3.65 4.45841e-32
1 3.7 7.57396e-32
1 3.75 1.26119e-31
1 3.8 2.05852e-31
1 3.85 3.29341e-31
1 3.9 5.16476e-31
1 3.95 7.9391e-31
1 4 1.19621e-30
1 4.05 1.76668e-30
1 4.1 2.55756e-30
1 4.15 3.62918e-30
1 4.2 5.04784e-30
1 4.25 6.88207e-30
1 4.3 9.19703e-30
1 4.35 1.20474e-29
1 4.4 1.54686e-29
1 4.45 1.94682e-29
1 4.5 2.40168e-29
1 4.55 2.90416e-29
1 4.6 3.44224e-29
1 4.65 3.99923e-29
1 4.7 4.55436e-29
1 4.75 5.08386e-29
1 4.8 5.56256e-29
1 4.85 5.96584e-29
1 4.9 6.27168e-29
1 4.95 6.46265e-29
1 5 6.52759e-29
1 5.05 6.46265e-29
1 5.1 6.27168e-29
1 5.15 5.96584e-29
1 5.2 5.56256e-29
1 5.25 5.08386e-29
1 5.3 4.55436e-29
1 5.35 3.99923e-29
1 5.4 3.44224e-29
1 5.45 2.90416e-29
1 5.5 2.40168e-29
1 5.55 1.94682e-29
1 5.6 1.54686e-29
1 5.65 1.20474e-29
1 5.7 9.19703e-30
1 5.75 6.88207e-30
1 5.8 5.04784e-30
1 5.85 3.62918e-30
1 5.9 2.55756e-30
1 5.95 1.76668e-30
1 6 1.19621e-30
1 6.05 7.9391e-31
1 6.1 5.16476e-31
1 6.15 3.29341e-31
1 6.2 2.05852e-31
1 6.25 1.26119e-31
1 6.3 7.57396e-32
1 6.35 4.45841e-32
1 6.4 2.57249e-32
1 6.45 1.45493e-32
1 6.5 8.06578e-33
1 6.55 4.38295e-33
1 6.6 2.33454e-33
1 6.65 1.21886e-33
1 6.7 6.23765e-34
1 6.75 3.12899e-34
1 6.8 1.53852e-34
1 6.85 7.41514e-35
1 6.9 3.50309e-35
1 6.95 1.62218e-35
1 7 7.36312e-36
1 7.05 3.27598e-36
1 7.1 1.42869e-36
1 7.15 6.10732e-37
1 7.2 2.55905e-37
1 7.25 1.05105e-37
1 7.3 4.23142e-38
1 7.35 1.6698e-38
1 7.4 6.4589e-39
1 7.45 2.44889e-39
1 7.5 9.10119e-40
1 7.55 3.31545e-40
1 7.6 1.18387e-40
1 7.65 4.14365e-41
1 7.7 1.4216e-41
1 7.75 4.7807e-42
1 7.8 1.57587e-42
1 7.85 5.09176e-43
1 7.9 1.61262e-43
1 7.95 5.00626e-44
1 8 1.5234e-44
1 8.05 4.5439e-45
1 8.1 1.32851e-45
1 8.15 3.80728e-46
1 8.2 1.06951e-46
1 8.25 2.94491e-47
1 8.3 7.94837e-48
1 8.35 2.10282e-48
1 8.4 5.4531e-49
1 8.45 1.38613e-49
1 8.5 3.45368e-50
1 8.55 8.43489e-51
1 8.6 2.01927e-51
1 8.65 4.73837e-52
1 8.7 1.08989e-52
1 8.75 2.45728e-53
1 8.8 5.43057e-54
1 8.85 1.1764e-54
1 8.9 2.49796e-55
1 8.95 5.19917e-56
1 9 1.06073e-56
1 9.05 2.12125e-57
1 9.1 4.15814e-58
1 9.15 7.98965e-59
1 9.2 1.50479e-59
1 9.25 2.77808e-60
1 9.3 5.02728e-61
1 9.35 8.91749e-62
1 9.4 1.5505e-62
1 9.45 2.64255e-63
1 9.5 4.41464e-64
1 9.55 7.22917e-65
1 9.6 1.16039e-65
1 9.65 1.82574e-66
1 9.7 2.81576e-67
1 9.75 4.25672e-68
1 9.8 6.30778e-69
1 9.85 9.16221e-70
1 9.9 1.30451e-70
1 9.95 1.80066e-71
1 10 0
1.05 0 0
1.05 0.05 8.82596e-71
1.05 0.1 6.39331e-70
1.05 0.15 4.49038e-69
1.05 0.2 3.09145e-68
1.05 0.25 2.08624e-67
1.05 0.3 1.38003e-66
1.05 0.35 8.94816e-66
1.05 0.4 5.68723e-65
1.05 0.45 3.54315e-64
1.05 0.5 2.16371e-63
1.05 0.55 1.29518e-62
1.05 0.6 7.59945e-62
1.05 0.65 4.37074e-61
1.05 0.7 2.46404e-60
1.05 0.75 1.36164e-59
1.05 0.8 7.37559e-59
1.05 0.85 3.91608e-58
1.05 0.9 2.0381e-57
1.05 0.95 1.03973e-56
1.05 1 5.19917e-56
1.05 1.05 2.5484e-55
1.05 1.1 1.2244e-54
1.05 1.15 5.76627e-54
1.05 1.2 2.66187e-53
1.05 1.25 1.20448e-52
1.05 1.3 5.3423e-52
1.05 1.35 2.32262e-51
1.05 1.4 9.89796e-51
1.05 1.45 4.13459e-50
1.05 1.5 1.69292e-49
1.05 1.55 6.79456e-49
1.05 1.6 2.67303e-48
1.05 1.65 1.03077e-47
1.05 1.7 3.89621e-47
1.05 1.75 1.44357e-46
1.05 1.8 5.24267e-46
1.05 1.85 1.86632e-45
1.05 1.9 6.51231e-45
1.05 1.95 2.22742e-44
1.05 2 7.46772e-44
1.05 2.05 2.45409e-43
1.05 2.1 7.90517e-43
1.05 2.15 2.49603e-42
1.05 2.2 7.72509e-42
1.05 2.25 2.34356e-41
1.05 2.3 6.96891e-41
1.05 2.35 2.03129e-40
1.05 2.4 5.80355e-40
1.05 2.45 1.6253e-39
1.05 2.5 4.4616e-39
1.05 2.55 1.20051e-38
1.05 2.6 3.16632e-38
1.05 2.65 8.1858e-38
1.05 2.7 2.07436e-37
1.05 2.75 5.15257e-37
1.05 2.8 1.25453e-36
1.05 2.85 2.99401e-36
1.05 2.9 7.00393e-36
1.05 2.95 1.60601e-35
1.05 3 3.60968e-35
1.05 3.05 7.95254e-35
1.05 3.1 1.71735e-34
1.05 3.15 3.63521e-34
1.05 3.2 7.5425e-34
1.05 3.25 1.53397e-33
1.05 3.3 3.05798e-33
1.05 3.35 5.97541e-33
1.05 3.4 1.1445e-32
1.05 3.45 2.14873e-32
1.05 3.5 3.95424e-32
1.05 3.55 7.1328e-32
1.05 3.6 1.26117e-31
1.05 3.65 2.18575e-31
1.05 3.7 3.71316e-31
1.05 3.75 6.18305e-31
1.05 3.8 1.0092e-30
1.05 3.85 1.61461e-30
1.05 3.9 2.53206e-30
1.05 3.95 3.8922e-30
1.05 4 5.86451e-30
1.05 4.05 8.66132e-30
1.05 4.1 1.25387e-29
1.05 4.15 1.77924e-29
1.05 4.2 2.47476e-29
1.05 4.25 3.37401e-29
1.05 4.3 4.50895e-29
1.05 4.35 5.90636e-29
1.05 4.4 7.58367e-29
1.05 4.45 9.54452e-29
1.05 4.5 1.17746e-28
1.05 4.55 1.4238e-28
1.05 4.6 1.6876e-28
1.05 4.65 1.96068e-28
1.05 4.7 2.23284e-28
1.05 4.75 2.49244e-28
1.05 4.8 2.72713e-28
1.05 4.85 2.92484e-28
1.05 4.9 3.07478e-28
1.05 4.95 3.16841e-28
1.05 5 3.20025e-28
1.05 5.05 3.16841e-28
1.05 5.1 3.07478e-28
1.05 5.15 2.92484e-28
1.05 5.2 2.72713e-28
1.05 5.25 2.49244e-28
1.05 5.3 2.23284e-28
1.05 5.35 1.96068e-28
1.05 5.4 1.6876e-28
1.05 5.45 1.4238e-28
1.05 5.5 1.17746e-28
1.05 5.55 9.54452e-29
1.05 5.6 7.58367e-29
1.05 5.65 5.90636e-29
1.05 5.7 4.50895e-29
1.05 5.75 3.37401e-29
1.05 5.8 2.47476e-29
1.05 5.85 1.77924e-29
1.05 5.9 1.25387e-29
1.05 5.95 8.66132e-30
1.05 6 5.86451e-30
1.05 6.05 3.8922e-30
1.05 6.1 2.53206e-30
1.05 6.15 1.61461e-30
1.05 6.2 1.0092e-30
1.05 6.25 6.18305e-31
1.05 6.3 3.71316e-31
1.05 6.35 2.18575e-31
1.05 6.4 1.26117e-31
1.05 6.45 7.1328e-32
1.05 6.5 3.95424e-32
1.05 6.55 2.14873e-32
1.05 6.6 1.1445e-32
1.05 6.65 5.97541e-33
1.05 6.7 3.05798e-33
1.05 6.75 1.53397e-33
1.05 6.8 7.5425e-34
1.05 6.85 3.63521e-34
1.05 6.9 1.71735e-34
1.05 6.95 7.95254e-35
1.05 7 3.60968e-35
1.05 7.05 1.60601e-35
1.05 7.1 7.00393e-36
1.05 7.15 2.99401e-36
1.05 7.2 1.25453e-36
1.05 7.25 5.15257e-37
1.05 7.3 2.07436e-37
1.05 7.35 8.1858e-38
1.05 7.4 3.16632e-38
1.05 7.45 1.20051e-38
1.05 7.5 4.4616e-39
1.05 7.55 1.6253e-39
1.05 7.6 5.80355e-40
1.05 7.65 2.03129e-40
1.05 7.7 6.96891e-41
1.05 7.75 2.34356e-41
1.05 7.8 7.72509e-42
1.05 7.85 2.49603e-42
1.05 7.9 7.90517e-43
1.05 7.95 2.45409e-43
1.05 8 7.46772e-44
1.05 8.05 2.22742e-44
1.05 8.1 6.51231e-45
1.05 8.15 1.86632e-45
1.05 8.2 5.24267e-46
1.05 8.25 1.44357e-46
1.05 8.3 3.89621e-47
1.05 8.35 1.03077e-47
1.05 8.4 2.67303e-48
1.05 8.45 6.79456e-49
1.05 8.5 1.69292e-49
1.05 8.55 4.13459e-50
1.05 8.6 9.89796e-51
1.05 8.65 2.32262e-51
1.05 8.7 5.3423e-52
1.05 8.75 1.20448e-52
1.05 8.8 2.66187e-53
1.05 8.85 5.76627e-54
1.05 8.9 1.2244e-54
1.05 8.95 2.5484e-55
1.05 9 5.19917e-56
1.05 9.05 1.03973e-56
1.05 9.1 2.0381e-57
1.05 9.15 3.91608e-58
1.05 9.2 7.37559e-59
1.05 9.25 1.36164e-59
1.05 9.3 2.46404e-60
1.05 9.35 4.37074e-61
1.05 9.4 7.59945e-62
1.05 9.45 1.29518e-62
1.05 9.5 2.16371e-63
1.05 9.55 3.54315e-64
1.05 9.6 5.68723e-65
1.05 9.65 8.94816e-66
1.05 9.7 1.38003e-66
1.05 9.75 2.08624e-67
1.05 9.8 3.09145e-68
1.05 9.85 4.49038e-69
1.05 9.9 6.39331e-70
1.05 9.95 8.82596e-71
1.05 10 0
1.1 0 0
1.1 0.05 4.24043e-70
1.1 0.1 3.07133e-69
1.1 0.15 2.15718e-68
1.1 0.2 1.48515e-67
1.1 0.25 1.00224e-66
1.1 0.3 6.6298e-66
1.1 0.35 4.29882e-65
1.1 0.4 2.73224e-64
1.1 0.45 1.7022e-63
1.1 0.5 1.0395e-62
1.1 0.55 6.22239e-62
1.1 0.6 3.651e-61
1.1 0.65 2.09985e-60
1.1 0.7 1.18381e-59
1.1 0.75 6.54185e-59
1.1 0.8 3.54354e-58
1.1 0.85 1.88146e-57
1.1 0.9 9.792e-57
1.1 0.95 4.99538e-56
1.1 1 2.49796e-55
1.1 1.05 1.2244e-54
1.1 1.1 5.88271e-54
1.1 1.15 2.77047e-53
1.1 1.2 1.27893e-52
1.1 1.25 5.7871e-52
1.1 1.3 2.56681e-51
1.1 1.35 1.11595e-50
1.1 1.4 4.75571e-50
1.1 1.45 1.98657e-49
1.1 1.5 8.13414e-49
1.1 1.55 3.26466e-48
1.1 1.6 1.28435e-47
1.1 1.65 4.95273e-47
1.1 1.7 1.87208e-46
1.1 1.75 6.93623e-46
1.1 1.8 2.51907e-45
1.1 1.85 8.96755e-45
1.1 1.9 3.12915e-44
1.1 1.95 1.07028e-43
1.1 2 3.58825e-43
1.1 2.05 1.1792e-42
1.1 2.1 3.79848e-42
1.1 2.15 1.19936e-41
1.1 2.2 3.71198e-41
1.1 2.25 1.12611e-40
1.1 2.3 3.34865e-40
1.1 2.35 9.76063e-40
1.1 2.4 2.7887e-39
1.1 2.45 7.80987e-39
1.1 2.5 2.14389e-38
1.1 2.55 5.76869e-38
1.1 2.6 1.52149e-37
1.1 2.65 3.93348e-37
1.1 2.7 9.96785e-37
1.1 2.75 2.47596e-36
1.1 2.8 6.02838e-36
1.1 2.85 1.43871e-35
1.1 2.9 3.36562e-35
1.1 2.95 7.7174e-35
1.1 3 1.73458e-34
1.1 3.05 3.82149e-34
1.1 3.1 8.25253e-34
1.1 3.15 1.74686e-33
1.1 3.2 3.62447e-33
1.1 3.25 7.37136e-33
1.1 3.3 1.46949e-32
1.1 3.35 2.87145e-32
1.1 3.4 5.49985e-32
1.1 3.45 1.03256e-31
1.1 3.5 1.9002e-31
1.1 3.55 3.42765e-31
1.1 3.6 6.06051e-31
1.1 3.65 1.05036e-30
1.1 3.7 1.78436e-30
1.1 3.75 2.97127e-30
1.1 3.8 4.84974e-30
1.1 3.85 7.75906e-30
1.1 3.9 1.21679e-29
1.1 3.95 1.87041e-29
1.1 4 2.81822e-29
1.1 4.05 4.16224e-29
1.1 4.1 6.02553e-29
1.1 4.15 8.55026e-29
1.1 4.2 1.18926e-28
1.1 4.25 1.62141e-28
1.1 4.3 2.16681e-28
1.1 4.35 2.83835e-28
1.1 4.4 3.6444e-28
1.1 4.45 4.58671e-28
1.1 4.5 5.65838e-28
1.1 4.55 6.84223e-28
1.1 4.6 8.10995e-28
1.1 4.65 9.42225e-28
1.1 4.7 1.07302e-27
1.1 4.75 1.19777e-27
1.1 4.8 1.31055e-27
1.1 4.85 1.40557e-27
1.1 4.9 1.47762e-27
1.1 4.95 1.52262e-27
1.1 5 1.53792e-27
1.1 5.05 1.52262e-27
1.1 5.1 1.47762e-27
1.1 5.15 1.40557e-27
1.1 5.2 1.31055e-27
1.1 5.25 1.19777e-27
1.1 5.3 1.07302e-27
1.1 5.35 9.42225e-28
1.1 5.4 8.10995e-28
1.1 5.45 6.84223e-28
1.1 5.5 5.65838e-28
1.1 5.55 4.58671e-28
1.1 5.6 3.6444e-28
1.1 5.65 2.83835e-28
1.1 5.7 2.16681e-28
1.1 5.75 1.62141e-28
1.1 5.8 1.18926e-28
1.1 5.85 8.55026e-29
1.1 5.9 6.02553e-29
1.1 5.95 4.16224e-29
1.1 6 2.81822e-29
1.1 6.05 1.87041e-29
1.1 6.1 1.21679e-29
1.1 6.15 7.75906e-30
1.1 6.2 4.84974e-30
1.1 6.25 2.97127e-30
1.1 6.3 1.78436e-30
1.1 6.35 1.05036e-30
1.1 6.4 6.06051e-31
1.1 6.45 3.42765e-31
1.1 6.5 1.9002e-31
1.1 6.55 1.03256e-31
1.1 6.6 5.49985e-32
1.1 6.65 2.87145e-32
1.1 6.7 1.46949e-32
1.1 6.75 7.37136e-33
1.1 6.8 3.62447e-33
1.1 6.85 1.74686e-33
1.1 6.9 8.25253e-34
1.1 6.95 3.82149e-34
1.1 7 1.73458e-34
1.1 7.05 7.7174e-35
1.1 7.1 3.36562e-35
1.1 7.15 1.43871e-35
1.1 7.2 6.02838e-36
1.1 7.25 2.47596e-36
1.1 7.3 9.96785e-37
1.1 7.35 3.93348e-37
1.1 7.4 1.52149e-37
1.1 7.45 5.76869e-38
1.1 7.5 2.14389e-38
1.1 7.55 7.80987e-39
1.1 7.6 2.7887e-39
1.1 7.65 9.76063e-40
1.1 7.7 3.34865e-40
1.1 7.75 1.12611e-40
1.1 7.8 3.71198e-41
1.1 7.85 1.19936e-41
1.1 7.9 3.79848e-42
1.1 7.95 1.1792e-42
1.1 8 3.58825e-43
1.1 8.05 1.07028e-43
1.1 8.1 3.12915e-44
1.1 8.15 8.96755e-45
1.1 8.2 2.51907e-45
1.1 8.25 6.93623e-46
1.1 8.3 1.87208e-46
1.1 8.35 4.95273e-47
1.1 8.4 1.28435e-47
1.1 8.45 3.26466e-48
1.1 8.5 8.13414e-49
1.1 8.55 1.98657e-49
1.1 8.6 4.75571e-50
1.1 8.65 1.11595e-50
1.1 8.7 2.56681e-51
1.1 8.75 5.7871e-52
1.1 8.8 1.27893e-52
1.1 8.85 2.77047e-53
1.1 8.9 5.88271e-54
1.1 8.95 1.2244e-54
1.1 9 2.49796e-55
1.1 9.05 4.99538e-56
1.1 9.1 9.792e-57
1.1 9.15 1.88146e-57
1.1 9.2 3.54354e-58
1.1 9.25 6.54185e-59
1.1 9.3 1.18381e-59
1.1 9.35 2.09985e-60
1.1 9.4 3.651e-61
1.1 9.45 6.22239e-62
1.1 9.5 1.0395e-62
1.1 9.55 1.7022e-63
1.1 9.6 2.73224e-64
1.1 9.65 4.29882e-65
1.1 9.7 6.6298e-66
1.1 9.75 1.00224e-66
1.1 9.8 1.48515e-67
1.1 9.85 2.15718e-68
1.1 9.9 3.07133e-69
1.1 9.95 4.24043e-70
1.1 10 0
1.15 0 0
1.15 0.05 1.997e-69
1.15 0.1 1.44626e-68
1.15 0.15 1.0158e-67
1.15 0.2 6.99351e-67
1.15 0.25 4.71958e-66
1.15 0.3 3.122e-65
1.15 0.35 2.02434e-64
1.15 0.4 1.28664e-63
1.15 0.45 8.01589e-63
1.15 0.5 4.89516e-62
1.15 0.55 2.93024e-61
1.15 0.6 1.71934e-60
1.15 0.65 9.88871e-60
1.15 0.7 5.57492e-59
1.15 0.75 3.08076e-58
1.15 0.8 1.66877e-57
1.15 0.85 8.86048e-57
1.15 0.9 4.61144e-56
1.15 0.95 2.35254e-55
1.15 1 1.1764e-54
1.15 1.05 5.76627e-54
1.15 1.1 2.77047e-53
1.15 1.15 1.30476e-52
1.15 1.2 6.0232e-52
1.15 1.25 2.72548e-51
1.15 1.3 1.20887e-50
1.15 1.35 5.25572e-50
1.15 1.4 2.23978e-49
1.15 1.45 9.35612e-49
1.15 1.5 3.83094e-48
1.15 1.55 1.53756e-47
1.15 1.6 6.04895e-47
1.15 1.65 2.33262e-46
1.15 1.7 8.81712e-46
1.15 1.75 3.26684e-45
1.15 1.8 1.18644e-44
1.15 1.85 4.22359e-44
1.15 1.9 1.47379e-43
1.15 1.95 5.04089e-43
1.15 2 1.69004e-42
1.15 2.05 5.55396e-42
1.15 2.1 1.78907e-41
1.15 2.15 5.64895e-41
1.15 2.2 1.74834e-40
1.15 2.25 5.30397e-40
1.15 2.3 1.57722e-39
1.15 2.35 4.5973e-39
1.15 2.4 1.3135e-38
1.15 2.45 3.67851e-38
1.15 2.5 1.00979e-37
1.15 2.55 2.71712e-37
1.15 2.6 7.16641e-37
1.15 2.65 1.85273e-36
1.15 2.7 4.69502e-36
1.15 2.75 1.16622e-35
1.15 2.8 2.83948e-35
1.15 2.85 6.77663e-35
1.15 2.9 1.58528e-34
1.15 2.95 3.63507e-34
1.15 3 8.17028e-34
1.15 3.05 1.80002e-33
1.15 3.1 3.88716e-33
1.15 3.15 8.2282e-33
1.15 3.2 1.70723e-32
1.15 3.25 3.47213e-32
1.15 3.3 6.92175e-32
1.15 3.35 1.35254e-31
1.15 3.4 2.59061e-31
1.15 3.45 4.86373e-31
1.15 3.5 8.95061e-31
1.15 3.55 1.61455e-30
1.15 3.6 2.85473e-30
1.15 3.65 4.9476e-30
1.15 3.7 8.40504e-30
1.15 3.75 1.39959e-29
1.15 3.8 2.28442e-29
1.15 3.85 3.65484e-29
1.15 3.9 5.73159e-29
1.15 3.95 8.81045e-29
1.15 4 1.3275e-28
1.15 4.05 1.9606e-28
1.15 4.1 2.8383e-28
1.15 4.15 4.02756e-28
1.15 4.2 5.60197e-28
1.15 4.25 7.63758e-28
1.15 4.3 1.02067e-27
1.15 4.35 1.337e-27
1.15 4.4 1.71669e-27
1.15 4.45 2.16056e-27
1.15 4.5 2.66537e-27
1.15 4.55 3.22302e-27
1.15 4.6 3.82019e-27
1.15 4.65 4.43834e-27
1.15 4.7 5.05443e-27
1.15 4.75 5.64208e-27
1.15 4.8 6.17335e-27
1.15 4.85 6.62091e-27
1.15 4.9 6.96033e-27
1.15 4.95 7.17228e-27
1.15 5 7.24435e-27
1.15 5.05 7.17228e-27
1.15 5.1 6.96033e-27
1.15 5.15 6.62091e-27
1.15 5.2 6.17335e-27
1.15 5.25 5.64208e-27
1.15 5.3 5.05443e-27
1.15 5.35 4.43834e-27
1.15 5.4 3.82019e-27
1.15 5.45 3.22302e-27
1.15 5.5 2.66537e-27
1.15 5.55 2.16056e-27
1.15 5.6 1.71669e-27
1.15 5.65 1.337e-27
1.15 5.7 1.02067e-27
1.15 5.75 7.63758e-28
1.15 5.8 5.60197e-28
1.15 5.85 4.02756e-28
1.15 5.9 2.8383e-28
1.15 5.95 1.9606e-28
1.15 6 1.3275e-28
1.15 6.05 8.81045e-29
1.15 6.1 5.73159e-29
1.15 6.15 3.65484e-29
1.15 6.2 2.28442e-29
1.15 6.25 1.39959e-29
1.15 6.3 8.40504e-30
1.15 6.35 4.9476e-30
1.15 6.4 2.85473e-30
1.15 6.45 1.61455e-30
1.15 6.5 8.95061e-31
1.15 6.55 4.86373e-31
1.15 6.6 2.59061e-31
1.15 6.65 1.35254e-31
1.15 6.7 6.92175e-32
1.15 6.75 3.47213e-32
1.15 6.8 1.70723e-32
1.15 6.85 8.2282e-33
1.15 6.9 3.88716e-33
1.15 6.95 1.80002e-33
1.15 7 8.17028e-34
1.15 7.05 3.63507e-34
1.15 7.1 1.58528e-34
1.15 7.15 6.77663e-35
1.15 7.2 2.83948e-35
1.15 7.25 1.16622e-35
1.15 7.3 4.69502e-36
1.15 7.35 1.85273e-36
1.15 7.4 7.16641e-37
1.15 7.45 2.71712e-37
1.15 7.5 1.00979e-37
1.15 7.55 3.67851e-38
1.15 7.6 1.3135e-38
1.15 7.65 4.5973e-39
1.15 7.7 1.57722e-39
1.15 7.75 5.30397e-40
1.15 7.8 1.74834e-40
1.15 7.85 5.64895e-41
1.15 7.9 1.78907e-41
1.15 7.95 5.55396e-42
1.15 8 1.69004e-42
1.15 8.05 5.04089e-43
1.15 8.1 1.47379e-43
1.15 8.15 4.22359e-44
1.15 8.2 1.18644e-44
1.15 8.25 3.26684e-45
1.15 8.3 8.81712e-46
1.15 8.35 2.33262e-46
1.15 8.4 6.04895e-47
1.15 8.45 1.53756e-47
1.15 8.5 3.83094e-48
1.15 8.55 9.35612e-49
1.15 8.6 2.23978e-49
1.15 8.65 5.25572e-50
1.15 8.7 1.20887e-50
1.15 8.75 2.72548e-51
1.15 8.8 6.0232e-52
1.15 8.85 1.30476e-52
1.15 8.9 2.77047e-53
1.15 8.95 5.76627e-54
1.15 9 1.1764e-54
1.15 9.05 2.35254e-55
1.15 9.1 4.61144e-56
1.15 9.15 8.86048e-57
1.15 9.2 1.66877e-57
1.15 9.25 3.08076e-58
1.15 9.3 5.57492e-59
1.15 9.35 9.88871e-60
1.15 9.4 1.71934e-60
1.15 9.45 2.93024e-61
1.15 9.5 4.89516e-62
1.15 9.55 8.01589e-63
1.15 9.6 1.28664e-63
1.15 9.65 2.02434e-64
1.15 9.7 3.122e-65
1.15 9.75 4.71958e-66
1.15 9.8 6.99351e-67
1.15 9.85 1.0158e-67
1.15 9.9 1.44626e-68
1.15 9.95 1.997e-69
1.15 10 0
1.2 0 0
1.2 0.05 9.21862e-69
1.2 0.1 6.67553e-68
1.2 0.15 4.6887e-67
1.2 0.2 3.22806e-66
1.2 0.25 2.17847e-65
1.2 0.3 1.44107e-64
1.2 0.35 9.34413e-64
1.2 0.4 5.93902e-63
1.2 0.45 3.70009e-62
1.2 0.5 2.25959e-61
1.2 0.55 1.3526e-60
1.2 0.6 7.93652e-60
1.2 0.65 4.56469e-59
1.2 0.7 2.57343e-58
1.2 0.75 1.42212e-57
1.2 0.8 7.7033e-57
1.2 0.85 4.09015e-56
1.2 0.9 2.12873e-55
1.2 0.95 1.08598e-54
1.2 1 5.43057e-54
1.2 1.05 2.66187e-53
1.2 1.1 1.27893e-52
1.2 1.15 6.0232e-52
1.2 1.2 2.78052e-51
1.2 1.25 1.25819e-50
1.2 1.3 5.58062e-50
1.2 1.35 2.42627e-49
1.2 1.4 1.03398e-48
1.2 1.45 4.31923e-48
1.2 1.5 1.76855e-47
1.2 1.55 7.0982e-47
1.2 1.6 2.79252e-46
1.2 1.65 1.07687e-45
1.2 1.7 4.0705e-45
1.2 1.75 1.50817e-44
1.2 1.8 5.47735e-44
1.2 1.85 1.94988e-43
1.2 1.9 6.804e-43
1.2 1.95 2.32722e-42
1.2 2 7.8024e-42
1.2 2.05 2.56411e-41
1.2 2.1 8.25966e-41
1.2 2.15 2.60798e-40
1.2 2.2 8.0717e-40
1.2 2.25 2.44874e-39
1.2 2.3 7.28175e-39
1.2 2.35 2.1225e-38
1.2 2.4 6.06422e-38
1.2 2.45 1.69832e-37
1.2 2.5 4.66209e-37
1.2 2.55 1.25446e-36
1.2 2.6 3.30867e-36
1.2 2.65 8.5539e-36
1.2 2.7 2.16766e-35
1.2 2.75 5.38438e-35
1.2 2.8 1.31098e-34
1.2 2.85 3.12876e-34
1.2 2.9 7.31922e-34
1.2 2.95 1.67832e-33
1.2 3 3.77223e-33
1.2 3.05 8.31074e-33
1.2 3.1 1.79472e-32
1.2 3.15 3.799e-32
1.2 3.2 7.8824e-32
1.2 3.25 1.60311e-31
1.2 3.3 3.19583e-31
1.2 3.35 6.24483e-31
1.2 3.4 1.19611e-30
1.2 3.45 2.24564e-30
1.2 3.5 4.13261e-30
1.2 3.55 7.45459e-30
1.2 3.6 1.31807e-29
1.2 3.65 2.28438e-29
1.2 3.7 3.88074e-29
1.2 3.75 6.46214e-29
1.2 3.8 1.05476e-28
1.2 3.85 1.68751e-28
1.2 3.9 2.64639e-28
1.2 3.95 4.06796e-28
1.2 4 6.12936e-28
1.2 4.05 9.0525e-28
1.2 4.1 1.3105e-27
1.2 4.15 1.85961e-27
1.2 4.2 2.58656e-27
1.2 4.25 3.52645e-27
1.2 4.3 4.71267e-27
1.2 4.35 6.17324e-27
1.2 4.4 7.92636e-27
1.2 4.45 9.97584e-27
1.2 4.5 1.23067e-26
1.2 4.55 1.48815e-26
1.2 4.6 1.76388e-26
1.2 4.65 2.0493e-26
1.2 4.7 2.33376e-26
1.2 4.75 2.60509e-26
1.2 4.8 2.8504e-26
1.2 4.85 3.05705e-26
1.2 4.9 3.21377e-26
1.2 4.95 3.31163e-26
1.2 5 3.34491e-26
1.2 5.05 3.31163e-26
1.2 5.1 3.21377e-26
1.2 5.15 3.05705e-26
1.2 5.2 2.8504e-26
1.2 5.25 2.60509e-26
1.2 5.3 2.33376e-26
1.2 5.35 2.0493e-26
1.2 5.4 1.76388e-26
1.2 5.45 1.48815e-26
1.2 5.5 1.23067e-26
1.2 5.55 9.97584e-27
1.2 5.6 7.92636e-27
1.2 5.65 6.17324e-27
1.2 5.7 4.71267e-27
1.2 5.75 3.52645e-27
1.2 5.8 2.58656e-27
1.2 5.85 1.85961e-27
1.2 5.9 1.3105e-27
1.2 5.95 9.0525e-28
1.2 6 6.12936e-28
1.2 6.05 4.06796e-28
1.2 6.1 2.64639e-28
1.2 6.15 1.68751e-28
1.2 6.2 1.05476e-28
1.2 6.25 6.46214e-29
1.2 6.3 3.88074e-29
1.2 6.35 2.28438e-29
1.2 6.4 1.31807e-29
1.2 6.45 7.45459e-30
1.2 6.5 4.13261e-30
1.2 6.55 2.24564e-30
1.2 6.6 1.19611e-30
1.2 6.65 6.24483e-31
1.2 6.7 3.19583e-31
1.2 6.75 1.60311e-31
1.2 6.8 7.8824e-32
1.2 6.85 3.799e-32
1.2 6.9 1.79472e-32
1.2 6.95 8.31074e-33
1.2 7 3.77223e-33
1.2 7.05 1.67832e-33
1.2 7.1 7.31922e-34
1.2 7.15 3.12876e-34
1.2 7.2 1.31098e-34
1.2 7.25 5.38438e-35
1.2 7.3 2.16766e-35
1.2 7.35 8.5539e-36
1.2 7.4 3.30867e-36
1.2 7.45 1.25446e-36
1.2 7.5 4.66209e-37
1.2 7.55 1.69832e-37
1.2 7.6 6.06422e-38
1.2 7.65 2.1225e-38
1.2 7.7 7.28175e-39
1.2 7.75 2.44874e-39
1.2 7.8 8.0717e-40
1.2 7.85 2.60798e-40
1.2 7.9 8.25966e-41
1.2 7.95 2.56411e-41
1.2 8 7.8024e-42
1.2 8.05 2.32722e-42
1.2 8.1 6.804e-43
1.2 8.15 1.94988e-43
1.2 8.2 5.47735e-44
1.2 8.25 1.50817e-44
1.2 8.3 4.0705e-45
1.2 8.35 1.07687e-45
1.2 8.4 2.79252e-46
1.2 8.45 7.0982e-47
1.2 8.5 1.76855e-47
1.2 8.55 4.31923e-48
1.2 8.6 1.03398e-48
1.2 8.65 2.42627e-49
1.2 8.7 5.58062e-50
1.2 8.75 1.25819e-50
1.2 8.8 2.78052e-51
1.2 8.85 6.0232e-52
1.2 8.9 1.27893e-52
1.2 8.95 2.66187e-53
1.2 9 5.43057e-54
1.2 9.05 1.08598e-54
1.2 9.1 2.12873e-55
1.2 9.15 4.09015e-56
1.2 9.2 7.7033e-57
1.2 9.25 1.42212e-57
1.2 9.3 2.57343e-58
1.2 9.35 4.56469e-59
1.2 9.4 7.93652e-60
1.2 9.45 1.3526e-60
1.2 9.5 2.25959e-61
1.2 9.55 3.70009e-62
1.2 9.6 5.93902e-63
1.2 9.65 9.34413e-64
1.2 9.7 1.44107e-64
1.2 9.75 2.17847e-65
1.2 9.8 3.22806e-66
1.2 9.85 4.6887e-67
1.2 9.9 6.67553e-68
1.2 9.95 9.21862e-69
1.2 10 0
1.25 0 0
1.25 0.05 4.17131e-68
1.25 0.1 3.02027e-67
1.25 0.15 2.12137e-66
1.25 0.2 1.46052e-65
1.25 0.25 9.85646e-65
1.25 0.3 6.52013e-64
1.25 0.35 4.22779e-63
1.25 0.4 2.68715e-62
1.25 0.45 1.67414e-61
1.25 0.5 1.02238e-60
1.25 0.55 6.12006e-60
1.25 0.6 3.59103e-59
1.25 0.65 2.06539e-58
1.25 0.7 1.16441e-57
1.25 0.75 6.43474e-57
1.25 0.8 3.48559e-56
1.25 0.85 1.85072e-55
1.25 0.9 9.6322e-55
1.25 0.95 4.91394e-54
1.25 1 2.45728e-53
1.25 1.05 1.20448e-52
1.25 1.1 5.7871e-52
1.25 1.15 2.72548e-51
1.25 1.2 1.25819e-50
1.25 1.25 5.69332e-50
1.25 1.3 2.52525e-49
1.25 1.35 1.0979e-48
1.25 1.4 4.67886e-48
1.25 1.45 1.9545e-47
1.25 1.5 8.00294e-47
1.25 1.55 3.21204e-46
1.25 1.6 1.26366e-45
1.25 1.65 4.87304e-45
1.25 1.7 1.84199e-44
1.25 1.75 6.82482e-44
1.25 1.8 2.47864e-43
1.25 1.85 8.82376e-43
1.25 1.9 3.07901e-42
1.25 1.95 1.05314e-41
1.25 2 3.53085e-41
1.25 2.05 1.16035e-40
1.25 2.1 3.7378e-40
1.25 2.15 1.18021e-39
1.25 2.2 3.65277e-39
1.25 2.25 1.10816e-38
1.25 2.3 3.29531e-38
1.25 2.35 9.60526e-38
1.25 2.4 2.74434e-37
1.25 2.45 7.68572e-37
1.25 2.5 2.10983e-36
1.25 2.55 5.6771e-36
1.25 2.6 1.49735e-35
1.25 2.65 3.8711e-35
1.25 2.7 9.80988e-35
1.25 2.75 2.43674e-34
1.25 2.8 5.93295e-34
1.25 2.85 1.41595e-33
1.25 2.9 3.3124e-33
1.25 2.95 7.59543e-33
1.25 3 1.70718e-32
1.25 3.05 3.76115e-32
1.25 3.1 8.12229e-32
1.25 3.15 1.7193e-31
1.25 3.2 3.56733e-31
1.25 3.25 7.25519e-31
1.25 3.3 1.44634e-30
1.25 3.35 2.82623e-30
1.25 3.4 5.41329e-30
1.25 3.45 1.01632e-29
1.25 3.5 1.87031e-29
1.25 3.55 3.37376e-29
1.25 3.6 5.96527e-29
1.25 3.65 1.03386e-28
1.25 3.7 1.75634e-28
1.25 3.75 2.92462e-28
1.25 3.8 4.77362e-28
1.25 3.85 7.63731e-28
1.25 3.9 1.1977e-27
1.25 3.95 1.84108e-27
1.25 4 2.77403e-27
1.25 4.05 4.097e-27
1.25 4.1 5.93111e-27
1.25 4.15 8.41629e-27
1.25 4.2 1.17063e-26
1.25 4.25 1.59601e-26
1.25 4.3 2.13288e-26
1.25 4.35 2.79391e-26
1.25 4.4 3.58735e-26
1.25 4.45 4.51492e-26
1.25 4.5 5.56983e-26
1.25 4.55 6.73517e-26
1.25 4.6 7.98307e-26
1.25 4.65 9.27485e-26
1.25 4.7 1.05623e-25
1.25 4.75 1.17903e-25
1.25 4.8 1.29005e-25
1.25 4.85 1.38358e-25
1.25 4.9 1.45451e-25
1.25 4.95 1.4988e-25
1.25 5 1.51386e-25
1.25 5.05 1.4988e-25
1.25 5.1 1.45451e-25
1.25 5.15 1.38358e-25
1.25 5.2 1.29005e-25
1.25 5.25 1.17903e-25
1.25 5.3 1.05623e-25
1.25 5.35 9.27485e-26
1.25 5.4 7.98307e-26
1.25 5.45 6.73517e-26
1.25 5.5 5.56983e-26
1.25 5.55 4.51492e-26
1.25 5.6 3.58735e-26
1.25 5.65 2.79391e-26
1.25 5.7 2.13288e-26
1.25 5.75 1.59601e-26
1.25 5.8 1.17063e-26
1.25 5.85 8.41629e-27
1.25 5.9 5.93111e-27
1.25 5.95 4.097e-27
1.25 6 2.77403e-27
1.25 6.05 1.84108e-27
1.25 6.1 1.1977e-27
1.25 6.15 7.63731e-28
1.25 6.2 4.77362e-28
1.25 6.25 2.92462e-28
1.25 6.3 1.75634e-28
1.25 6.35 1.03386e-28
1.25 6.4 5.96527e-29
1.25 6.45 3.37376e-29
1.25 6.5 1.87031e-29
1.25 6.55 1.01632e-29
1.25 6.6 5.41329e-30
1.25 6.65 2.82623e-30
1.25 6.7 1.44634e-30
1.25 6.75 7.25519e-31
1.25 6.8 3.56733e-31
1.25 6.85 1.7193e-31
1.25 6.9 8.12229e-32
1.25 6.95 3.76115e-32
1.25 7 1.70718e-32
1.25 7.05 7.59543e-33
1.25 7.1 3.3124e-33
1.25 7.15 1.41595e-33
1.25 7.2 5.93295e-34
1.25 7.25 2.43674e-34
1.25 7.3 9.80988e-35
1.25 7.35 3.8711e-35
1.25 7.4 1.49735e-35
1.25 7.45 5.6771e-36
1.25 7.5 2.10983e-36
1.25 7.55 7.68572e-37
1.25 7.6 2.74434e-37
1.25 7.65 9.60526e-38
1.25 7.7 3.29531e-38
1.25 7.75 1.10816e-38
1.25 7.8 3.65277e-39
1.25 7.85 1.18021e-39
1.25 7.9 3.7378e-40
1.25 7.95 1.16035e-40
1.25 8 3.53085e-41
1.25 8.05 1.05314e-41
1.25 8.1 3.07901e-42
1.25 8.15 8.82376e-43
1.25 8.2 2.47864e-43
1.25 8.25 6.82482e-44
1.25 8.3 1.84199e-44
1.25 8.35 4.87304e-45
1.25 8.4 1.26366e-45
1.25 8.45 3.21204e-46
1.25 8.5 8.00294e-47
1.25 8.55 1.9545e-47
1.25 8.6 4.67886e-48
1.25 8.65 1.0979e-48
1.25 8.7 2.52525e-49
1.25 8.75 5.69332e-50
1.25 8.8 1.25819e-50
1.25 8.85 2.72548e-51
1.25 8.9 5.7871e-52
1.25 8.95 1.20448e-52
1.25 9 2.45728e-53
1.25 9.05 4.91394e-54
1.25 9.1 9.6322e-55
1.25 9.15 1.85072e-55
1.25 9.2 3.48559e-56
1.25 9.25 6.43474e-57
1.25 9.3 1.16441e-57
1.25 9.35 2.06539e-58
1.25 9.4 3.59103e-59
1.25 9.45 6.12006e-60
1.25 9.5 1.02238e-60
1.25 9.55 1.67414e-61
1.25 9.6 2.68715e-62
1.25 9.65 4.22779e-63
1.25 9.7 6.52013e-64
1.25 9.75 9.85646e-65
1.25 9.8 1.46052e-65
1.25 9.85 2.12137e-66
1.25 9.9 3.02027e-67
1.25 9.95 4.17131e-68
1.25 10 0
1.3 0 0
1.3 0.05 1.85011e-67
1.3 0.1 1.33945e-66
1.3 0.15 9.40802e-66
1.3 0.2 6.47728e-65
1.3 0.25 4.37129e-64
1.3 0.3 2.89166e-63
1.3 0.35 1.87503e-62
1.3 0.4 1.19176e-61
1.3 0.45 7.42493e-61
1.3 0.5 4.53436e-60
1.3 0.55 2.71432e-59
1.3 0.6 1.59267e-58
1.3 0.65 9.16037e-58
1.3 0.7 5.1644e-57
1.3 0.75 2.85395e-56
1.3 0.8 1.54595e-55
1.3 0.85 8.20845e-55
1.3 0.9 4.27217e-54
1.3 0.95 2.17949e-53
1.3 1 1.08989e-52
1.3 1.05 5.3423e-52
1.3 1.1 2.56681e-51
1.3 1.15 1.20887e-50
1.3 1.2 5.58062e-50
1.3 1.25 2.52525e-49
1.3 1.3 1.12007e-48
1.3 1.35 4.86975e-48
1.3 1.4 2.07532e-47
1.3 1.45 8.66929e-47
1.3 1.5 3.54976e-46
1.3 1.55 1.42473e-45
1.3 1.6 5.60513e-45
1.3 1.65 2.16151e-44
1.3 1.7 8.17043e-44
1.3 1.75 3.02727e-43
1.3 1.8 1.09945e-42
1.3 1.85 3.91397e-42
1.3 1.9 1.36577e-41
1.3 1.95 4.67147e-41
1.3 2 1.5662e-40
1.3 2.05 5.14707e-40
1.3 2.1 1.65802e-39
1.3 2.15 5.23522e-39
1.3 2.2 1.62031e-38
1.3 2.25 4.91562e-38
1.3 2.3 1.46176e-37
1.3 2.35 4.26078e-37
1.3 2.4 1.21736e-36
1.3 2.45 3.40932e-36
1.3 2.5 9.35906e-36
1.3 2.55 2.51833e-35
1.3 2.6 6.64217e-35
1.3 2.65 1.71721e-34
1.3 2.7 4.35165e-34
1.3 2.75 1.08094e-33
1.3 2.8 2.63186e-33
1.3 2.85 6.2812e-33
1.3 2.9 1.46939e-32
1.3 2.95 3.36937e-32
1.3 3 7.57314e-32
1.3 3.05 1.66847e-31
1.3 3.1 3.60312e-31
1.3 3.15 7.627e-31
1.3 3.2 1.5825e-30
1.3 3.25 3.21849e-30
1.3 3.3 6.41615e-30
1.3 3.35 1.25376e-29
1.3 3.4 2.40141e-29
1.3 3.45 4.50855e-29
1.3 3.5 8.29702e-29
1.3 3.55 1.49666e-28
1.3 3.6 2.6463e-28
1.3 3.65 4.58639e-28
1.3 3.7 7.79146e-28
1.3 3.75 1.29742e-27
1.3 3.8 2.11768e-27
1.3 3.85 3.38808e-27
1.3 3.9 5.31328e-27
1.3 3.95 8.16746e-27
1.3 4 1.23063e-26
1.3 4.05 1.81753e-26
1.3 4.1 2.63119e-26
1.3 4.15 3.73368e-26
1.3 4.2 5.19323e-26
1.3 4.25 7.08033e-26
1.3 4.3 9.46204e-26
1.3 4.35 1.23946e-25
1.3 4.4 1.59145e-25
1.3 4.45 2.00295e-25
1.3 4.5 2.47093e-25
1.3 4.55 2.98791e-25
1.3 4.6 3.54152e-25
1.3 4.65 4.11459e-25
1.3 4.7 4.68574e-25
1.3 4.75 5.23053e-25
1.3 4.8 5.72305e-25
1.3 4.85 6.13797e-25
1.3 4.9 6.45264e-25
1.3 4.95 6.64913e-25
1.3 5 6.71595e-25
1.3 5.05 6.64913e-25
1.3 5.1 6.45264e-25
1.3 5.15 6.13797e-25
1.3 5.2 5.72305e-25
1.3 5.25 5.23053e-25
1.3 5.3 4.68574e-25
1.3 5.35 4.11459e-25
1.3 5.4 3.54152e-25
1.3 5.45 2.98791e-25
1.3 5.5 2.47093e-25
1.3 5.55 2.00295e-25
1.3 5.6 1.59145e-25
1.3 5.65 1.23946e-25
1.3 5.7 9.46204e-26
1.3 5.75 7.08033e-26
1.3 5.8 5.19323e-26
1.3 5.85 3.73368e-26
1.3 5.9 2.63119e-26
1.3 5.95 1.81753e-26
1.3 6 1.23063e-26
1.3 6.05 8.16746e-27
1.3 6.1 5.31328e-27
1.3 6.15 3.38808e-27
1.3 6.2 2.11768e-27
1.3 6.25 1.29742e-27
1.3 6.3 7.79146e-28
1.3 6.35 4.58639e-28
1.3 6.4 2.6463e-28
1.3 6.45 1.49666e-28
1.3 6.5 8.29702e-29
1.3 6.55 4.50855e-29
1.3 6.6 2.40141e-29
1.3 6.65 1.25376e-29
1.3 6.7 6.41615e-30
1.3 6.75 3.21849e-30
1.3 6.8 1.5825e-30
1.3 6.85 7.627e-31
1.3 6.9 3.60312e-31
1.3 6.95 1.66847e-31
1.3 7 7.57314e-32
1.3 7.05 3.36937e-32
1.3 7.1 1.46939e-32
1.3 7.15 6.2812e-33
1.3 7.2 2.63186e-33
1.3 7.25 1.08094e-33
1.3 7.3 4.35165e-34
1.3 7.35 1.71721e-34
1.3 7.4 6.64217e-35
1.3 7.45 2.51833e-35
1.3 7.5 9.35906e-36
1.3 7.55 3.40932e-36
1.3 7.6 1.21736e-36
1.3 7.65 4.26078e-37
1.3 7.7 1.46176e-37
1.3 7.75 4.91562e-38
1.3 7.8 1.62031e-38
1.3 7.85 5.23522e-39
1.3 7.9 1.65802e-39
1.3 7.95 5.14707e-40
1.3 8 1.5662e-40
1.3 8.05 4.67147e-41
1.3 8.1 1.36577e-41
1.3 8.15 3.91397e-42
1.3 8.2 1.09945e-42
1.3 8.25 3.02727e-43
1.3 8.3 8.17043e-44
1.3 8.35 2.16151e-44
1.3 8.4 5.60513e-45
1.3 8.45 1.42473e-45
1.3 8.5 3.54976e-46
1.3 8.55 8.66929e-47
1.3 8.6 2.07532e-47
1.3 8.65 4.86975e-48
1.3 8.7 1.12007e-48
1.3 8.75 2.52525e-49
1.3 8.8 5.58062e-50
1.3 8.85 1.20887e-50
1.3 8.9 2.56681e-51
1.3 8.95 5.3423e-52
1.3 9 1.08989e-52
1.3 9.05 2.17949e-53
1.3 9.1 4.27217e-54
1.3 9.15 8.20845e-55
1.3 9.2 1.54595e-55
1.3 9.25 2.85395e-56
1.3 9.3 5.1644e-57
1.3 9.35 9.16037e-58
1.3 9.4 1.59267e-58
1.3 9.45 2.71432e-59
1.3 9.5 4.53436e-60
1.3 9.55 7.42493e-61
1.3 9.6 1.19176e-61
1.3 9.65 1.87503e-62
1.3 9.7 2.89166e-63
1.3 9.75 4.37129e-64
1.3 9.8 6.47728e-65
1.3 9.85 9.40802e-66
1.3 9.9 1.33945e-66
1.3 9.95 1.85011e-67
1.3 10 0
1.35 0 0
1.35 0.05 8.04346e-67
1.35 0.1 5.82271e-66
1.35 0.15 4.08978e-65
1.35 0.2 2.81577e-64
1.35 0.25 1.90028e-63
1.35 0.3 1.25707e-62
1.35 0.35 8.1512e-62
1.35 0.4 5.18091e-61
1.35 0.45 3.22783e-60
1.35 0.5 1.97123e-59
1.35 0.55 1.18001e-58
1.35 0.6 6.92395e-58
1.35 0.65 3.98238e-57
1.35 0.7 2.24518e-56
1.35 0.75 1.24074e-55
1.35 0.8 6.72096e-55
1.35 0.85 3.56863e-54
1.35 0.9 1.85734e-53
1.35 0.95 9.47546e-53
1.35 1 4.73837e-52
1.35 1.05 2.32262e-51
1.35 1.1 1.11595e-50
1.35 1.15 5.25572e-50
1.35 1.2 2.42627e-49
1.35 1.25 1.0979e-48
1.35 1.3 4.86975e-48
1.35 1.35 2.11724e-47
1.35 1.4 9.02299e-47
1.35 1.45 3.76921e-46
1.35 1.5 1.54336e-45
1.35 1.55 6.19447e-45
1.35 1.6 2.43702e-44
1.35 1.65 9.39791e-44
1.35 1.7 3.5524e-43
1.35 1.75 1.31622e-42
1.35 1.8 4.78031e-42
1.35 1.85 1.70176e-41
1.35 1.9 5.93828e-41
1.35 1.95 2.03114e-40
1.35 2 6.80982e-40
1.35 2.05 2.23794e-39
1.35 2.1 7.20908e-39
1.35 2.15 2.27629e-38
1.35 2.2 7.04518e-38
1.35 2.25 2.13734e-37
1.35 2.3 6.35584e-37
1.35 2.35 1.85263e-36
1.35 2.4 5.29323e-36
1.35 2.45 1.48241e-35
1.35 2.5 4.06945e-35
1.35 2.55 1.09501e-34
1.35 2.6 2.88813e-34
1.35 2.65 7.46674e-34
1.35 2.7 1.89218e-33
1.35 2.75 4.70014e-33
1.35 2.8 1.14439e-32
1.35 2.85 2.73121e-32
1.35 2.9 6.38927e-32
1.35 2.95 1.46509e-31
1.35 3 3.293e-31
1.35 3.05 7.25498e-31
1.35 3.1 1.56674e-30
1.35 3.15 3.31645e-30
1.35 3.2 6.88121e-30
1.35 3.25 1.3995e-29
1.35 3.3 2.78995e-29
1.35 3.35 5.45175e-29
1.35 3.4 1.04422e-28
1.35 3.45 1.96047e-28
1.35 3.5 3.60784e-28
1.35 3.55 6.50802e-28
1.35 3.6 1.15071e-27
1.35 3.65 1.99434e-27
1.35 3.7 3.38803e-27
1.35 3.75 5.64171e-27
1.35 3.8 9.20852e-27
1.35 3.85 1.47328e-26
1.35 3.9 2.31043e-26
1.35 3.95 3.55156e-26
1.35 4 5.35129e-26
1.35 4.05 7.90341e-26
1.35 4.1 1.14416e-25
1.35 4.15 1.62357e-25
1.35 4.2 2.25825e-25
1.35 4.25 3.07885e-25
1.35 4.3 4.11453e-25
1.35 4.35 5.38973e-25
1.35 4.4 6.92036e-25
1.35 4.45 8.70974e-25
1.35 4.5 1.07448e-24
1.35 4.55 1.29928e-24
1.35 4.6 1.54002e-24
1.35 4.65 1.78922e-24
1.35 4.7 2.03759e-24
1.35 4.75 2.27449e-24
1.35 4.8 2.48866e-24
1.35 4.85 2.66909e-24
1.35 4.9 2.80592e-24
1.35 4.95 2.89136e-24
1.35 5 2.92042e-24
1.35 5.05 2.89136e-24
1.35 5.1 2.80592e-24
1.35 5.15 2.66909e-24
1.35 5.2 2.48866e-24
1.35 5.25 2.27449e-24
1.35 5.3 2.03759e-24
1.35 5.35 1.78922e-24
1.35 5.4 1.54002e-24
1.35 5.45 1.29928e-24
1.35 5.5 1.07448e-24
1.35 5.55 8.70974e-25
1.35 5.6 6.92036e-25
1.35 5.65 5.38973e-25
1.35 5.7 4.11453e-25
1.35 5.75 3.07885e-25
1.35 5.8 2.25825e-25
1.35 5.85 1.62357e-25
1.35 5.9 1.14416e-25
1.35 5.95 7.90341e-26
1.35 6 5.35129e-26
1.35 6.05 3.55156e-26
1.35 6.1 2.31043e-26
1.35 6.15 1.47328e-26
1.35 6.2 9.20852e-27
1.35 6.25 5.64171e-27
1.35 6.3 3.38803e-27
1.35 6.35 1.99434e-27
1.35 6.4 1.15071e-27
1.35 6.45 6.50802e-28
1.35 6.5 3.60784e-28
1.35 6.55 1.96047e-28
1.35 6.6 1.04422e-28
1.35 6.65 5.45175e-29
1.35 6.7 2.78995e-29
1.35 6.75 1.3995e-29
1.35 6.8 6.88121e-30
1.35 6.85 3.31645e-30
1.35 6.9 1.56674e-30
1.35 6.95 7.25498e-31
1.35 7 3.293e-31
1.35 7.05 1.46509e-31
1.35 7.1 6.38927e-32
1.35 7.15 2.73121e-32
1.35 7.2 1.14439e-32
1.35 7.25 4.70014e-33
1.35 7.3 1.89218e-33
1.35 7.35 7.46674e-34
1.35 7.4 2.88813e-34
1.35 7.45 1.09501e-34
1.35 7.5 4.06945e-35
1.35 7.55 1.48241e-35
1.35 7.6 5.29323e-36
1.35 7.65 1.85263e-36
1.35 7.7 6.35584e-37
1.35 7.75 2.13734e-37
1.35 7.8 7.04518e-38
1.35 7.85 2.27629e-38
1.35 7.9 7.20908e-39
1.35 7.95 2.23794e-39
1.35 8 6.80982e-40
1.35 8.05 2.03114e-40
1.35 8.1 5.93828e-41
1.35 8.15 1.70176e-41
1.35 8.2 4.78031e-42
1.35 8.25 1.31622e-42
1.35 8.3 3.5524e-43
1.35 8.35 9.39791e-44
1.35 8.4 2.43702e-44
1.35 8.45 6.19447e-45
1.35 8.5 1.54336e-45
1.35 8.55 3.76921e-46
1.35 8.6 9.02299e-47
1.35 8.65 2.11724e-47
1.35 8.7 4.86975e-48
1.35 8.75 1.0979e-48
1.35 8.8 2.42627e-49
1.35 8.85 5.25572e-50
1.35 8.9 1.11595e-50
1.35 8.95 2.32262e-51
1.35 9 4.73837e-52
1.35 9.05 9.47546e-53
1.35 9.1 1.85734e-53
1.35 9.15 3.56863e-54
1.35 9.2 6.72096e-55
1.35 9.25 1.24074e-55
1.35 9.3 2.24518e-56
1.35 9.35 3.98238e-57
1.35 9.4 6.92395e-58
1.35 9.45 1.18001e-58
1.35 9.5 1.97123e-59
1.35 9.55 3.22783e-60
1.35 9.6 5.18091e-61
1.35 9.65 8.1512e-62
1.35 9.7 1.25707e-62
1.35 9.75 1.90028e-63
1.35 9.8 2.81577e-64
1.35 9.85 4.08978e-65
1.35 9.9 5.82271e-66
1.35 9.95 8.04346e-67
1.35 10 0
1.4 0 0
1.4 0.05 3.42773e-66
1.4 0.1 2.4811e-65
1.4 0.15 1.7427e-64
1.4 0.2 1.19984e-63
1.4 0.25 8.09738e-63
1.4 0.3 5.35659e-62
1.4 0.35 3.4734e-61
1.4 0.4 2.20771e-60
1.4 0.45 1.37546e-59
1.4 0.5 8.39999e-59
1.4 0.55 5.02839e-58
1.4 0.6 2.95053e-57
1.4 0.65 1.69704e-56
1.4 0.7 9.5676e-56
1.4 0.75 5.28732e-55
1.4 0.8 2.8641e-54
1.4 0.85 1.52076e-53
1.4 0.9 7.91501e-53
1.4 0.95 4.03797e-52
1.4 1 2.01927e-51
1.4 1.05 9.89796e-51
1.4 1.1 4.75571e-50
1.4 1.15 2.23978e-49
1.4 1.2 1.03398e-48
1.4 1.25 4.67886e-48
1.4 1.3 2.07532e-47
1.4 1.35 9.02299e-47
1.4 1.4 3.84533e-46
1.4 1.45 1.60633e-45
1.4 1.5 6.57742e-45
1.4 1.55 2.63994e-44
1.4 1.6 1.0386e-43
1.4 1.65 4.0052e-43
1.4 1.7 1.51397e-42
1.4 1.75 5.60953e-42
1.4 1.8 2.0373e-41
1.4 1.85 7.2527e-41
1.4 1.9 2.53083e-40
1.4 1.95 8.65652e-40
1.4 2 2.90229e-39
1.4 2.05 9.53798e-39
1.4 2.1 3.07248e-38
1.4 2.15 9.70148e-38
1.4 2.2 3.00265e-37
1.4 2.25 9.10936e-37
1.4 2.3 2.70887e-36
1.4 2.35 7.89596e-36
1.4 2.4 2.256e-35
1.4 2.45 6.31814e-35
1.4 2.5 1.73443e-34
1.4 2.55 4.66702e-34
1.4 2.6 1.23095e-33
1.4 2.65 3.18241e-33
1.4 2.7 8.06472e-33
1.4 2.75 2.00326e-32
1.4 2.8 4.87757e-32
1.4 2.85 1.16409e-31
1.4 2.9 2.72322e-31
1.4 2.95 6.24447e-31
1.4 3 1.40354e-30
1.4 3.05 3.09222e-30
1.4 3.1 6.67778e-30
1.4 3.15 1.41354e-29
1.4 3.2 2.93294e-29
1.4 3.25 5.96501e-29
1.4 3.3 1.18915e-28
1.4 3.35 2.32368e-28
1.4 3.4 4.45074e-28
1.4 3.45 8.3561e-28
1.4 3.5 1.53777e-27
1.4 3.55 2.77391e-27
1.4 3.6 4.90468e-27
1.4 3.65 8.5005e-27
1.4 3.7 1.44409e-26
1.4 3.75 2.40468e-26
1.4 3.8 3.92498e-26
1.4 3.85 6.2796e-26
1.4 3.9 9.84787e-26
1.4 3.95 1.5138e-25
1.4 4 2.28091e-25
1.4 4.05 3.36872e-25
1.4 4.1 4.87681e-25
1.4 4.15 6.92026e-25
1.4 4.2 9.62552e-25
1.4 4.25 1.31232e-24
1.4 4.3 1.75377e-24
1.4 4.35 2.29731e-24
1.4 4.4 2.94973e-24
1.4 4.45 3.71244e-24
1.4 4.5 4.57985e-24
1.4 4.55 5.53807e-24
1.4 4.6 6.56418e-24
1.4 4.65 7.62638e-24
1.4 4.7 8.68502e-24
1.4 4.75 9.69478e-24
1.4 4.8 1.06077e-23
1.4 4.85 1.13767e-23
1.4 4.9 1.196e-23
1.4 4.95 1.23242e-23
1.4 5 1.2448e-23
1.4 5.05 1.23242e-23
1.4 5.1 1.196e-23
1.4 5.15 1.13767e-23
1.4 5.2 1.06077e-23
1.4 5.25 9.69478e-24
1.4 5.3 8.68502e-24
1.4 5.35 7.62638e-24
1.4 5.4 6.56418e-24
1.4 5.45 5.53807e-24
1.4 5.5 4.57985e-24
1.4 5.55 3.71244e-24
1.4 5.6 2.94973e-24
1.4 5.65 2.29731e-24
1.4 5.7 1.75377e-24
1.4 5.75 1.31232e-24
1.4 5.8 9.62552e-25
1.4 5.85 6.92026e-25
1.4 5.9 4.87681e-25
1.4 5.95 3.36872e-25
1.4 6 2.28091e-25
1.4 6.05 1.5138e-25
1.4 6.1 9.84787e-26
1.4 6.15 6.2796e-26
1.4 6.2 3.92498e-26
1.4 6.25 2.40468e-26
1.4 6.3 1.44409e-26
1.4 6.35 8.5005e-27
1.4 6.4 4.90468e-27
1.4 6.45 2.77391e-27
1.4 6.5 1.53777e-27
1.4 6.55 8.3561e-28
1.4 6.6 4.45074e-28
1.4 6.65 2.32368e-28
1.4 6.7 1.18915e-28
1.4 6.75 5.96501e-29
1.4 6.8 2.93294e-29
1.4 6.85 1.41354e-29
1.4 6.9 6.67778e-30
1.4 6.95 3.09222e-30
1.4 7 1.40354e-30
1.4 7.05 6.24447e-31
1.4 7.1 2.72322e-31
1.4 7.15 1.16409e-31
1.4 7.2 4.87757e-32
1.4 7.25 2.00326e-32
1.4 7.3 8.06472e-33
1.4 7.35 3.18241e-33
1.4 7.4 1.23095e-33
1.4 7.45 4.66702e-34
1.4 7.5 1.73443e-34
1.4 7.55 6.31814e-35
1.4 7.6 2.256e-35
1.4 7.65 7.89596e-36
1.4 7.7 2.70887e-36
1.4 7.75 9.10936e-37
1.4 7.8 3.00265e-37
1.4 7.85 9.70148e-38
1.4 7.9 3.07248e-38
1.4 7.95 9.53798e-39
1.4 8 2.90229e-39
1.4 8.05 8.65652e-40
1.4 8.1 2.53083e-40
1.4 8.15 7.2527e-41
1.4 8.2 2.0373e-41
1.4 8.25 5.60953e-42
1.4 8.3 1.51397e-42
1.4 8.35 4.0052e-43
1.4 8.4 1.0386e-43
1.4 8.45 2.63994e-44
1.4 8.5 6.57742e-45
1.4 8.55 1.60633e-45
1.4 8.6 3.84533e-46
1.4 8.65 9.02299e-47
1.4 8.7 2.07532e-47
1.4 8.75 4.67886e-48
1.4 8.8 1.03398e-48
1.4 8.85 2.23978e-49
1.4 8.9 4.75571e-50
1.4 8.95 9.89796e-51
1.4 9 2.01927e-51
1.4 9.05 4.03797e-52
1.4 9.1 7.91501e-53
1.4 9.15 1.52076e-53
1.4 9.2 2.8641e-54
1.4 9.25 5.28732e-55
1.4 9.3 9.5676e-56
1.4 9.35 1.69704e-56
1.4 9.4 2.95053e-57
1.4 9.45 5.02839e-58
1.4 9.5 8.39999e-59
1.4 9.55 1.37546e-59
1.4 9.6 2.20771e-60
1.4 9.65 3.4734e-61
1.4 9.7 5.35659e-62
1.4 9.75 8.09738e-63
1.4 9.8 1.19984e-63
1.4 9.85 1.7427e-64
1.4 9.9 2.4811e-65
1.4 9.95 3.42773e-66
1.4 10 0
1.45 0 0
1.45 0.05 1.43182e-65
1.45 0.1 1.03629e-64
1.45 0.15 7.27886e-64
1.45 0.2 5.01148e-63
1.45 0.25 3.38214e-62
1.45 0.3 2.23737e-61
1.45 0.35 1.4508e-60
1.45 0.4 9.22138e-60
1.45 0.45 5.74522e-59
1.45 0.5 3.50864e-58
1.45 0.55 2.10035e-57
1.45 0.6 1.23244e-56
1.45 0.65 7.08857e-56
1.45 0.7 3.99644e-55
1.45 0.75 2.20855e-54
1.45 0.8 1.19636e-53
1.45 0.85 6.35239e-53
1.45 0.9 3.30622e-52
1.45 0.95 1.68673e-51
1.45 1 8.43489e-51
1.45 1.05 4.13459e-50
1.45 1.1 1.98657e-49
1.45 1.15 9.35612e-49
1.45 1.2 4.31923e-48
1.45 1.25 1.9545e-47
1.45 1.3 8.66929e-47
1.45 1.35 3.76921e-46
1.45 1.4 1.60633e-45
1.45 1.45 6.71026e-45
1.45 1.5 2.74765e-44
1.45 1.55 1.10281e-43
1.45 1.6 4.3387e-43
1.45 1.65 1.67315e-42
1.45 1.7 6.32455e-42
1.45 1.75 2.34337e-41
1.45 1.8 8.51082e-41
1.45 1.85 3.02983e-40
1.45 1.9 1.05726e-39
1.45 1.95 3.61631e-39
1.45 2 1.21245e-38
1.45 2.05 3.98457e-38
1.45 2.1 1.28356e-37
1.45 2.15 4.05291e-37
1.45 2.2 1.2544e-36
1.45 2.25 3.80557e-36
1.45 2.3 1.13167e-35
1.45 2.35 3.29868e-35
1.45 2.4 9.42486e-35
1.45 2.45 2.63953e-34
1.45 2.5 7.24595e-34
1.45 2.55 1.94976e-33
1.45 2.6 5.14259e-33
1.45 2.65 1.32953e-32
1.45 2.7 3.36925e-32
1.45 2.75 8.36919e-32
1.45 2.8 2.03775e-31
1.45 2.85 4.86332e-31
1.45 2.9 1.13771e-30
1.45 2.95 2.60883e-30
1.45 3 5.86377e-30
1.45 3.05 1.29188e-29
1.45 3.1 2.78988e-29
1.45 3.15 5.9056e-29
1.45 3.2 1.22534e-28
1.45 3.25 2.49211e-28
1.45 3.3 4.96813e-28
1.45 3.35 9.7081e-28
1.45 3.4 1.85948e-27
1.45 3.45 3.49111e-27
1.45 3.5 6.42467e-27
1.45 3.55 1.15892e-26
1.45 3.6 2.04915e-26
1.45 3.65 3.55146e-26
1.45 3.7 6.03333e-26
1.45 3.75 1.00467e-25
1.45 3.8 1.63984e-25
1.45 3.85 2.6236e-25
1.45 3.9 4.11442e-25
1.45 3.95 6.32462e-25
1.45 4 9.52963e-25
1.45 4.05 1.40745e-24
1.45 4.1 2.03753e-24
1.45 4.15 2.89129e-24
1.45 4.2 4.02155e-24
1.45 4.25 5.4829e-24
1.45 4.3 7.32728e-24
1.45 4.35 9.59821e-24
1.45 4.4 1.2324e-23
1.45 4.45 1.55106e-23
1.45 4.5 1.91347e-23
1.45 4.55 2.31382e-23
1.45 4.6 2.74254e-23
1.45 4.65 3.18633e-23
1.45 4.7 3.62863e-23
1.45 4.75 4.05052e-23
1.45 4.8 4.43193e-23
1.45 4.85 4.75325e-23
1.45 4.9 4.99693e-23
1.45 4.95 5.14909e-23
1.45 5 5.20084e-23
1.45 5.05 5.14909e-23
1.45 5.1 4.99693e-23
1.45 5.15 4.75325e-23
1.45 5.2 4.43193e-23
1.45 5.25 4.05052e-23
1.45 5.3 3.62863e-23
1.45 5.35 3.18633e-23
1.45 5.4 2.74254e-23
1.45 5.45 2.31382e-23
1.45 5.5 1.91347e-23
1.45 5.55 1.55106e-23
1.45 5.6 1.2324e-23
1.45 5.65 9.59821e-24
1.45 5.7 7.32728e-24
1.45 5.75 5.4829e-24
1.45 5.8 4.02155e-24
1.45 5.85 2.89129e-24
1.45 5.9 2.03753e-24
1.45 5.95 1.40745e-24
1.45 6 9.52963e-25
1.45 6.05 6.32462e-25
1.45 6.1 4.11442e-25
1.45 6.15 2.6236e-25
1.45 6.2 1.63984e-25
1.45 6.25 1.00467e-25
1.45 6.3 6.03333e-26
1.45 6.35 3.55146e-26
1.45 6.4 2.04915e-26
1.45 6.45 1.15892e-26
1.45 6.5 6.42467e-27
1.45 6.55 3.49111e-27
1.45 6.6 1.85948e-27
1.45 6.65 9.7081e-28
1.45 6.7 4.96813e-28
1.45 6.75 2.49211e-28
1.45 6.8 1.22534e-28
1.45 6.85 5.9056e-29
1.45 6.9 2.78988e-29
1.45 6.95 1.29188e-29
1.45 7 5.86377e-30
1.45 7.05 2.60883e-30
1.45 7.1 1.13771e-30
1.45 7.15 4.86332e-31
1.45 7.2 2.03775e-31
1.45 7.25 8.36919e-32
1.45 7.3 3.36925e-32
1.45 7.35 1.32953e-32
1.45 7.4 5.14259e-33
1.45 7.45 1.94976e-33
1.45 7.5 7.24595e-34
1.45 7.55 2.63953e-34
1.45 7.6 9.42486e-35
1.45 7.65 3.29868e-35
1.45 7.7 1.13167e-35
1.45 7.75 3.80557e-36
1.45 7.8 1.2544e-36
1.45 7.85 4.05291e-37
1.45 7.9 1.28356e-37
1.45 7.95 3.98457e-38
1.45 8 1.21245e-38
1.45 8.05 3.61631e-39
1.45 8.1 1.05726e-39
1.45 8.15 3.02983e-40
1.45 8.2 8.51082e-41
1.45 8.25 2.34337e-41
1.45 8.3 6.32455e-42
1.45 8.35 1.67315e-42
1.45 8.4 4.3387e-43
1.45 8.45 1.10281e-43
1.45 8.5 2.74765e-44
1.45 8.55 6.71026e-45
1.45 8.6 1.60633e-45
1.45 8.65 3.76921e-46
1.45 8.7 8.66929e-47
1.45 8.75 1.9545e-47
1.45 8.8 4.31923e-48
1.45 8.85 9.35612e-49
1.45 8.9 1.98657e-49
1.45 8.95 4.13459e-50
1.45 9 8.43489e-51
1.45 9.05 1.68673e-51
1.45 9.1 3.30622e-52
1.45 9.15 6.35239e-53
1.45 9.2 1.19636e-53
1.45 9.25 2.20855e-54
1.45 9.3 3.99644e-55
1.45 9.35 7.08857e-56
1.45 9.4 1.23244e-56
1.45 9.45 2.10035e-57
1.45 9.5 3.50864e-58
1.45 9.55 5.74522e-59
1.45 9.6 9.22138e-60
1.45 9.65 1.4508e-60
1.45 9.7 2.23737e-61
1.45 9.75 3.38214e-62
1.45 9.8 5.01148e-63
1.45 9.85 7.27886e-64
1.45 9.9 1.03629e-64
1.45 9.95 1.43182e-65
1.45 10 0
1.5 0 0
1.5 0.05 5.86259e-65
1.5 0.1 4.24267e-64
1.5 0.15 2.98005e-63
1.5 0.2 2.05177e-62
1.5 0.25 1.38471e-61
1.5 0.3 9.16024e-61
1.5 0.35 5.93988e-60
1.5 0.4 3.77546e-59
1.5 0.45 2.35225e-58
1.5 0.5 1.43654e-57
1.5 0.55 8.5995e-57
1.5 0.6 5.04602e-56
1.5 0.65 2.90232e-55
1.5 0.7 1.6363e-54
1.5 0.75 9.04272e-54
1.5 0.8 4.89842e-53
1.5 0.85 2.60096e-52
1.5 0.9 1.35372e-51
1.5 0.95 6.90631e-51
1.5 1 3.45368e-50
1.5 1.05 1.69292e-49
1.5 1.1 8.13414e-49
1.5 1.15 3.83094e-48
1.5 1.2 1.76855e-47
1.5 1.25 8.00294e-47
1.5 1.3 3.54976e-46
1.5 1.35 1.54336e-45
1.5 1.4 6.57742e-45
1.5 1.45 2.74765e-44
1.5 1.5 1.12508e-43
1.5 1.55 4.51572e-43
1.5 1.6 1.77659e-42
1.5 1.65 6.85118e-42
1.5 1.7 2.58977e-41
1.5 1.75 9.59566e-41
1.5 1.8 3.48503e-40
1.5 1.85 1.24067e-39
1.5 1.9 4.32934e-39
1.5 1.95 1.48083e-38
1.5 2 4.96486e-38
1.5 2.05 1.63164e-37
1.5 2.1 5.25606e-37
1.5 2.15 1.65964e-36
1.5 2.2 5.13668e-36
1.5 2.25 1.55836e-35
1.5 2.3 4.63417e-35
1.5 2.35 1.3508e-34
1.5 2.4 3.85948e-34
1.5 2.45 1.08089e-33
1.5 2.5 2.96724e-33
1.5 2.55 7.98432e-33
1.5 2.6 2.10592e-32
1.5 2.65 5.44452e-32
1.5 2.7 1.37973e-31
1.5 2.75 3.42726e-31
1.5 2.8 8.34477e-31
1.5 2.85 1.99158e-30
1.5 2.9 4.65905e-30
1.5 2.95 1.06835e-29
1.5 3 2.40129e-29
1.5 3.05 5.29045e-29
1.5 3.1 1.1425e-28
1.5 3.15 2.41844e-28
1.5 3.2 5.018e-28
1.5 3.25 1.02057e-27
1.5 3.3 2.03455e-27
1.5 3.35 3.97567e-27
1.5 3.4 7.61496e-27
1.5 3.45 1.42969e-26
1.5 3.5 2.63105e-26
1.5 3.55 4.74606e-26
1.5 3.6 8.39175e-26
1.5 3.65 1.45441e-25
1.5 3.7 2.4708e-25
1.5 3.75 4.11437e-25
1.5 3.8 6.7156e-25
1.5 3.85 1.07444e-24
1.5 3.9 1.68497e-24
1.5 3.95 2.59011e-24
1.5 4 3.90266e-24
1.5 4.05 5.76392e-24
1.5 4.1 8.3443e-24
1.5 4.15 1.18407e-23
1.5 4.2 1.64695e-23
1.5 4.25 2.24542e-23
1.5 4.3 3.00075e-23
1.5 4.35 3.93077e-23
1.5 4.4 5.04708e-23
1.5 4.45 6.35211e-23
1.5 4.5 7.8363e-23
1.5 4.55 9.47586e-23
1.5 4.6 1.12316e-22
1.5 4.65 1.30491e-22
1.5 4.7 1.48605e-22
1.5 4.75 1.65882e-22
1.5 4.8 1.81502e-22
1.5 4.85 1.94662e-22
1.5 4.9 2.04641e-22
1.5 4.95 2.10873e-22
1.5 5 2.12992e-22
1.5 5.05 2.10873e-22
1.5 5.1 2.04641e-22
1.5 5.15 1.94662e-22
1.5 5.2 1.81502e-22
1.5 5.25 1.65882e-22
1.5 5.3 1.48605e-22
1.5 5.35 1.30491e-22
1.5 5.4 1.12316e-22
1.5 5.45 9.47586e-23
1.5 5.5 7.8363e-23
1.5 5.55 6.35211e-23
1.5 5.6 5.04708e-23
1.5 5.65 3.93077e-23
1.5 5.7 3.00075e-23
1.5 5.75 2.24542e-23
1.5 5.8 1.64695e-23
1.5 5.85 1.18407e-23
1.5 5.9 8.3443e-24
1.5 5.95 5.76392e-24
1.5 6 3.90266e-24
1.5 6.05 2.59011e-24
1.5 6.1 1.68497e-24
1.5 6.15 1.07444e-24
1.5 6.2 6.7156e-25
1.5 6.25 4.11437e-25
1.5 6.3 2.4708e-25
1.5 6.35 1.45441e-25
1.5 6.4 8.39175e-26
1.5 6.45 4.74606e-26
1.5 6.5 2.63105e-26
1.5 6.55 1.42969e-26
1.5 6.6 7.61496e-27
1.5 6.65 3.97567e-27
1.5 6.7 2.03455e-27
1.5 6.75 1.02057e-27
1.5 6.8 5.018e-28
1.5 6.85 2.41844e-28
1.5 6.9 1.1425e-28
1.5 6.95 5.29045e-29
1.5 7 2.40129e-29
1.5 7.05 1.06835e-29
1.5 7.1 4.65905e-30
1.5 7.15 1.99158e-30
1.5 7.2 8.34477e-31
1.5 7.25 3.42726e-31
1.5 7.3 1.37973e-31
1.5 7.35 5.44452e-32
1.5 7.4 2.10592e-32
1.5 7.45 7.98432e-33
1.5 7.5 2.96724e-33
1.5 7.55 1.08089e-33
1.5 7.6 3.85948e-34
1.5 7.65 1.3508e-34
1.5 7.7 4.63417e-35
1.5 7.75 1.55836e-35
1.5 7.8 5.13668e-36
1.5 7.85 1.65964e-36
1.5 7.9 5.25606e-37
1.5 7.95 1.63164e-37
1.5 8 4.96486e-38
1.5 8.05 1.48083e-38
1.5 8.1 4.32934e-39
1.5 8.15 1.24067e-39
1.5 8.2 3.48503e-40
1.5 8.25 9.59566e-41
1.5 8.3 2.58977e-41
1.5 8.35 6.85118e-42
1.5 8.4 1.77659e-42
1.5 8.45 4.51572e-43
1.5 8.5 1.12508e-43
1.5 8.55 2.74765e-44
1.5 8.6 6.57742e-45
1.5 8.65 1.54336e-45
1.5 8.7 3.54976e-46
1.5 8.75 8.00294e-47
1.5 8.8 1.76855e-47
1.5 8.85 3.83094e-48
1.5 8.9 8.13414e-49
1.5 8.95 1.69292e-49
1.5 9 3.45368e-50
1.5 9.05 6.90631e-51
1.5 9.1 1.35372e-51
1.5 9.15 2.60096e-52
1.5 9.2 4.89842e-53
1.5 9.25 9.04272e-54
1.5 9.3 1.6363e-54
1.5 9.35 2.90232e-55
1.5 9.4 5.04602e-56
1.5 9.45 8.5995e-57
1.5 9.5 1.43654e-57
1.5 9.55 2.35225e-58
1.5 9.6 3.77546e-59
1.5 9.65 5.93988e-60
1.5 9.7 9.16024e-61
1.5 9.75 1.38471e-61
1.5 9.8 2.05177e-62
1.5 9.85 2.98005e-63
1.5 9.9 4.24267e-64
1.5 9.95 5.86259e-65
1.5 10 0
1.55 0 0
1.55 0.05 2.35293e-64
1.55 0.1 1.70261e-63
1.55 0.15 1.19592e-62
1.55 0.2 8.23402e-62
1.55 0.25 5.55702e-61
1.55 0.3 3.67616e-60
1.55 0.35 2.38379e-59
1.55 0.4 1.51517e-58
1.55 0.45 9.44015e-58
1.55 0.5 5.76522e-57
1.55 0.55 3.45123e-56
1.55 0.6 2.02513e-55
1.55 0.65 1.1648e-54
1.55 0.7 6.56704e-54
1.55 0.75 3.62919e-53
1.55 0.8 1.96593e-52
1.55 0.85 1.04387e-51
1.55 0.9 5.43309e-51
1.55 0.95 2.77182e-50
1.55 1 1.38613e-49
1.55 1.05 6.79456e-49
1.55 1.1 3.26466e-48
1.55 1.15 1.53756e-47
1.55 1.2 7.0982e-47
1.55 1.25 3.21204e-46
1.55 1.3 1.42473e-45
1.55 1.35 6.19447e-45
1.55 1.4 2.63994e-44
1.55 1.45 1.10281e-43
1.55 1.5 4.51572e-43
1.55 1.55 1.81247e-42
1.55 1.6 7.13071e-42
1.55 1.65 2.74987e-41
1.55 1.7 1.03947e-40
1.55 1.75 3.85147e-40
1.55 1.8 1.39881e-39
1.55 1.85 4.97978e-39
1.55 1.9 1.73771e-38
1.55 1.95 5.94379e-38
1.55 2 1.99281e-37
1.55 2.05 6.54917e-37
1.55 2.1 2.10971e-36
1.55 2.15 6.66158e-36
1.55 2.2 2.06181e-35
1.55 2.25 6.25513e-35
1.55 2.3 1.86012e-34
1.55 2.35 5.42204e-34
1.55 2.4 1.54918e-33
1.55 2.45 4.33866e-33
1.55 2.5 1.19104e-32
1.55 2.55 3.2049e-32
1.55 2.6 8.45314e-32
1.55 2.65 2.18544e-31
1.55 2.7 5.53828e-31
1.55 2.75 1.37571e-30
1.55 2.8 3.34962e-30
1.55 2.85 7.99431e-30
1.55 2.9 1.87017e-29
1.55 2.95 4.28843e-29
1.55 3 9.63899e-29
1.55 3.05 2.12364e-28
1.55 3.1 4.58611e-28
1.55 3.15 9.70789e-28
1.55 3.2 2.01428e-27
1.55 3.25 4.09668e-27
1.55 3.3 8.16695e-27
1.55 3.35 1.59589e-26
1.55 3.4 3.05676e-26
1.55 3.45 5.73898e-26
1.55 3.5 1.05615e-25
1.55 3.55 1.90515e-25
1.55 3.6 3.3686e-25
1.55 3.65 5.83828e-25
1.55 3.7 9.91828e-25
1.55 3.75 1.65159e-24
1.55 3.8 2.69578e-24
1.55 3.85 4.31301e-24
1.55 3.9 6.76383e-24
1.55 3.95 1.03973e-23
1.55 4 1.56662e-23
1.55 4.05 2.31377e-23
1.55 4.1 3.3496e-23
1.55 4.15 4.75314e-23
1.55 4.2 6.61125e-23
1.55 4.25 9.01367e-23
1.55 4.3 1.20458e-22
1.55 4.35 1.57791e-22
1.55 4.4 2.02603e-22
1.55 4.45 2.5499e-22
1.55 4.5 3.1457e-22
1.55 4.55 3.80386e-22
1.55 4.6 4.50866e-22
1.55 4.65 5.23824e-22
1.55 4.7 5.96539e-22
1.55 4.75 6.65896e-22
1.55 4.8 7.286e-22
1.55 4.85 7.81425e-22
1.55 4.9 8.21485e-22
1.55 4.95 8.46501e-22
1.55 5 8.55008e-22
1.55 5.05 8.46501e-22
1.55 5.1 8.21485e-22
1.55 5.15 7.81425e-22
1.55 5.2 7.286e-22
1.55 5.25 6.65896e-22
1.55 5.3 5.96539e-22
1.55 5.35 5.23824e-22
1.55 5.4 4.50866e-22
1.55 5.45 3.80386e-22
1.55 5.5 3.1457e-22
1.55 5.55 2.5499e-22
1.55 5.6 2.02603e-22
1.55 5.65 1.57791e-22
1.55 5.7 1.20458e-22
1.55 5.75 9.01367e-23
1.55 5.8 6.61125e-23
1.55 5.85 4.75314e-23
1.55 5.9 3.3496e-23
1.55 5.95 2.31377e-23
1.55 6 1.56662e-23
1.55 6.05 1.03973e-23
1.55 6.1 6.76383e-24
1.55 6.15 4.31301e-24
1.55 6.2 2.69578e-24
1.55 6.25 1.65159e-24
1.55 6.3 9.91828e-25
1.55 6.35 5.83828e-25
1.55 6.4 3.3686e-25
1.55 6.45 1.90515e-25
1.55 6.5 1.05615e-25
1.55 6.55 5.73898e-26
1.55 6.6 3.05676e-26
1.55 6.65 1.59589e-26
1.55 6.7 8.16695e-27
1.55 6.75 4.09668e-27
1.55 6.8 2.01428e-27
1.55 6.85 9.70789e-28
1.55 6.9 4.58611e-28
1.55 6.95 2.12364e-28
1.55 7 9.63899e-29
1.55 7.05 4.28843e-29
1.55 7.1 1.87017e-29
1.55 7.15 7.99431e-30
1.55 7.2 3.34962e-30
1.55 7.25 1.37571e-30
1.55 7.3 5.53828e-31
1.55 7.35 2.18544e-31
1.55 7.4 8.45314e-32
1.55 7.45 3.2049e-32
1.55 7.5 1.19104e-32
1.55 7.55 4.33866e-33
1.55 7.6 1.54918e-33
1.55 7.65 5.42204e-34
1.55 7.7 1.86012e-34
1.55 7.75 6.25513e-35
1.55 7.8 2.06181e-35
1.55 7.85 6.66158e-36
1.55 7.9 2.10971e-36
1.55 7.95 6.54917e-37
1.55 8 1.99281e-37
1.55 8.05 5.94379e-38
1.55 8.1 1.73771e-38
1.55 8.15 4.97978e-39
1.55 8.2 1.39881e-39
1.55 8.25 3.85147e-40
1.55 8.3 1.03947e-40
1.55 8.35 2.74987e-41
1.55 8.4 7.13071e-42
1.55 8.45 1.81247e-42
1.55 8.5 4.51572e-43
1.55 8.55 1.10281e-43
1.55 8.6 2.63994e-44
1.55 8.65 6.19447e-45
1.55 8.7 1.42473e-45
1.55 8.75 3.21204e-46
1.55 8.8 7.0982e-47
1.55 8.85 1.53756e-47
1.55 8.9 3.26466e-48
1.55 8.95 6.79456e-49
1.55 9 1.38613e-49
1.55 9.05 2.77182e-50
1.55 9.1 5.43309e-51
1.55 9.15 1.04387e-51
1.55 9.2 1.96593e-52
1.55 9.25 3.62919e-53
1.55 9.3 6.56704e-54
1.55 9.35 1.1648e-54
1.55 9.4 2.02513e-55
1.55 9.45 3.45123e-56
1.55 9.5 5.76522e-57
1.55 9.55 9.44015e-58
1.55 9.6 1.51517e-58
1.55 9.65 2.38379e-59
1.55 9.7 3.67616e-60
1.55 9.75 5.55702e-61
1.55 9.8 8.23402e-62
1.55 9.85 1.19592e-62
1.55 9.9 1.70261e-63
1.55 9.95 2.35293e-64
1.55 10 0
1.6 0 0
1.6 0.05 9.25651e-64
1.6 0.1 6.69749e-63
1.6 0.15 4.70437e-62
1.6 0.2 3.23901e-61
1.6 0.25 2.18598e-60
1.6 0.3 1.44611e-59
1.6 0.35 9.37728e-59
1.6 0.4 5.96039e-58
1.6 0.45 3.71358e-57
1.6 0.5 2.26794e-56
1.6 0.55 1.35766e-55
1.6 0.6 7.96661e-55
1.6 0.65 4.58221e-54
1.6 0.7 2.58343e-53
1.6 0.75 1.4277e-52
1.6 0.8 7.73392e-52
1.6 0.85 4.10659e-51
1.6 0.9 2.13738e-50
1.6 0.95 1.09044e-49
1.6 1 5.4531e-49
1.6 1.05 2.67303e-48
1.6 1.1 1.28435e-47
1.6 1.15 6.04895e-47
1.6 1.2 2.79252e-46
1.6 1.25 1.26366e-45
1.6 1.3 5.60513e-45
1.6 1.35 2.43702e-44
1.6 1.4 1.0386e-43
1.6 1.45 4.3387e-43
1.6 1.5 1.77659e-42
1.6 1.55 7.13071e-42
1.6 1.6 2.80541e-41
1.6 1.65 1.08188e-40
1.6 1.7 4.08957e-40
1.6 1.75 1.51529e-39
1.6 1.8 5.50339e-39
1.6 1.85 1.95922e-38
1.6 1.9 6.83679e-38
1.6 1.95 2.33851e-37
1.6 2 7.8405e-37
1.6 2.05 2.57671e-36
1.6 2.1 8.30049e-36
1.6 2.15 2.62096e-35
1.6 2.2 8.11208e-35
1.6 2.25 2.46106e-34
1.6 2.3 7.31859e-34
1.6 2.35 2.13329e-33
1.6 2.4 6.09523e-33
1.6 2.45 1.70705e-32
1.6 2.5 4.68617e-32
1.6 2.55 1.26098e-31
1.6 2.6 3.32592e-31
1.6 2.65 8.59872e-31
1.6 2.7 2.17907e-30
1.6 2.75 5.41284e-30
1.6 2.8 1.31794e-29
1.6 2.85 3.14544e-29
1.6 2.9 7.3584e-29
1.6 2.95 1.68733e-28
1.6 3 3.79258e-28
1.6 3.05 8.35574e-28
1.6 3.1 1.80447e-27
1.6 3.15 3.81972e-27
1.6 3.2 7.92553e-27
1.6 3.25 1.61191e-26
1.6 3.3 3.21343e-26
1.6 3.35 6.27932e-26
1.6 3.4 1.20274e-25
1.6 3.45 2.25812e-25
1.6 3.5 4.15563e-25
1.6 3.55 7.49623e-25
1.6 3.6 1.32545e-24
1.6 3.65 2.29721e-24
1.6 3.7 3.90258e-24
1.6 3.75 6.49858e-24
1.6 3.8 1.06072e-23
1.6 3.85 1.69706e-23
1.6 3.9 2.6614e-23
1.6 3.95 4.09109e-23
1.6 4 6.16427e-23
1.6 4.05 9.10415e-23
1.6 4.1 1.31799e-22
1.6 4.15 1.87026e-22
1.6 4.2 2.60138e-22
1.6 4.25 3.54669e-22
1.6 4.3 4.73976e-22
1.6 4.35 6.20875e-22
1.6 4.4 7.97201e-22
1.6 4.45 1.00334e-21
1.6 4.5 1.23777e-21
1.6 4.55 1.49674e-21
1.6 4.6 1.77407e-21
1.6 4.65 2.06115e-21
1.6 4.7 2.34727e-21
1.6 4.75 2.62018e-21
1.6 4.8 2.8669e-21
1.6 4.85 3.07476e-21
1.6 4.9 3.23239e-21
1.6 4.95 3.33082e-21
1.6 5 3.36429e-21
1.6 5.05 3.33082e-21
1.6 5.1 3.23239e-21
1.6 5.15 3.07476e-21
1.6 5.2 2.8669e-21
1.6 5.25 2.62018e-21
1.6 5.3 2.34727e-21
1.6 5.35 2.06115e-21
1.6 5.4 1.77407e-21
1.6 5.45 1.49674e-21
1.6 5.5 1.23777e-21
1.6 5.55 1.00334e-21
1.6 5.6 7.97201e-22
1.6 5.65 6.20875e-22
1.6 5.7 4.73976e-22
1.6 5.75 3.54669e-22
1.6 5.8 2.60138e-22
1.6 5.85 1.87026e-22
1.6 5.9 1.31799e-22
1.6 5.95 9.10415e-23
1.6 6 6.16427e-23
1.6 6.05 4.09109e-23
1.6 6.1 2.6614e-23
1.6 6.15 1.69706e-23
1.6 6.2 1.06072e-23
1.6 6.25 6.49858e-24
1.6 6.3 3.90258e-24
1.6 6.35 2.29721e-24
1.6 6.4 1.32545e-24
1.6 6.45 7.49623e-25
1.6 6.5 4.15563e-25
1.6 6.55 2.25812e-25
1.6 6.6 1.20274e-25
1.6 6.65 6.27932e-26
1.6 6.7 3.21343e-26
1.6 6.75 1.61191e-26
1.6 6.8 7.92553e-27
1.6 6.85 3.81972e-27
1.6 6.9 1.80447e-27
1.6 6.95 8.35574e-28
1.6 7 3.79258e-28
1.6 7.05 1.68733e-28
1.6 7.1 7.3584e-29
1.6 7.15 3.14544e-29
1.6 7.2 1.31794e-29
1.6 7.25 5.41284e-30
1.6 7.3 2.17907e-30
1.6 7.35 8.59872e-31
1.6 7.4 3.32592e-31
1.6 7.45 1.26098e-31
1.6 7.5 4.68617e-32
1.6 7.55 1.70705e-32
1.6 7.6 6.09523e-33
1.6 7.65 2.13329e-33
1.6 7.7 7.31859e-34
1.6 7.75 2.46106e-34
1.6 7.8 8.11208e-35
1.6 7.85 2.62096e-35
1.6 7.9 8.30049e-36
1.6 7.95 2.57671e-36
1.6 8 7.8405e-37
1.6 8.05 2.33851e-37
1.6 8.1 6.83679e-38
1.6 8.15 1.95922e-38
1.6 8.2 5.50339e-39
1.6 8.25 1.51529e-39
1.6 8.3 4.08957e-40
1.6 8.35 1.08188e-40
1.6 8.4 2.80541e-41
1.6 8.45 7.13071e-42
1.6 8.5 1.77659e-42
1.6 8.55 4.3387e-43
1.6 8.6 1.0386e-43
1.6 8.65 2.43702e-44
1.6 8.7 5.60513e-45
1.6 8.75 1.26366e-45
1.6 8.8 2.79252e-46
1.6 8.85 6.04895e-47
1.6 8.9 1.28435e-47
1.6 8.95 2.67303e-48
1.6 9 5.4531e-49
1.6 9.05 1.09044e-49
1.6 9.1 2.13738e-50
1.6 9.15 4.10659e-51
1.6 9.2 7.73392e-52
1.6 9.25 1.4277e-52
1.6 9.3 2.58343e-53
1.6 9.35 4.58221e-54
1.6 9.4 7.96661e-55
1.6 9.45 1.35766e-55
1.6 9.5 2.26794e-56
1.6 9.55 3.71358e-57
1.6 9.6 5.96039e-58
1.6 9.65 9.37728e-59
1.6 9.7 1.44611e-59
1.6 9.75 2.18598e-60
1.6 9.8 3.23901e-61
1.6 9.85 4.70437e-62
1.6 9.9 6.69749e-63
1.6 9.95 9.25651e-64
1.6 10 0
1.65 0 0
1.65 0.05 3.56947e-63
1.65 0.1 2.58242e-62
1.65 0.15 1.81392e-61
1.65 0.2 1.24892e-60
1.65 0.25 8.42886e-60
1.65 0.3 5.57604e-59
1.65 0.35 3.6158e-58
1.65 0.4 2.29829e-57
1.65 0.45 1.43194e-56
1.65 0.5 8.74516e-56
1.65 0.55 5.23516e-55
1.65 0.6 3.07195e-54
1.65 0.65 1.76692e-53
1.65 0.7 9.96187e-53
1.65 0.75 5.50535e-52
1.65 0.8 2.98228e-51
1.65 0.85 1.58355e-50
1.65 0.9 8.24207e-50
1.65 0.95 4.20494e-49
1.65 1 2.10282e-48
1.65 1.05 1.03077e-47
1.65 1.1 4.95273e-47
1.65 1.15 2.33262e-46
1.65 1.2 1.07687e-45
1.65 1.25 4.87304e-45
1.65 1.3 2.16151e-44
1.65 1.35 9.39791e-44
1.65 1.4 4.0052e-43
1.65 1.45 1.67315e-42
1.65 1.5 6.85118e-42
1.65 1.55 2.74987e-41
1.65 1.6 1.08188e-40
1.65 1.65 4.17217e-40
1.65 1.7 1.57711e-39
1.65 1.75 5.84362e-39
1.65 1.8 2.12236e-38
1.65 1.85 7.55567e-38
1.65 1.9 2.6366e-37
1.65 1.95 9.01847e-37
1.65 2 3.0237e-36
1.65 2.05 9.93715e-36
1.65 2.1 3.20112e-35
1.65 2.15 1.01079e-34
1.65 2.2 3.12848e-34
1.65 2.25 9.49126e-34
1.65 2.3 2.82248e-33
1.65 2.35 8.22727e-33
1.65 2.4 2.3507e-32
1.65 2.45 6.58345e-32
1.65 2.5 1.80729e-31
1.65 2.55 4.86315e-31
1.65 2.6 1.2827e-30
1.65 2.65 3.31625e-30
1.65 2.7 8.40399e-30
1.65 2.75 2.08757e-29
1.65 2.8 5.0829e-29
1.65 2.85 1.21311e-28
1.65 2.9 2.83793e-28
1.65 2.95 6.5076e-28
1.65 3 1.4627e-27
1.65 3.05 3.2226e-27
1.65 3.1 6.95942e-27
1.65 3.15 1.47318e-26
1.65 3.2 3.0567e-26
1.65 3.25 6.2168e-26
1.65 3.3 1.23935e-25
1.65 3.35 2.42181e-25
1.65 3.4 4.63874e-25
1.65 3.45 8.70915e-25
1.65 3.5 1.60275e-24
1.65 3.55 2.89117e-24
1.65 3.6 5.11205e-24
1.65 3.65 8.85996e-24
1.65 3.7 1.50517e-23
1.65 3.75 2.50641e-23
1.65 3.8 4.09105e-23
1.65 3.85 6.54535e-23
1.65 3.9 1.02647e-22
1.65 3.95 1.57788e-22
1.65 4 2.37748e-22
1.65 4.05 3.51137e-22
1.65 4.1 5.08335e-22
1.65 4.15 7.21337e-22
1.65 4.2 1.00333e-21
1.65 4.25 1.36792e-21
1.65 4.3 1.82808e-21
1.65 4.35 2.39466e-21
1.65 4.4 3.07473e-21
1.65 4.45 3.86977e-21
1.65 4.5 4.77397e-21
1.65 4.55 5.77282e-21
1.65 4.6 6.84244e-21
1.65 4.65 7.94968e-21
1.65 4.7 9.05321e-21
1.65 4.75 1.01058e-20
1.65 4.8 1.10574e-20
1.65 4.85 1.18591e-20
1.65 4.9 1.24671e-20
1.65 4.95 1.28467e-20
1.65 5 1.29758e-20
1.65 5.05 1.28467e-20
1.65 5.1 1.24671e-20
1.65 5.15 1.18591e-20
1.65 5.2 1.10574e-20
1.65 5.25 1.01058e-20
1.65 5.3 9.05321e-21
1.65 5.35 7.94968e-21
1.65 5.4 6.84244e-21
1.65 5.45 5.77282e-21
1.65 5.5 4.77397e-21
1.65 5.55 3.86977e-21
1.65 5.6 3.07473e-21
1.65 5.65 2.39466e-21
1.65 5.7 1.82808e-21
1.65 5.75 1.36792e-21
1.65 5.8 1.00333e-21
1.65 5.85 7.21337e-22
1.65 5.9 5.08335e-22
1.65 5.95 3.51137e-22
1.65 6 2.37748e-22
1.65 6.05 1.57788e-22
1.65 6.1 1.02647e-22
1.65 6.15 6.54535e-23
1.65 6.2 4.09105e-23
1.65 6.25 2.50641e-23
1.65 6.3 1.50517e-23
1.65 6.35 8.85996e-24
1.65 6.4 5.11205e-24
1.65 6.45 2.89117e-24
1.65 6.5 1.60275e-24
1.65 6.55 8.70915e-25
1.65 6.6 4.63874e-25
1.65 6.65 2.42181e-25
1.65 6.7 1.23935e-25
1.65 6.75 6.2168e-26
1.65 6.8 3.0567e-26
1.65 6.85 1.47318e-26
1.65 6.9 6.95942e-27
1.65 6.95 3.2226e-27
1.65 7 1.4627e-27
1.65 7.05 6.5076e-28
1.65 7.1 2.83793e-28
1.65 7.15 1.21311e-28
1.65 7.2 5.0829e-29
1.65 7.25 2.08757e-29
1.65 7.3 8.40399e-30
1.65 7.35 3.31625e-30
1.65 7.4 1.2827e-30
1.65 7.45 4.86315e-31
1.65 7.5 1.80729e-31
1.65 7.55 6.58345e-32
1.65 7.6 2.3507e-32
1.65 7.65 8.22727e-33
1.65 7.7 2.82248e-33
1.65 7.75 9.49126e-34
1.65 7.8 3.12848e-34
1.65 7.85 1.01079e-34
1.65 7.9 3.20112e-35
1.65 7.95 9.93715e-36
1.65 8 3.0237e-36
1.65 8.05 9.01847e-37
1.65 8.1 2.6366e-37
1.65 8.15 7.55567e-38
1.65 8.2 2.12236e-38
1.65 8.25 5.84362e-39
1.65 8.3 1.57711e-39
1.65 8.35 4.17217e-40
1.65 8.4 1.08188e-40
1.65 8.45 2.74987e-41
1.65 8.5 6.85118e-42
1.65 8.55 1.67315e-42
1.65 8.6 4.0052e-43
1.65 8.65 9.39791e-44
1.65 8.7 2.16151e-44
1.65 8.75 4.87304e-45
1.65 8.8 1.07687e-45
1.65 8.85 2.33262e-46
1.65 8.9 4.95273e-47
1.65 8.95 1.03077e-47
1.65 9 2.10282e-48
1.65 9.05 4.20494e-49
1.65 9.1 8.24207e-50
1.65 9.15 1.58355e-50
1.65 9.2 2.98228e-51
1.65 9.25 5.50535e-52
1.65 9.3 9.96187e-53
1.65 9.35 1.76692e-53
1.65 9.4 3.07195e-54
1.65 9.45 5.23516e-55
1.65 9.5 8.74516e-56
1.65 9.55 1.43194e-56
1.65 9.6 2.29829e-57
1.65 9.65 3.6158e-58
1.65 9.7 5.57604e-59
1.65 9.75 8.42886e-60
1.65 9.8 1.24892e-60
1.65 9.85 1.81392e-61
1.65 9.9 2.58242e-62
1.65 9.95 3.56947e-63
1.65 10 0
1.7 0 0
1.7 0.05 1.3492e-62
1.7 0.1 9.76025e-62
1.7 0.15 6.85576e-61
1.7 0.2 4.72033e-60
1.7 0.25 3.18574e-59
1.7 0.3 2.10751e-58
1.7 0.35 1.36663e-57
1.7 0.4 8.68668e-57
1.7 0.45 5.41224e-56
1.7 0.5 3.30538e-55
1.7 0.55 1.97873e-54
1.7 0.6 1.16111e-53
1.7 0.65 6.67849e-53
1.7 0.7 3.76534e-52
1.7 0.75 2.0809e-51
1.7 0.8 1.12724e-50
1.7 0.85 5.98553e-50
1.7 0.9 3.11536e-49
1.7 0.95 1.5894e-48
1.7 1 7.94837e-48
1.7 1.05 3.89621e-47
1.7 1.1 1.87208e-46
1.7 1.15 8.81712e-46
1.7 1.2 4.0705e-45
1.7 1.25 1.84199e-44
1.7 1.3 8.17043e-44
1.7 1.35 3.5524e-43
1.7 1.4 1.51397e-42
1.7 1.45 6.32455e-42
1.7 1.5 2.58977e-41
1.7 1.55 1.03947e-40
1.7 1.6 4.08957e-40
1.7 1.65 1.57711e-39
1.7 1.7 5.96165e-39
1.7 1.75 2.20896e-38
1.7 1.8 8.02279e-38
1.7 1.85 2.85615e-37
1.7 1.9 9.96676e-37
1.7 1.95 3.40914e-36
1.7 2 1.14301e-35
1.7 2.05 3.75644e-35
1.7 2.1 1.21009e-34
1.7 2.15 3.821e-34
1.7 2.2 1.18264e-33
1.7 2.25 3.58793e-33
1.7 2.3 1.06697e-32
1.7 2.35 3.11013e-32
1.7 2.4 8.88629e-32
1.7 2.45 2.48874e-31
1.7 2.5 6.8321e-31
1.7 2.55 1.83842e-30
1.7 2.6 4.84901e-30
1.7 2.65 1.25365e-29
1.7 2.7 3.177e-29
1.7 2.75 7.89175e-29
1.7 2.8 1.92152e-28
1.7 2.85 4.586e-28
1.7 2.9 1.07285e-27
1.7 2.95 2.46013e-27
1.7 3 5.5296e-27
1.7 3.05 1.21828e-26
1.7 3.1 2.63095e-26
1.7 3.15 5.56924e-26
1.7 3.2 1.15557e-25
1.7 3.25 2.35022e-25
1.7 3.3 4.68532e-25
1.7 3.35 9.15555e-25
1.7 3.4 1.75366e-24
1.7 3.45 3.29247e-24
1.7 3.5 6.05918e-24
1.7 3.55 1.093e-23
1.7 3.6 1.9326e-23
1.7 3.65 3.34951e-23
1.7 3.7 5.69028e-23
1.7 3.75 9.47549e-23
1.7 3.8 1.54663e-22
1.7 3.85 2.47448e-22
1.7 3.9 3.88059e-22
1.7 3.95 5.96522e-22
1.7 4 8.98815e-22
1.7 4.05 1.32748e-21
1.7 4.1 1.92178e-21
1.7 4.15 2.72705e-21
1.7 4.2 3.79312e-21
1.7 4.25 5.17149e-21
1.7 4.3 6.91114e-21
1.7 4.35 9.05314e-21
1.7 4.4 1.16242e-20
1.7 4.45 1.46299e-20
1.7 4.5 1.80483e-20
1.7 4.55 2.18245e-20
1.7 4.6 2.58683e-20
1.7 4.65 3.00543e-20
1.7 4.7 3.42263e-20
1.7 4.75 3.82057e-20
1.7 4.8 4.18034e-20
1.7 4.85 4.48342e-20
1.7 4.9 4.71327e-20
1.7 4.95 4.8568e-20
1.7 5 4.90561e-20
1.7 5.05 4.8568e-20
1.7 5.1 4.71327e-20
1.7 5.15 4.48342e-20
1.7 5.2 4.18034e-20
1.7 5.25 3.82057e-20
1.7 5.3 3.42263e-20
1.7 5.35 3.00543e-20
1.7 5.4 2.58683e-20
1.7 5.45 2.18245e-20
1.7 5.5 1.80483e-20
1.7 5.55 1.46299e-20
1.7 5.6 1.16242e-20
1.7 5.65 9.05314e-21
1.7 5.7 6.91114e-21
1.7 5.75 5.17149e-21
1.7 5.8 3.79312e-21
1.7 5.85 2.72705e-21
1.7 5.9 1.92178e-21
1.7 5.95 1.32748e-21
1.7 6 8.98815e-22
1.7 6.05 5.96522e-22
1.7 6.1 3.88059e-22
1.7 6.15 2.47448e-22
1.7 6.2 1.54663e-22
1.7 6.25 9.47549e-23
1.7 6.3 5.69028e-23
1.7 6.35 3.34951e-23
1.7 6.4 1.9326e-23
1.7 6.45 1.093e-23
1.7 6.5 6.05918e-24
1.7 6.55 3.29247e-24
1.7 6.6 1.75366e-24
1.7 6.65 9.15555e-25
1.7 6.7 4.68532e-25
1.7 6.75 2.35022e-25
1.7 6.8 1.15557e-25
1.7 6.85 5.56924e-26
1.7 6.9 2.63095e-26
1.7 6.95 1.21828e-26
1.7 7 5.5296e-27
1.7 7.05 2.46013e-27
1.7 7.1 1.07285e-27
1.7 7.15 4.586e-28
1.7 7.2 1.92152e-28
1.7 7.25 7.89175e-29
1.7 7.3 3.177e-29
1.7 7.35 1.25365e-29
1.7 7.4 4.84901e-30
1.7 7.45 1.83842e-30
1.7 7.5 6.8321e-31
1.7 7.55 2.48874e-31
1.7 7.6 8.88629e-32
1.7 7.65 3.11013e-32
1.7 7.7 1.06697e-32
1.7 7.75 3.58793e-33
1.7 7.8 1.18264e-33
1.7 7.85 3.821e-34
1.7 7.9 1.21009e-34
1.7 7.95 3.75644e-35
1.7 8 1.14301e-35
1.7 8.05 3.40914e-36
1.7 8.1 9.96676e-37
1.7 8.15 2.85615e-37
1.7 8.2 8.02279e-38
1.7 8.25 2.20896e-38
1.7 8.3 5.96165e-39
1.7 8.35 1.57711e-39
1.7 8.4 4.08957e-40
1.7 8.45 1.03947e-40
1.7 8.5 2.58977e-41
1.7 8.55 6.32455e-42
1.7 8.6 1.51397e-42
1.7 8.65 3.5524e-43
1.7 8.7 8.17043e-44
1.7 8.75 1.84199e-44
1.7 8.8 4.0705e-45
1.7 8.85 8.81712e-46
1.7 8.9 1.87208e-46
1.7 8.95 3.89621e-47
1.7 9 7.94837e-48
1.7 9.05 1.5894e-48
1.7 9.1 3.11536e-49
1.7 9.15 5.98553e-50
1.7 9.2 1.12724e-50
1.7 9.25 2.0809e-51
1.7 9.3 3.76534e-52
1.7 9.35 6.67849e-53
1.7 9.4 1.16111e-53
1.7 9.45 1.97873e-54
1.7 9.5 3.30538e-55
1.7 9.55 5.41224e-56
1.7 9.6 8.68668e-57
1.7 9.65 1.36663e-57
1.7 9.7 2.10751e-58
1.7 9.75 3.18574e-59
1.7 9.8 4.72033e-60
1.7 9.85 6.85576e-61
1.7 9.9 9.76025e-62
1.7 9.95 1.3492e-62
1.7 10 0
1.75 0 0
1.75 0.05 4.99885e-62
1.75 0.1 3.61587e-61
1.75 0.15 2.53986e-60
1.75 0.2 1.74876e-59
1.75 0.25 1.18024e-58
1.75 0.3 7.80787e-58
1.75 0.35 5.0631e-57
1.75 0.4 3.21826e-56
1.75 0.45 2.00515e-55
1.75 0.5 1.2246e-54
1.75 0.55 7.33096e-54
1.75 0.6 4.30179e-53
1.75 0.65 2.47433e-52
1.75 0.7 1.39504e-51
1.75 0.75 7.70964e-51
1.75 0.8 4.17641e-50
1.75 0.85 2.21764e-49
1.75 0.9 1.15425e-48
1.75 0.95 5.88879e-48
1.75 1 2.94491e-47
1.75 1.05 1.44357e-46
1.75 1.1 6.93623e-46
1.75 1.15 3.26684e-45
1.75 1.2 1.50817e-44
1.75 1.25 6.82482e-44
1.75 1.3 3.02727e-43
1.75 1.35 1.31622e-42
1.75 1.4 5.60953e-42
1.75 1.45 2.34337e-41
1.75 1.5 9.59566e-41
1.75 1.55 3.85147e-40
1.75 1.6 1.51529e-39
1.75 1.65 5.84362e-39
1.75 1.7 2.20896e-38
1.75 1.75 8.18482e-38
1.75 1.8 2.97269e-37
1.75 1.85 1.05829e-36
1.75 1.9 3.69301e-36
1.75 1.95 1.2632e-35
1.75 2 4.23528e-35
1.75 2.05 1.3919e-34
1.75 2.1 4.48385e-34
1.75 2.15 1.41583e-33
1.75 2.2 4.38216e-33
1.75 2.25 1.32948e-32
1.75 2.3 3.95359e-32
1.75 2.35 1.15244e-31
1.75 2.4 3.29278e-31
1.75 2.45 9.22193e-31
1.75 2.5 2.53162e-30
1.75 2.55 6.81225e-30
1.75 2.6 1.7968e-29
1.75 2.65 4.64542e-29
1.75 2.7 1.17724e-28
1.75 2.75 2.92431e-28
1.75 2.8 7.12027e-28
1.75 2.85 1.69936e-27
1.75 2.9 3.97549e-27
1.75 2.95 9.11617e-27
1.75 3 2.04903e-26
1.75 3.05 4.51442e-26
1.75 3.1 9.74923e-26
1.75 3.15 2.06374e-25
1.75 3.2 4.28207e-25
1.75 3.25 8.70901e-25
1.75 3.3 1.7362e-24
1.75 3.35 3.3927e-24
1.75 3.4 6.49842e-24
1.75 3.45 1.22007e-23
1.75 3.5 2.24531e-23
1.75 3.55 4.05028e-23
1.75 3.6 7.16157e-23
1.75 3.65 1.24121e-22
1.75 3.7 2.10863e-22
1.75 3.75 3.51131e-22
1.75 3.8 5.7313e-22
1.75 3.85 9.16964e-22
1.75 3.9 1.43802e-21
1.75 3.95 2.21053e-21
1.75 4 3.33074e-21
1.75 4.05 4.91926e-21
1.75 4.1 7.12154e-21
1.75 4.15 1.01056e-20
1.75 4.2 1.40562e-20
1.75 4.25 1.91641e-20
1.75 4.3 2.56107e-20
1.75 4.35 3.35484e-20
1.75 4.4 4.3076e-20
1.75 4.45 5.42145e-20
1.75 4.5 6.6882e-20
1.75 4.55 8.08757e-20
1.75 4.6 9.5861e-20
1.75 4.65 1.11373e-19
1.75 4.7 1.26834e-19
1.75 4.75 1.4158e-19
1.75 4.8 1.54912e-19
1.75 4.85 1.66144e-19
1.75 4.9 1.74661e-19
1.75 4.95 1.7998e-19
1.75 5 1.81789e-19
1.75 5.05 1.7998e-19
1.75 5.1 1.74661e-19
1.75 5.15 1.66144e-19
1.75 5.2 1.54912e-19
1.75 5.25 1.4158e-19
1.75 5.3 1.26834e-19
1.75 5.35 1.11373e-19
1.75 5.4 9.5861e-20
1.75 5.45 8.08757e-20
1.75 5.5 6.6882e-20
1.75 5.55 5.42145e-20
1.75 5.6 4.3076e-20
1.75 5.65 3.35484e-20
1.75 5.7 2.56107e-20
1.75 5.75 1.91641e-20
1.75 5.8 1.40562e-20
1.75 5.85 1.01056e-20
1.75 5.9 7.12154e-21
1.75 5.95 4.91926e-21
1.75 6 3.33074e-21
1.75 6.05 2.21053e-21
1.75 6.1 1.43802e-21
1.75 6.15 9.16964e-22
1.75 6.2 5.7313e-22
1.75 6.25 3.51131e-22
1.75 6.3 2.10863e-22
1.75 6.35 1.24121e-22
1.75 6.4 7.16157e-23
1.75 6.45 4.05028e-23
1.75 6.5 2.24531e-23
1.75 6.55 1.22007e-23
1.75 6.6 6.49842e-24
1.75 6.65 3.3927e-24
1.75 6.7 1.7362e-24
1.75 6.75 8.70901e-25
1.75 6.8 4.28207e-25
1.75 6.85 2.06374e-25
1.75 6.9 9.74923e-26
1.75 6.95 4.51442e-26
1.75 7 2.04903e-26
1.75 7.05 9.11617e-27
1.75 7.1 3.97549e-27
1.75 7.15 1.69936e-27
1.75 7.2 7.12027e-28
1.75 7.25 2.92431e-28
1.75 7.3 1.17724e-28
1.75 7.35 4.64542e-29
1.75 7.4 1.7968e-29
1.75 7.45 6.81225e-30
1.75 7.5 2.53162e-30
1.75 7.55 9.22193e-31
1.75 7.6 3.29278e-31
1.75 7.65 1.15244e-31
1.75 7.7 3.95359e-32
1.75 7.75 1.32948e-32
1.75 7.8 4.38216e-33
1.75 7.85 1.41583e-33
1.75 7.9 4.48385e-34
1.75 7.95 1.3919e-34
1.75 8 4.23528e-35
1.75 8.05 1.2632e-35
1.75 8.1 3.69301e-36
1.75 8.15 1.05829e-36
1.75 8.2 2.97269e-37
1.75 8.25 8.18482e-38
1.75 8.3 2.20896e-38
1.75 8.35 5.84362e-39
1.75 8.4 1.51529e-39
1.75 8.45 3.85147e-40
1.75 8.5 9.59566e-41
1.75 8.55 2.34337e-41
1.75 8.6 5.60953e-42
1.75 8.65 1.31622e-42
1.75 8.7 3.02727e-43
1.75 8.75 6.82482e-44
1.75 8.8 1.50817e-44
1.75 8.85 3.26684e-45
1.75 8.9 6.93623e-46
1.75 8.95 1.44357e-46
1.75 9 2.94491e-47
1.75 9.05 5.88879e-48
1.75 9.1 1.15425e-48
1.75 9.15 2.21764e-49
1.75 9.2 4.17641e-50
1.75 9.25 7.70964e-51
1.75 9.3 1.39504e-51
1.75 9.35 2.47433e-52
1.75 9.4 4.30179e-53
1.75 9.45 7.33096e-54
1.75 9.5 1.2246e-54
1.75 9.55 2.00515e-55
1.75 9.6 3.21826e-56
1.75 9.65 5.0631e-57
1.75 9.7 7.80787e-58
1.75 9.75 1.18024e-58
1.75 9.8 1.74876e-59
1.75 9.85 2.53986e-60
1.75 9.9 3.61587e-61
1.75 9.95 4.99885e-62
1.75 10 0
1.8 0 0
1.8 0.05 1.81544e-61
1.8 0.1 1.31306e-60
1.8 0.15 9.22325e-60
1.8 0.2 6.35047e-59
1.8 0.25 4.28597e-58
1.8 0.3 2.8354e-57
1.8 0.35 1.83865e-56
1.8 0.4 1.16871e-55
1.8 0.45 7.28174e-55
1.8 0.5 4.44718e-54
1.8 0.55 2.66228e-53
1.8 0.6 1.56223e-52
1.8 0.65 8.98576e-52
1.8 0.7 5.06624e-51
1.8 0.75 2.79986e-50
1.8 0.8 1.51672e-49
1.8 0.85 8.05373e-49
1.8 0.9 4.19186e-48
1.8 0.95 2.13863e-47
1.8 1 1.06951e-46
1.8 1.05 5.24267e-46
1.8 1.1 2.51907e-45
1.8 1.15 1.18644e-44
1.8 1.2 5.47735e-44
1.8 1.25 2.47864e-43
1.8 1.3 1.09945e-42
1.8 1.35 4.78031e-42
1.8 1.4 2.0373e-41
1.8 1.45 8.51082e-41
1.8 1.5 3.48503e-40
1.8 1.55 1.39881e-39
1.8 1.6 5.50339e-39
1.8 1.65 2.12236e-38
1.8 1.7 8.02279e-38
1.8 1.75 2.97269e-37
1.8 1.8 1.07967e-36
1.8 1.85 3.8437e-36
1.8 1.9 1.3413e-35
1.8 1.95 4.58795e-35
1.8 2 1.53826e-34
1.8 2.05 5.05542e-34
1.8 2.1 1.62855e-33
1.8 2.15 5.14237e-33
1.8 2.2 1.59163e-32
1.8 2.25 4.82877e-32
1.8 2.3 1.43598e-31
1.8 2.35 4.18578e-31
1.8 2.4 1.19597e-30
1.8 2.45 3.34951e-30
1.8 2.5 9.19516e-30
1.8 2.55 2.4743e-29
1.8 2.6 6.52624e-29
1.8 2.65 1.68729e-28
1.8 2.7 4.27594e-28
1.8 2.75 1.06216e-27
1.8 2.8 2.58622e-27
1.8 2.85 6.17241e-27
1.8 2.9 1.44398e-26
1.8 2.95 3.31118e-26
1.8 3 7.44254e-26
1.8 3.05 1.63974e-25
1.8 3.1 3.54115e-25
1.8 3.15 7.49599e-25
1.8 3.2 1.55535e-24
1.8 3.25 3.16334e-24
1.8 3.3 6.30634e-24
1.8 3.35 1.23232e-23
1.8 3.4 2.36041e-23
1.8 3.45 4.43164e-23
1.8 3.5 8.15563e-23
1.8 3.55 1.47118e-22
1.8 3.6 2.6013e-22
1.8 3.65 4.50847e-22
1.8 3.7 7.6592e-22
1.8 3.75 1.27542e-21
1.8 3.8 2.08179e-21
1.8 3.85 3.33071e-21
1.8 3.9 5.22338e-21
1.8 3.95 8.02937e-21
1.8 4 1.20984e-20
1.8 4.05 1.78684e-20
1.8 4.1 2.58679e-20
1.8 4.15 3.67072e-20
1.8 4.2 5.10571e-20
1.8 4.25 6.96107e-20
1.8 4.3 9.30274e-20
1.8 4.35 1.2186e-19
1.8 4.4 1.56468e-19
1.8 4.45 1.96927e-19
1.8 4.5 2.4294e-19
1.8 4.55 2.93771e-19
1.8 4.6 3.48203e-19
1.8 4.65 4.04549e-19
1.8 4.7 4.60707e-19
1.8 4.75 5.14273e-19
1.8 4.8 5.627e-19
1.8 4.85 6.03497e-19
1.8 4.9 6.34436e-19
1.8 4.95 6.53756e-19
1.8 5 6.60326e-19
1.8 5.05 6.53756e-19
1.8 5.1 6.34436e-19
1.8 5.15 6.03497e-19
1.8 5.2 5.627e-19
1.8 5.25 5.14273e-19
1.8 5.3 4.60707e-19
1.8 5.35 4.04549e-19
1.8 5.4 3.48203e-19
1.8 5.45 2.93771e-19
1.8 5.5 2.4294e-19
1.8 5.55 1.96927e-19
1.8 5.6 1.56468e-19
1.8 5.65 1.2186e-19
1.8 5.7 9.30274e-20
1.8 5.75 6.96107e-20
1.8 5.8 5.10571e-20
1.8 5.85 3.67072e-20
1.8 5.9 2.58679e-20
1.8 5.95 1.78684e-20
1.8 6 1.20984e-20
1.8 6.05 8.02937e-21
1.8 6.1 5.22338e-21
1.8 6.15 3.33071e-21
1.8 6.2 2.08179e-21
1.8 6.25 1.27542e-21
1.8 6.3 7.6592e-22
1.8 6.35 4.50847e-22
1.8 6.4 2.6013e-22
1.8 6.45 1.47118e-22
1.8 6.5 8.15563e-23
1.8 6.55 4.43164e-23
1.8 6.6 2.36041e-23
1.8 6.65 1.23232e-23
1.8 6.7 6.30634e-24
1.8 6.75 3.16334e-24
1.8 6.8 1.55535e-24
1.8 6.85 7.49599e-25
1.8 6.9 3.54115e-25
1.8 6.95 1.63974e-25
1.8 7 7.44254e-26
1.8 7.05 3.31118e-26
1.8 7.1 1.44398e-26
1.8 7.15 6.17241e-27
1.8 7.2 2.58622e-27
1.8 7.25 1.06216e-27
1.8 7.3 4.27594e-28
1.8 7.35 1.68729e-28
1.8 7.4 6.52624e-29
1.8 7.45 2.4743e-29
1.8 7.5 9.19516e-30
1.8 7.55 3.34951e-30
1.8 7.6 1.19597e-30
1.8 7.65 4.18578e-31
1.8 7.7 1.43598e-31
1.8 7.75 4.82877e-32
1.8 7.8 1.59163e-32
1.8 7.85 5.14237e-33
1.8 7.9 1.62855e-33
1.8 7.95 5.05542e-34
1.8 8 1.53826e-34
1.8 8.05 4.58795e-35
1.8 8.1 1.3413e-35
1.8 8.15 3.8437e-36
1.8 8.2 1.07967e-36
1.8 8.25 2.97269e-37
1.8 8.3 8.02279e-38
1.8 8.35 2.12236e-38
1.8 8.4 5.50339e-39
1.8 8.45 1.39881e-39
1.8 8.5 3.48503e-40
1.8 8.55 8.51082e-41
1.8 8.6 2.0373e-41
1.8 8.65 4.78031e-42
1.8 8.7 1.09945e-42
1.8 8.75 2.47864e-43
1.8 8.8 5.47735e-44
1.8 8.85 1.18644e-44
1.8 8.9 2.51907e-45
1.8 8.95 5.24267e-46
1.8 9 1.06951e-46
1.8 9.05 2.13863e-47
1.8 9.1 4.19186e-48
1.8 9.15 8.05373e-49
1.8 9.2 1.51672e-49
1.8 9.25 2.79986e-50
1.8 9.3 5.06624e-51
1.8 9.35 8.98576e-52
1.8 9.4 1.56223e-52
1.8 9.45 2.66228e-53
1.8 9.5 4.44718e-54
1.8 9.55 7.28174e-55
1.8 9.6 1.16871e-55
1.8 9.65 1.83865e-56
1.8 9.7 2.8354e-57
1.8 9.75 4.28597e-58
1.8 9.8 6.35047e-59
1.8 9.85 9.22325e-60
1.8 9.9 1.31306e-60
1.8 9.95 1.81544e-61
1.8 10 0
1.85 0 0
1.85 0.05 6.46263e-61
1.85 0.1 4.67384e-60
1.85 0.15 3.28304e-59
1.85 0.2 2.26048e-58
1.85 0.25 1.52562e-57
1.85 0.3 1.00928e-56
1.85 0.35 6.54488e-56
1.85 0.4 4.16017e-55
1.85 0.45 2.59204e-54
1.85 0.5 1.58304e-53
1.85 0.55 9.47688e-53
1.85 0.6 5.56106e-52
1.85 0.65 3.19868e-51
1.85 0.7 1.80345e-50
1.85 0.75 9.96681e-50
1.85 0.8 5.39919e-49
1.85 0.85 2.86696e-48
1.85 0.9 1.49222e-47
1.85 0.95 7.61315e-47
1.85 1 3.80728e-46
1.85 1.05 1.86632e-45
1.85 1.1 8.96755e-45
1.85 1.15 4.22359e-44
1.85 1.2 1.94988e-43
1.85 1.25 8.82376e-43
1.85 1.3 3.91397e-42
1.85 1.35 1.70176e-41
1.85 1.4 7.2527e-41
1.85 1.45 3.02983e-40
1.85 1.5 1.24067e-39
1.85 1.55 4.97978e-39
1.85 1.6 1.95922e-38
1.85 1.65 7.55567e-38
1.85 1.7 2.85615e-37
1.85 1.75 1.05829e-36
1.85 1.8 3.8437e-36
1.85 1.85 1.36839e-35
1.85 1.9 4.77516e-35
1.85 1.95 1.63336e-34
1.85 2 5.47639e-34
1.85 2.05 1.7998e-33
1.85 2.1 5.79788e-33
1.85 2.15 1.83076e-32
1.85 2.2 5.66646e-32
1.85 2.25 1.71913e-31
1.85 2.3 5.11236e-31
1.85 2.35 1.49022e-30
1.85 2.4 4.25791e-30
1.85 2.45 1.1925e-29
1.85 2.5 3.27369e-29
1.85 2.55 8.80912e-29
1.85 2.6 2.32351e-28
1.85 2.65 6.00719e-28
1.85 2.7 1.52235e-27
1.85 2.75 3.78159e-27
1.85 2.8 9.20767e-27
1.85 2.85 2.19756e-26
1.85 2.9 5.14101e-26
1.85 2.95 1.17888e-25
1.85 3 2.64978e-25
1.85 3.05 5.83801e-25
1.85 3.1 1.26077e-24
1.85 3.15 2.66883e-24
1.85 3.2 5.53761e-24
1.85 3.25 1.12626e-23
1.85 3.3 2.24528e-23
1.85 3.35 4.38752e-23
1.85 3.4 8.40393e-23
1.85 3.45 1.57783e-22
1.85 3.5 2.90372e-22
1.85 3.55 5.23798e-22
1.85 3.6 9.26165e-22
1.85 3.65 1.6052e-21
1.85 3.7 2.72699e-21
1.85 3.75 4.54102e-21
1.85 3.8 7.41205e-21
1.85 3.85 1.18587e-20
1.85 3.9 1.85975e-20
1.85 3.95 2.8588e-20
1.85 4 4.30754e-20
1.85 4.05 6.36195e-20
1.85 4.1 9.21012e-20
1.85 4.15 1.30694e-19
1.85 4.2 1.81786e-19
1.85 4.25 2.47846e-19
1.85 4.3 3.3122e-19
1.85 4.35 4.33877e-19
1.85 4.4 5.57098e-19
1.85 4.45 7.0115e-19
1.85 4.5 8.64979e-19
1.85 4.55 1.04596e-18
1.85 4.6 1.23977e-18
1.85 4.65 1.44038e-18
1.85 4.7 1.64033e-18
1.85 4.75 1.83105e-18
1.85 4.8 2.00348e-18
1.85 4.85 2.14873e-18
1.85 4.9 2.25889e-18
1.85 4.95 2.32768e-18
1.85 5 2.35107e-18
1.85 5.05 2.32768e-18
1.85 5.1 2.25889e-18
1.85 5.15 2.14873e-18
1.85 5.2 2.00348e-18
1.85 5.25 1.83105e-18
1.85 5.3 1.64033e-18
1.85 5.35 1.44038e-18
1.85 5.4 1.23977e-18
1.85 5.45 1.04596e-18
1.85 5.5 8.64979e-19
1.85 5.55 7.0115e-19
1.85 5.6 5.57098e-19
1.85 5.65 4.33877e-19
1.85 5.7 3.3122e-19
1.85 5.75 2.47846e-19
1.85 5.8 1.81786e-19
1.85 5.85 1.30694e-19
1.85 5.9 9.21012e-20
1.85 5.95 6.36195e-20
1.85 6 4.30754e-20
1.85 6.05 2.8588e-20
1.85 6.1 1.85975e-20
1.85 6.15 1.18587e-20
1.85 6.2 7.41205e-21
1.85 6.25 4.54102e-21
1.85 6.3 2.72699e-21
1.85 6.35 1.6052e-21
1.85 6.4 9.26165e-22
1.85 6.45 5.23798e-22
1.85 6.5 2.90372e-22
1.85 6.55 1.57783e-22
1.85 6.6 8.40393e-23
1.85 6.65 4.38752e-23
1.85 6.7 2.24528e-23
1.85 6.75 1.12626e-23
1.85 6.8 5.53761e-24
1.85 6.85 2.66883e-24
1.85 6.9 1.26077e-24
1.85 6.95 5.83801e-25
1.85 7 2.64978e-25
1.85 7.05 1.17888e-25
1.85 7.1 5.14101e-26
1.85 7.15 2.19756e-26
1.85 7.2 9.20767e-27
1.85 7.25 3.78159e-27
1.85 7.3 1.52235e-27
1.85 7.35 6.00719e-28
1.85 7.4 2.32351e-28
1.85 7.45 8.80912e-29
1.85 7.5 3.27369e-29
1.85 7.55 1.1925e-29
1.85 7.6 4.25791e-30
1.85 7.65 1.49022e-30
1.85 7.7 5.11236e-31
1.85 7.75 1.71913e-31
1.85 7.8 5.66646e-32
1.85 7.85 1.83076e-32
1.85 7.9 5.79788e-33
1.85 7.95 1.7998e-33
1.85 8 5.47639e-34
1.85 8.05 1.63336e-34
1.85 8.1 4.77516e-35
1.85 8.15 1.36839e-35
1.85 8.2 3.8437e-36
1.85 8.25 1.05829e-36
1.85 8.3 2.85615e-37
1.85 8.35 7.55567e-38
1.85 8.4 1.95922e-38
1.85 8.45 4.97978e-39
1.85 8.5 1.24067e-39
1.85 8.55 3.02983e-40
1.85 8.6 7.2527e-41
1.85 8.65 1.70176e-41
1.85 8.7 3.91397e-42
1.85 8.75 8.82376e-43
1.85 8.8 1.94988e-43
1.85 8.85 4.22359e-44
1.85 8.9 8.96755e-45
1.85 8.95 1.86632e-45
1.85 9 3.80728e-46
1.85 9.05 7.61315e-47
1.85 9.1 1.49222e-47
1.85 9.15 2.86696e-48
1.85 9.2 5.39919e-49
1.85 9.25 9.96681e-50
1.85 9.3 1.80345e-50
1.85 9.35 3.19868e-51
1.85 9.4 5.56106e-52
1.85 9.45 9.47688e-53
1.85 9.5 1.58304e-53
1.85 9.55 2.59204e-54
1.85 9.6 4.16017e-55
1.85 9.65 6.54488e-56
1.85 9.7 1.00928e-56
1.85 9.75 1.52562e-57
1.85 9.8 2.26048e-58
1.85 9.85 3.28304e-59
1.85 9.9 4.67384e-60
1.85 9.95 6.46263e-61
1.85 10 0
1.9 0 0
1.9 0.05 2.25505e-60
1.9 0.1 1.63073e-59
1.9 0.15 1.14548e-58
1.9 0.2 7.88703e-58
1.9 0.25 5.32306e-57
1.9 0.3 3.52153e-56
1.9 0.35 2.28361e-55
1.9 0.4 1.45156e-54
1.9 0.45 9.04413e-54
1.9 0.5 5.52358e-53
1.9 0.55 3.3067e-52
1.9 0.6 1.94039e-51
1.9 0.65 1.1161e-50
1.9 0.7 6.29273e-50
1.9 0.75 3.47772e-49
1.9 0.8 1.88395e-48
1.9 0.85 1.00038e-47
1.9 0.9 5.20688e-47
1.9 0.95 2.65651e-46
1.9 1 1.32851e-45
1.9 1.05 6.51231e-45
1.9 1.1 3.12915e-44
1.9 1.15 1.47379e-43
1.9 1.2 6.804e-43
1.9 1.25 3.07901e-42
1.9 1.3 1.36577e-41
1.9 1.35 5.93828e-41
1.9 1.4 2.53083e-40
1.9 1.45 1.05726e-39
1.9 1.5 4.32934e-39
1.9 1.55 1.73771e-38
1.9 1.6 6.83679e-38
1.9 1.65 2.6366e-37
1.9 1.7 9.96676e-37
1.9 1.75 3.69301e-36
1.9 1.8 1.3413e-35
1.9 1.85 4.77516e-35
1.9 1.9 1.66635e-34
1.9 1.95 5.69985e-34
1.9 2 1.91107e-33
1.9 2.05 6.28068e-33
1.9 2.1 2.02327e-32
1.9 2.15 6.38879e-32
1.9 2.2 1.97742e-31
1.9 2.25 5.99925e-31
1.9 2.3 1.78407e-30
1.9 2.35 5.20046e-30
1.9 2.4 1.4859e-29
1.9 2.45 4.16153e-29
1.9 2.5 1.14244e-28
1.9 2.55 3.07418e-28
1.9 2.6 8.10851e-28
1.9 2.65 2.09638e-27
1.9 2.7 5.31269e-27
1.9 2.75 1.3197e-26
1.9 2.8 3.2133e-26
1.9 2.85 7.66909e-26
1.9 2.9 1.79412e-25
1.9 2.95 4.11411e-25
1.9 3 9.24732e-25
1.9 3.05 2.03738e-24
1.9 3.1 4.3999e-24
1.9 3.15 9.31385e-24
1.9 3.2 1.93255e-23
1.9 3.25 3.93051e-23
1.9 3.3 7.83578e-23
1.9 3.35 1.5312e-22
1.9 3.4 2.93288e-22
1.9 3.45 5.50648e-22
1.9 3.5 1.01337e-21
1.9 3.55 1.82801e-21
1.9 3.6 3.23224e-21
1.9 3.65 5.60201e-21
1.9 3.7 9.51699e-21
1.9 3.75 1.58478e-20
1.9 3.8 2.58676e-20
1.9 3.85 4.13863e-20
1.9 3.9 6.49042e-20
1.9 3.95 9.97708e-20
1.9 4 1.50331e-19
1.9 4.05 2.22029e-19
1.9 4.1 3.2143e-19
1.9 4.15 4.56118e-19
1.9 4.2 6.34428e-19
1.9 4.25 8.64974e-19
1.9 4.3 1.15595e-18
1.9 4.35 1.51422e-18
1.9 4.4 1.94426e-18
1.9 4.45 2.447e-18
1.9 4.5 3.01876e-18
1.9 4.55 3.65038e-18
1.9 4.6 4.32676e-18
1.9 4.65 5.02692e-18
1.9 4.7 5.72475e-18
1.9 4.75 6.39035e-18
1.9 4.8 6.99211e-18
1.9 4.85 7.49906e-18
1.9 4.9 7.88352e-18
1.9 4.95 8.12359e-18
1.9 5 8.20522e-18
1.9 5.05 8.12359e-18
1.9 5.1 7.88352e-18
1.9 5.15 7.49906e-18
1.9 5.2 6.99211e-18
1.9 5.25 6.39035e-18
1.9 5.3 5.72475e-18
1.9 5.35 5.02692e-18
1.9 5.4 4.32676e-18
1.9 5.45 3.65038e-18
1.9 5.5 3.01876e-18
1.9 5.55 2.447e-18
1.9 5.6 1.94426e-18
1.9 5.65 1.51422e-18
1.9 5.7 1.15595e-18
1.9 5.75 8.64974e-19
1.9 5.8 6.34428e-19
1.9 5.85 4.56118e-19
1.9 5.9 3.2143e-19
1.9 5.95 2.22029e-19
1.9 6 1.50331e-19
1.9 6.05 9.97708e-20
1.9 6.1 6.49042e-20
1.9 6.15 4.13863e-20
1.9 6.2 2.58676e-20
1.9 6.25 1.58478e-20
1.9 6.3 9.51699e-21
1.9 6.35 5.60201e-21
1.9 6.4 3.23224e-21
1.9 6.45 1.82801e-21
1.9 6.5 1.01337e-21
1.9 6.55 5.50648e-22
1.9 6.6 2.93288e-22
1.9 6.65 1.5312e-22
1.9 6.7 7.83578e-23
1.9 6.75 3.93051e-23
1.9 6.8 1.93255e-23
1.9 6.85 9.31385e-24
1.9 6.9 4.3999e-24
1.9 6.95 2.03738e-24
1.9 7 9.24732e-25
1.9 7.05 4.11411e-25
1.9 7.1 1.79412e-25
1.9 7.15 7.66909e-26
1.9 7.2 3.2133e-26
1.9 7.25 1.3197e-26
1.9 7.3 5.31269e-27
1.9 7.35 2.09638e-27
1.9 7.4 8.10851e-28
1.9 7.45 3.07418e-28
1.9 7.5 1.14244e-28
1.9 7.55 4.16153e-29
1.9 7.6 1.4859e-29
1.9 7.65 5.20046e-30
1.9 7.7 1.78407e-30
1.9 7.75 5.99925e-31
1.9 7.8 1.97742e-31
1.9 7.85 6.38879e-32
1.9 7.9 2.02327e-32
1.9 7.95 6.28068e-33
1.9 8 1.91107e-33
1.9 8.05 5.69985e-34
1.9 8.1 1.66635e-34
1.9 8.15 4.77516e-35
1.9 8.2 1.3413e-35
1.9 8.25 3.69301e-36
1.9 8.3 9.96676e-37
1.9 8.35 2.6366e-37
1.9 8.4 6.83679e-38
1.9 8.45 1.73771e-38
1.9 8.5 4.32934e-39
1.9 8.55 1.05726e-39
1.9 8.6 2.53083e-40
1.9 8.65 5.93828e-41
1.9 8.7 1.36577e-41
1.9 8.75 3.07901e-42
1.9 8.8 6.804e-43
1.9 8.85 1.47379e-43
1.9 8.9 3.12915e-44
1.9 8.95 6.51231e-45
1.9 9 1.32851e-45
1.9 9.05 2.65651e-46
1.9 9.1 5.20688e-47
1.9 9.15 1.00038e-47
1.9 9.2 1.88395e-48
1.9 9.25 3.47772e-49
1.9 9.3 6.29273e-50
1.9 9.35 1.1161e-50
1.9 9.4 1.94039e-51
1.9 9.45 3.3067e-52
1.9 9.5 5.52358e-53
1.9 9.55 9.04413e-54
1.9 9.6 1.45156e-54
1.9 9.65 2.28361e-55
1.9 9.7 3.52153e-56
1.9 9.75 5.32306e-57
1.9 9.8 7.88703e-58
1.9 9.85 1.14548e-58
1.9 9.9 1.63073e-59
1.9 9.95 2.25505e-60
1.9 10 0
1.95 0 0
1.95 0.05 7.71293e-60
1.95 0.1 5.5771e-59
1.95 0.15 3.91756e-58
1.95 0.2 2.6974e-57
1.95 0.25 1.82052e-56
1.95 0.3 1.20439e-55
1.95 0.35 7.81017e-55
1.95 0.4 4.96449e-54
1.95 0.45 3.09321e-53
1.95 0.5 1.88915e-52
1.95 0.55 1.13095e-51
1.95 0.6 6.63649e-51
1.95 0.65 3.81729e-50
1.95 0.7 2.15225e-49
1.95 0.75 1.18946e-48
1.95 0.8 6.44357e-48
1.95 0.85 3.42155e-47
1.95 0.9 1.7809e-46
1.95 0.95 9.08604e-46
1.95 1 4.5439e-45
1.95 1.05 2.22742e-44
1.95 1.1 1.07028e-43
1.95 1.15 5.04089e-43
1.95 1.2 2.32722e-42
1.95 1.25 1.05314e-41
1.95 1.3 4.67147e-41
1.95 1.35 2.03114e-40
1.95 1.4 8.65652e-40
1.95 1.45 3.61631e-39
1.95 1.5 1.48083e-38
1.95 1.55 5.94379e-38
1.95 1.6 2.33851e-37
1.95 1.65 9.01847e-37
1.95 1.7 3.40914e-36
1.95 1.75 1.2632e-35
1.95 1.8 4.58795e-35
1.95 1.85 1.63336e-34
1.95 1.9 5.69985e-34
1.95 1.95 1.94967e-33
1.95 2 6.53696e-33
1.95 2.05 2.14836e-32
1.95 2.1 6.9208e-32
1.95 2.15 2.18535e-31
1.95 2.2 6.76401e-31
1.95 2.25 2.05212e-30
1.95 2.3 6.10265e-30
1.95 2.35 1.7789e-29
1.95 2.4 5.08275e-29
1.95 2.45 1.42352e-28
1.95 2.5 3.90791e-28
1.95 2.55 1.05158e-27
1.95 2.6 2.77368e-27
1.95 2.65 7.17109e-27
1.95 2.7 1.81732e-26
1.95 2.75 4.51432e-26
1.95 2.8 1.09918e-25
1.95 2.85 2.62339e-25
1.95 2.9 6.13723e-25
1.95 2.95 1.40734e-24
1.95 3 3.16328e-24
1.95 3.05 6.96939e-24
1.95 3.1 1.5051e-23
1.95 3.15 3.18606e-23
1.95 3.2 6.61085e-23
1.95 3.25 1.34455e-22
1.95 3.3 2.68046e-22
1.95 3.35 5.23792e-22
1.95 3.4 1.00328e-21
1.95 3.45 1.88367e-21
1.95 3.5 3.46656e-21
1.95 3.55 6.25331e-21
1.95 3.6 1.1057e-20
1.95 3.65 1.91636e-20
1.95 3.7 3.25561e-20
1.95 3.75 5.4213e-20
1.95 3.8 8.84891e-20
1.95 3.85 1.41577e-19
1.95 3.9 2.22028e-19
1.95 3.95 3.41302e-19
1.95 4 5.14263e-19
1.95 4.05 7.59533e-19
1.95 4.1 1.09957e-18
1.95 4.15 1.56032e-18
1.95 4.2 2.1703e-18
1.95 4.25 2.95897e-18
1.95 4.3 3.95437e-18
1.95 4.35 5.17997e-18
1.95 4.4 6.65109e-18
1.95 4.45 8.37092e-18
1.95 4.5 1.03269e-17
1.95 4.55 1.24876e-17
1.95 4.6 1.48014e-17
1.95 4.65 1.71966e-17
1.95 4.7 1.95838e-17
1.95 4.75 2.18608e-17
1.95 4.8 2.39193e-17
1.95 4.85 2.56535e-17
1.95 4.9 2.69687e-17
1.95 4.95 2.779e-17
1.95 5 2.80693e-17
1.95 5.05 2.779e-17
1.95 5.1 2.69687e-17
1.95 5.15 2.56535e-17
1.95 5.2 2.39193e-17
1.95 5.25 2.18608e-17
1.95 5.3 1.95838e-17
1.95 5.35 1.71966e-17
1.95 5.4 1.48014e-17
1.95 5.45 1.24876e-17
1.95 5.5 1.03269e-17
1.95 5.55 8.37092e-18
1.95 5.6 6.65109e-18
1.95 5.65 5.17997e-18
1.95 5.7 3.95437e-18
1.95 5.75 2.95897e-18
1.95 5.8 2.1703e-18
1.95 5.85 1.56032e-18
1.95 5.9 1.09957e-18
1.95 5.95 7.59533e-19
1.95 6 5.14263e-19
1.95 6.05 3.41302e-19
1.95 6.1 2.22028e-19
1.95 6.15 1.41577e-19
1.95 6.2 8.84891e-20
1.95 6.25 5.4213e-20
1.95 6.3 3.25561e-20
1.95 6.35 1.91636e-20
1.95 6.4 1.1057e-20
1.95 6.45 6.25331e-21
1.95 6.5 3.46656e-21
1.95 6.55 1.88367e-21
1.95 6.6 1.00328e-21
1.95 6.65 5.23792e-22
1.95 6.7 2.68046e-22
1.95 6.75 1.34455e-22
1.95 6.8 6.61085e-23
1.95 6.85 3.18606e-23
1.95 6.9 1.5051e-23
1.95 6.95 6.96939e-24
1.95 7 3.16328e-24
1.95 7.05 1.40734e-24
1.95 7.1 6.13723e-25
1.95 7.15 2.62339e-25
1.95 7.2 1.09918e-25
1.95 7.25 4.51432e-26
1.95 7.3 1.81732e-26
1.95 7.35 7.17109e-27
1.95 7.4 2.77368e-27
1.95 7.45 1.05158e-27
1.95 7.5 3.90791e-28
1.95 7.55 1.42352e-28
1.95 7.6 5.08275e-29
1.95 7.65 1.7789e-29
1.95 7.7 6.10265e-30
1.95 7.75 2.05212e-30
1.95 7.8 6.76401e-31
1.95 7.85 2.18535e-31
1.95 7.9 6.9208e-32
1.95 7.95 2.14836e-32
1.95 8 6.53696e-33
1.95 8.05 1.94967e-33
1.95 8.1 5.69985e-34
1.95 8.15 1.63336e-34
1.95 8.2 4.58795e-35
1.95 8.25 1.2632e-35
1.95 8.3 3.40914e-36
1.95 8.35 9.01847e-37
1.95 8.4 2.33851e-37
1.95 8.45 5.94379e-38
1.95 8.5 1.48083e-38
1.95 8.55 3.61631e-39
1.95 8.6 8.65652e-40
1.95 8.65 2.03114e-40
1.95 8.7 4.67147e-41
1.95 8.75 1.05314e-41
1.95 8.8 2.32722e-42
1.95 8.85 5.04089e-43
1.95 8.9 1.07028e-43
1.95 8.95 2.22742e-44
1.95 9 4.5439e-45
1.95 9.05 9.08604e-46
1.95 9.1 1.7809e-46
1.95 9.15 3.42155e-47
1.95 9.2 6.44357e-48
1.95 9.25 1.18946e-48
1.95 9.3 2.15225e-49
1.95 9.35 3.81729e-50
1.95 9.4 6.63649e-51
1.95 9.45 1.13095e-51
1.95 9.5 1.88915e-52
1.95 9.55 3.09321e-53
1.95 9.6 4.96449e-54
1.95 9.65 7.81017e-55
1.95 9.7 1.20439e-55
1.95 9.75 1.82052e-56
1.95 9.8 2.6974e-57
1.95 9.85 3.91756e-58
1.95 9.9 5.5771e-59
1.95 9.95 7.71293e-60
1.95 10 0
2 0 0
2 0.05 2.58584e-59
2 0.1 1.86962e-58
2 0.15 1.3133e-57
2 0.2 9.04262e-57
2 0.25 6.10305e-56
2 0.3 4.03758e-55
2 0.35 2.61828e-54
2 0.4 1.66431e-53
2 0.45 1.03698e-52
2 0.5 6.33328e-52
2 0.55 3.79146e-51
2 0.6 2.22488e-50
2 0.65 1.27975e-49
2 0.7 7.21546e-49
2 0.75 3.98771e-48
2 0.8 2.16024e-47
2 0.85 1.1471e-46
2 0.9 5.97061e-46
2 0.95 3.04618e-45
2 1 1.5234e-44
2 1.05 7.46772e-44
2 1.1 3.58825e-43
2 1.15 1.69004e-42
2 1.2 7.8024e-42
2 1.25 3.53085e-41
2 1.3 1.5662e-40
2 1.35 6.80982e-40
2 1.4 2.90229e-39
2 1.45 1.21245e-38
2 1.5 4.96486e-38
2 1.55 1.99281e-37
2 1.6 7.8405e-37
2 1.65 3.0237e-36
2 1.7 1.14301e-35
2 1.75 4.23528e-35
2 1.8 1.53826e-34
2 1.85 5.47639e-34
2 1.9 1.91107e-33
2 1.95 6.53696e-33
2 2 2.19175e-32
2 2.05 7.2032e-32
2 2.1 2.32047e-31
2 2.15 7.32727e-31
2 2.2 2.26791e-30
2 2.25 6.88059e-30
2 2.3 2.04617e-29
2 2.35 5.96452e-29
2 2.4 1.70422e-28
2 2.45 4.773e-28
2 2.5 1.31031e-27
2 2.55 3.52592e-27
2 2.6 9.30008e-27
2 2.65 2.40446e-26
2 2.7 6.09346e-26
2 2.75 1.51365e-25
2 2.8 3.68558e-25
2 2.85 8.79629e-25
2 2.9 2.05783e-24
2 2.95 4.71885e-24
2 3 1.06066e-23
2 3.05 2.33687e-23
2 3.1 5.0467e-23
2 3.15 1.06831e-22
2 3.2 2.21666e-22
2 3.25 4.50836e-22
2 3.3 8.98781e-22
2 3.35 1.75632e-21
2 3.4 3.3641e-21
2 3.45 6.31612e-21
2 3.5 1.16237e-20
2 3.55 2.0968e-20
2 3.6 3.70752e-20
2 3.65 6.42577e-20
2 3.7 1.09165e-19
2 3.75 1.81783e-19
2 3.8 2.96716e-19
2 3.85 4.74725e-19
2 3.9 7.44491e-19
2 3.95 1.14443e-18
2 4 1.7244e-18
2 4.05 2.54683e-18
2 4.1 3.68703e-18
2 4.15 5.232e-18
2 4.2 7.27737e-18
2 4.25 9.92191e-18
2 4.3 1.32596e-17
2 4.35 1.73693e-17
2 4.4 2.23022e-17
2 4.45 2.80691e-17
2 4.5 3.46277e-17
2 4.55 4.1873e-17
2 4.6 4.96317e-17
2 4.65 5.76632e-17
2 4.7 6.56679e-17
2 4.75 7.3303e-17
2 4.8 8.02058e-17
2 4.85 8.60209e-17
2 4.9 9.0431e-17
2 4.95 9.31848e-17
2 5 9.41213e-17
2 5.05 9.31848e-17
2 5.1 9.0431e-17
2 5.15 8.60209e-17
2 5.2 8.02058e-17
2 5.25 7.3303e-17
2 5.3 6.56679e-17
2 5.35 5.76632e-17
2 5.4 4.96317e-17
2 5.45 4.1873e-17
2 5.5 3.46277e-17
2 5.55 2.80691e-17
2 5.6 2.23022e-17
2 5.65 1.73693e-17
2 5.7 1.32596e-17
2 5.75 9.92191e-18
2 5.8 7.27737e-18
2 5.85 5.232e-18
2 5.9 3.68703e-18
2 5.95 2.54683e-18
2 6 1.7244e-18
2 6.05 1.14443e-18
2 6.1 7.44491e-19
2 6.15 4.74725e-19
2 6.2 2.96716e-19
2 6.25 1.81783e-19
2 6.3 1.09165e-19
2 6.35 6.42577e-20
2 6.4 3.70752e-20
2 6.45 2.0968e-20
2 6.5 1.16237e-20
2 6.55 6.31612e-21
2 6.6 3.3641e-21
2 6.65 1.75632e-21
2 6.7 8.98781e-22
2 6.75 4.50836e-22
2 6.8 2.21666e-22
2 6.85 1.06831e-22
2 6.9 5.0467e-23
2 6.95 2.33687e-23
2 7 1.06066e-23
2 7.05 4.71885e-24
2 7.1 2.05783e-24
2 7.15 8.79629e-25
2 7.2 3.68558e-25
2 7.25 1.51365e-25
2 7.3 6.09346e-26
2 7.35 2.40446e-26
2 7.4 9.30008e-27
2 7.45 3.52592e-27
2 7.5 1.31031e-27
2 7.55 4.773e-28
2 7.6 1.70422e-28
2 7.65 5.96452e-29
2 7.7 2.04617e-29
2 7.75 6.88059e-30
2 7.8 2.26791e-30
2 7.85 7.32727e-31
2 7.9 2.32047e-31
2 7.95 7.2032e-32
2 8 2.19175e-32
2 8.05 6.53696e-33
2 8.1 1.91107e-33
2 8.15 5.47639e-34
2 8.2 1.53826e-34
2 8.25 4.23528e-35
2 8.3 1.14301e-35
2 8.35 3.0237e-36
2 8.4 7.8405e-37
2 8.45 1.99281e-37
2 8.5 4.96486e-38
2 8.55 1.21245e-38
2 8.6 2.90229e-39
2 8.65 6.80982e-40
2 8.7 1.5662e-40
2 8.75 3.53085e-41
2 8.8 7.8024e-42
2 8.85 1.69004e-42
2 8.9 3.58825e-43
2 8.95 7.46772e-44
2 9 1.5234e-44
2 9.05 3.04618e-45
2 9.1 5.97061e-46
2 9.15 1.1471e-46
2 9.2 2.16024e-47
2 9.25 3.98771e-48
2 9.3 7.21546e-49
2 9.35 1.27975e-49
2 9.4 2.22488e-50
2 9.45 3.79146e-51
2 9.5 6.33328e-52
2 9.55 1.03698e-52
2 9.6 1.66431e-53
2 9.65 2.61828e-54
2 9.7 4.03758e-55
2 9.75 6.10305e-56
2 9.8 9.04262e-57
2 9.85 1.3133e-57
2 9.9 1.86962e-58
2 9.95 2.58584e-59
2 10 0
2.05 0 0
2.05 0.05 8.49768e-59
2.05 0.1 6.14351e-58
2.05 0.15 4.31547e-57
2.05 0.2 2.97141e-56
2.05 0.25 2.00547e-55
2.05 0.3 1.32676e-54
2.05 0.35 8.60382e-54
2.05 0.4 5.46902e-53
2.05 0.45 3.40761e-52
2.05 0.5 2.08118e-51
2.05 0.55 1.24592e-50
2.05 0.6 7.31124e-50
2.05 0.65 4.20545e-49
2.05 0.7 2.37112e-48
2.05 0.75 1.31043e-47
2.05 0.8 7.09897e-47
2.05 0.85 3.76961e-46
2.05 0.9 1.96208e-45
2.05 0.95 1.00105e-44
2.05 1 5.00626e-44
2.05 1.05 2.45409e-43
2.05 1.1 1.1792e-42
2.05 1.15 5.55396e-42
2.05 1.2 2.56411e-41
2.05 1.25 1.16035e-40
2.05 1.3 5.14707e-40
2.05 1.35 2.23794e-39
2.05 1.4 9.53798e-39
2.05 1.45 3.98457e-38
2.05 1.5 1.63164e-37
2.05 1.55 6.54917e-37
2.05 1.6 2.57671e-36
2.05 1.65 9.93715e-36
2.05 1.7 3.75644e-35
2.05 1.75 1.3919e-34
2.05 1.8 5.05542e-34
2.05 1.85 1.7998e-33
2.05 1.9 6.28068e-33
2.05 1.95 2.14836e-32
2.05 2 7.2032e-32
2.05 2.05 2.36734e-31
2.05 2.1 7.62625e-31
2.05 2.15 2.40813e-30
2.05 2.2 7.45357e-30
2.05 2.25 2.26134e-29
2.05 2.3 6.72486e-29
2.05 2.35 1.96028e-28
2.05 2.4 5.60104e-28
2.05 2.45 1.56869e-27
2.05 2.5 4.30645e-27
2.05 2.55 1.15883e-26
2.05 2.6 3.05657e-26
2.05 2.65 7.90253e-26
2.05 2.7 2.00269e-25
2.05 2.75 4.97482e-25
2.05 2.8 1.21132e-24
2.05 2.85 2.89103e-24
2.05 2.9 6.76338e-24
2.05 2.95 1.55092e-23
2.05 3 3.48604e-23
2.05 3.05 7.68053e-23
2.05 3.1 1.65869e-22
2.05 3.15 3.51119e-22
2.05 3.2 7.28549e-22
2.05 3.25 1.48176e-21
2.05 3.3 2.95403e-21
2.05 3.35 5.77252e-21
2.05 3.4 1.10568e-20
2.05 3.45 2.07593e-20
2.05 3.5 3.8204e-20
2.05 3.55 6.89162e-20
2.05 3.6 1.21856e-19
2.05 3.65 2.11198e-19
2.05 3.7 3.58796e-19
2.05 3.75 5.97475e-19
2.05 3.8 9.75231e-19
2.05 3.85 1.56031e-18
2.05 3.9 2.44696e-18
2.05 3.95 3.76149e-18
2.05 4 5.6677e-18
2.05 4.05 8.37084e-18
2.05 4.1 1.21184e-17
2.05 4.15 1.71964e-17
2.05 4.2 2.39191e-17
2.05 4.25 3.26112e-17
2.05 4.3 4.35815e-17
2.05 4.35 5.70892e-17
2.05 4.4 7.33027e-17
2.05 4.45 9.22573e-17
2.05 4.5 1.13814e-16
2.05 4.55 1.37628e-16
2.05 4.6 1.63129e-16
2.05 4.65 1.89527e-16
2.05 4.7 2.15837e-16
2.05 4.75 2.40932e-16
2.05 4.8 2.6362e-16
2.05 4.85 2.82733e-16
2.05 4.9 2.97228e-16
2.05 4.95 3.0628e-16
2.05 5 3.09358e-16
2.05 5.05 3.0628e-16
2.05 5.1 2.97228e-16
2.05 5.15 2.82733e-16
2.05 5.2 2.6362e-16
2.05 5.25 2.40932e-16
2.05 5.3 2.15837e-16
2.05 5.35 1.89527e-16
2.05 5.4 1.63129e-16
2.05 5.45 1.37628e-16
2.05 5.5 1.13814e-16
2.05 5.55 9.22573e-17
2.05 5.6 7.33027e-17
2.05 5.65 5.70892e-17
2.05 5.7 4.35815e-17
2.05 5.75 3.26112e-17
2.05 5.8 2.39191e-17
2.05 5.85 1.71964e-17
2.05 5.9 1.21184e-17
2.05 5.95 8.37084e-18
2.05 6 5.6677e-18
2.05 6.05 3.76149e-18
2.05 6.1 2.44696e-18
2.05 6.15 1.56031e-18
2.05 6.2 9.75231e-19
2.05 6.25 5.97475e-19
2.05 6.3 3.58796e-19
2.05 6.35 2.11198e-19
2.05 6.4 1.21856e-19
2.05 6.45 6.89162e-20
2.05 6.5 3.8204e-20
2.05 6.55 2.07593e-20
2.05 6.6 1.10568e-20
2.05 6.65 5.77252e-21
2.05 6.7 2.95403e-21
2.05 6.75 1.48176e-21
2.05 6.8 7.28549e-22
2.05 6.85 3.51119e-22
2.05 6.9 1.65869e-22
2.05 6.95 7.68053e-23
2.05 7 3.48604e-23
2.05 7.05 1.55092e-23
2.05 7.1 6.76338e-24
2.05 7.15 2.89103e-24
2.05 7.2 1.21132e-24
2.05 7.25 4.97482e-25
2.05 7.3 2.00269e-25
2.05 7.35 7.90253e-26
2.05 7.4 3.05657e-26
2.05 7.45 1.15883e-26
2.05 7.5 4.30645e-27
2.05 7.55 1.56869e-27
2.05 7.6 5.60104e-28
2.05 7.65 1.96028e-28
2.05 7.7 6.72486e-29
2.05 7.75 2.26134e-29
2.05 7.8 7.45357e-30
2.05 7.85 2.40813e-30
2.05 7.9 7.62625e-31
2.05 7.95 2.36734e-31
2.05 8 7.2032e-32
2.05 8.05 2.14836e-32
2.05 8.1 6.28068e-33
2.05 8.15 1.7998e-33
2.05 8.2 5.05542e-34
2.05 8.25 1.3919e-34
2.05 8.3 3.75644e-35
2.05 8.35 9.93715e-36
2.05 8.4 2.57671e-36
2.05 8.45 6.54917e-37
2.05 8.5 1.63164e-37
2.05 8.55 3.98457e-38
2.05 8.6 9.53798e-39
2.05 8.65 2.23794e-39
2.05 8.7 5.14707e-40
2.05 8.75 1.16035e-40
2.05 8.8 2.56411e-41
2.05 8.85 5.55396e-42
2.05 8.9 1.1792e-42
2.05 8.95 2.45409e-43
2.05 9 5.00626e-44
2.05 9.05 1.00105e-44
2.05 9.1 1.96208e-45
2.05 9.15 3.76961e-46
2.05 9.2 7.09897e-47
2.05 9.25 1.31043e-47
2.05 9.3 2.37112e-48
2.05 9.35 4.20545e-49
2.05 9.4 7.31124e-50
2.05 9.45 1.24592e-50
2.05 9.5 2.08118e-51
2.05 9.55 3.40761e-52
2.05 9.6 5.46902e-53
2.05 9.65 8.60382e-54
2.05 9.7 1.32676e-54
2.05 9.75 2.00547e-55
2.05 9.8 2.97141e-56
2.05 9.85 4.31547e-57
2.05 9.9 6.14351e-58
2.05 9.95 8.49768e-59
2.05 10 0
2.1 0 0
2.1 0.05 2.73727e-58
2.1 0.1 1.97878e-57
2.1 0.15 1.38999e-56
2.1 0.2 9.57079e-56
2.1 0.25 6.45959e-55
2.1 0.3 4.2735e-54
2.1 0.35 2.7713e-53
2.1 0.4 1.76159e-52
2.1 0.45 1.0976e-51
2.1 0.5 6.7036e-51
2.1 0.55 4.0132e-50
2.1 0.6 2.35502e-49
2.1 0.65 1.35462e-48
2.1 0.7 7.63766e-48
2.1 0.75 4.22108e-47
2.1 0.8 2.28669e-46
2.1 0.85 1.21425e-45
2.1 0.9 6.3202e-45
2.1 0.95 3.22457e-44
2.1 1 1.61262e-43
2.1 1.05 7.90517e-43
2.1 1.1 3.79848e-42
2.1 1.15 1.78907e-41
2.1 1.2 8.25966e-41
2.1 1.25 3.7378e-40
2.1 1.3 1.65802e-39
2.1 1.35 7.20908e-39
2.1 1.4 3.07248e-38
2.1 1.45 1.28356e-37
2.1 1.5 5.25606e-37
2.1 1.55 2.10971e-36
2.1 1.6 8.30049e-36
2.1 1.65 3.20112e-35
2.1 1.7 1.21009e-34
2.1 1.75 4.48385e-34
2.1 1.8 1.62855e-33
2.1 1.85 5.79788e-33
2.1 1.9 2.02327e-32
2.1 1.95 6.9208e-32
2.1 2 2.32047e-31
2.1 2.05 7.62625e-31
2.1 2.1 2.45677e-30
2.1 2.15 7.75771e-30
2.1 2.2 2.40115e-29
2.1 2.25 7.28487e-29
2.1 2.3 2.16641e-28
2.1 2.35 6.31505e-28
2.1 2.4 1.80438e-27
2.1 2.45 5.05356e-27
2.1 2.5 1.38734e-26
2.1 2.55 3.73321e-26
2.1 2.6 9.84689e-26
2.1 2.65 2.54584e-25
2.1 2.7 6.45179e-25
2.1 2.75 1.60267e-24
2.1 2.8 3.90234e-24
2.1 2.85 9.31369e-24
2.1 2.9 2.17888e-23
2.1 2.95 4.99645e-23
2.1 3 1.12307e-22
2.1 3.05 2.47437e-22
2.1 3.1 5.34366e-22
2.1 3.15 1.13117e-21
2.1 3.2 2.34711e-21
2.1 3.25 4.7737e-21
2.1 3.3 9.5168e-21
2.1 3.35 1.8597e-20
2.1 3.4 3.56213e-20
2.1 3.45 6.68793e-20
2.1 3.5 1.2308e-19
2.1 3.55 2.22025e-19
2.1 3.6 3.92581e-19
2.1 3.65 6.80412e-19
2.1 3.7 1.15593e-18
2.1 3.75 1.92488e-18
2.1 3.8 3.14189e-18
2.1 3.85 5.02682e-18
2.1 3.9 7.88336e-18
2.1 3.95 1.21184e-17
2.1 4 1.82596e-17
2.1 4.05 2.69683e-17
2.1 4.1 3.9042e-17
2.1 4.15 5.54018e-17
2.1 4.2 7.70604e-17
2.1 4.25 1.05064e-16
2.1 4.3 1.40407e-16
2.1 4.35 1.83925e-16
2.1 4.4 2.36161e-16
2.1 4.45 2.97227e-16
2.1 4.5 3.66677e-16
2.1 4.55 4.43399e-16
2.1 4.6 5.25557e-16
2.1 4.65 6.10604e-16
2.1 4.7 6.95368e-16
2.1 4.75 7.76218e-16
2.1 4.8 8.49313e-16
2.1 4.85 9.10891e-16
2.1 4.9 9.5759e-16
2.1 4.95 9.86751e-16
2.1 5 9.96667e-16
2.1 5.05 9.86751e-16
2.1 5.1 9.5759e-16
2.1 5.15 9.10891e-16
2.1 5.2 8.49313e-16
2.1 5.25 7.76218e-16
2.1 5.3 6.95368e-16
2.1 5.35 6.10604e-16
2.1 5.4 5.25557e-16
2.1 5.45 4.43399e-16
2.1 5.5 3.66677e-16
2.1 5.55 2.97227e-16
2.1 5.6 2.36161e-16
2.1 5.65 1.83925e-16
2.1 5.7 1.40407e-16
2.1 5.75 1.05064e-16
2.1 5.8 7.70604e-17
2.1 5.85 5.54018e-17
2.1 5.9 3.9042e-17
2.1 5.95 2.69683e-17
2.1 6 1.82596e-17
2.1 6.05 1.21184e-17
2.1 6.1 7.88336e-18
2.1 6.15 5.02682e-18
2.1 6.2 3.14189e-18
2.1 6.25 1.92488e-18
2.1 6.3 1.15593e-18
2.1 6.35 6.80412e-19
2.1 6.4 3.92581e-19
2.1 6.45 2.22025e-19
2.1 6.5 1.2308e-19
2.1 6.55 6.68793e-20
2.1 6.6 3.56213e-20
2.1 6.65 1.8597e-20
2.1 6.7 9.5168e-21
2.1 6.75 4.7737e-21
2.1 6.8 2.34711e-21
2.1 6.85 1.13117e-21
2.1 6.9 5.34366e-22
2.1 6.95 2.47437e-22
2.1 7 1.12307e-22
2.1 7.05 4.99645e-23
2.1 7.1 2.17888e-23
2.1 7.15 9.31369e-24
2.1 7.2 3.90234e-24
2.1 7.25 1.60267e-24
2.1 7.3 6.45179e-25
2.1 7.35 2.54584e-25
2.1 7.4 9.84689e-26
2.1 7.45 3.73321e-26
2.1 7.5 1.38734e-26
2.1 7.55 5.05356e-27
2.1 7.6 1.80438e-27
2.1 7.65 6.31505e-28
2.1 7.7 2.16641e-28
2.1 7.75 7.28487e-29
2.1 7.8 2.40115e-29
2.1 7.85 7.75771e-30
2.1 7.9 2.45677e-30
2.1 7.95 7.62625e-31
2.1 8 2.32047e-31
2.1 8.05 6.9208e-32
2.1 8.1 2.02327e-32
2.1 8.15 5.79788e-33
2.1 8.2 1.62855e-33
2.1 8.25 4.48385e-34
2.1 8.3 1.21009e-34
2.1 8.35 3.20112e-35
2.1 8.4 8.30049e-36
2.1 8.45 2.10971e-36
2.1 8.5 5.25606e-37
2.1 8.55 1.28356e-37
2.1 8.6 3.07248e-38
2.1 8.65 7.20908e-39
2.1 8.7 1.65802e-39
2.1 8.75 3.7378e-40
2.1 8.8 8.25966e-41
2.1 8.85 1.78907e-41
2.1 8.9 3.79848e-42
2.1 8.95 7.90517e-43
2.1 9 1.61262e-43
2.1 9.05 3.22457e-44
2.1 9.1 6.3202e-45
2.1 9.15 1.21425e-45
2.1 9.2 2.28669e-46
2.1 9.25 4.22108e-47
2.1 9.3 7.63766e-48
2.1 9.35 1.35462e-48
2.1 9.4 2.35502e-49
2.1 9.45 4.0132e-50
2.1 9.5 6.7036e-51
2.1 9.55 1.0976e-51
2.1 9.6 1.76159e-52
2.1 9.65 2.7713e-53
2.1 9.7 4.2735e-54
2.1 9.75 6.45959e-55
2.1 9.8 9.57079e-56
2.1 9.85 1.38999e-56
2.1 9.9 1.97878e-57
2.1 9.95 2.73727e-58
2.1 10 0
2.15 0 0
2.15 0.05 8.64274e-58
2.15 0.1 6.24737e-57
2.15 0.15 4.38847e-56
2.15 0.2 3.0217e-55
2.15 0.25 2.03944e-54
2.15 0.3 1.34925e-53
2.15 0.35 8.74971e-53
2.15 0.4 5.56182e-52
2.15 0.45 3.46546e-51
2.15 0.5 2.11653e-50
2.15 0.55 1.2671e-49
2.15 0.6 7.43558e-49
2.15 0.65 4.27701e-48
2.15 0.7 2.41149e-47
2.15 0.75 1.33275e-46
2.15 0.8 7.21996e-46
2.15 0.85 3.83389e-45
2.15 0.9 1.99555e-44
2.15 0.95 1.01814e-43
2.15 1 5.09176e-43
2.15 1.05 2.49603e-42
2.15 1.1 1.19936e-41
2.15 1.15 5.64895e-41
2.15 1.2 2.60798e-40
2.15 1.25 1.18021e-39
2.15 1.3 5.23522e-39
2.15 1.35 2.27629e-38
2.15 1.4 9.70148e-38
2.15 1.45 4.05291e-37
2.15 1.5 1.65964e-36
2.15 1.55 6.66158e-36
2.15 1.6 2.62096e-35
2.15 1.65 1.01079e-34
2.15 1.7 3.821e-34
2.15 1.75 1.41583e-33
2.15 1.8 5.14237e-33
2.15 1.85 1.83076e-32
2.15 1.9 6.38879e-32
2.15 1.95 2.18535e-31
2.15 2 7.32727e-31
2.15 2.05 2.40813e-30
2.15 2.1 7.75771e-30
2.15 2.15 2.44965e-29
2.15 2.2 7.58213e-29
2.15 2.25 2.30036e-28
2.15 2.3 6.84094e-28
2.15 2.35 1.99412e-27
2.15 2.4 5.69778e-27
2.15 2.45 1.59579e-26
2.15 2.5 4.38087e-26
2.15 2.55 1.17886e-25
2.15 2.6 3.10942e-25
2.15 2.65 8.03921e-25
2.15 2.7 2.03734e-24
2.15 2.75 5.06091e-24
2.15 2.8 1.23228e-23
2.15 2.85 2.94109e-23
2.15 2.9 6.88051e-23
2.15 2.95 1.57779e-22
2.15 3 3.54645e-22
2.15 3.05 7.81364e-22
2.15 3.1 1.68744e-21
2.15 3.15 3.57207e-21
2.15 3.2 7.41183e-21
2.15 3.25 1.50747e-20
2.15 3.3 3.00528e-20
2.15 3.35 5.87268e-20
2.15 3.4 1.12487e-19
2.15 3.45 2.11197e-19
2.15 3.5 3.88673e-19
2.15 3.55 7.01129e-19
2.15 3.6 1.23973e-18
2.15 3.65 2.14867e-18
2.15 3.7 3.65029e-18
2.15 3.75 6.07857e-18
2.15 3.8 9.92178e-18
2.15 3.85 1.58742e-17
2.15 3.9 2.4895e-17
2.15 3.95 3.82688e-17
2.15 4 5.76624e-17
2.15 4.05 8.51639e-17
2.15 4.1 1.23292e-16
2.15 4.15 1.74955e-16
2.15 4.2 2.43351e-16
2.15 4.25 3.31784e-16
2.15 4.3 4.43397e-16
2.15 4.35 5.80824e-16
2.15 4.4 7.45781e-16
2.15 4.45 9.38626e-16
2.15 4.5 1.15795e-15
2.15 4.55 1.40023e-15
2.15 4.6 1.65968e-15
2.15 4.65 1.92826e-15
2.15 4.7 2.19593e-15
2.15 4.75 2.45126e-15
2.15 4.8 2.68209e-15
2.15 4.85 2.87655e-15
2.15 4.9 3.02402e-15
2.15 4.95 3.11611e-15
2.15 5 3.14743e-15
2.15 5.05 3.11611e-15
2.15 5.1 3.02402e-15
2.15 5.15 2.87655e-15
2.15 5.2 2.68209e-15
2.15 5.25 2.45126e-15
2.15 5.3 2.19593e-15
2.15 5.35 1.92826e-15
2.15 5.4 1.65968e-15
2.15 5.45 1.40023e-15
2.15 5.5 1.15795e-15
2.15 5.55 9.38626e-16
2.15 5.6 7.45781e-16
2.15 5.65 5.80824e-16
2.15 5.7 4.43397e-16
2.15 5.75 3.31784e-16
2.15 5.8 2.43351e-16
2.15 5.85 1.74955e-16
2.15 5.9 1.23292e-16
2.15 5.95 8.51639e-17
2.15 6 5.76624e-17
2.15 6.05 3.82688e-17
2.15 6.1 2.4895e-17
2.15 6.15 1.58742e-17
2.15 6.2 9.92178e-18
2.15 6.25 6.07857e-18
2.15 6.3 3.65029e-18
2.15 6.35 2.14867e-18
2.15 6.4 1.23973e-18
2.15 6.45 7.01129e-19
2.15 6.5 3.88673e-19
2.15 6.55 2.11197e-19
2.15 6.6 1.12487e-19
2.15 6.65 5.87268e-20
2.15 6.7 3.00528e-20
2.15 6.75 1.50747e-20
2.15 6.8 7.41183e-21
2.15 6.85 3.57207e-21
2.15 6.9 1.68744e-21
2.15 6.95 7.81364e-22
2.15 7 3.54645e-22
2.15 7.05 1.57779e-22
2.15 7.1 6.88051e-23
2.15 7.15 2.94109e-23
2.15 7.2 1.23228e-23
2.15 7.25 5.06091e-24
2.15 7.3 2.03734e-24
2.15 7.35 8.03921e-25
2.15 7.4 3.10942e-25
2.15 7.45 1.17886e-25
2.15 7.5 4.38087e-26
2.15 7.55 1.59579e-26
2.15 7.6 5.69778e-27
2.15 7.65 1.99412e-27
2.15 7.7 6.84094e-28
2.15 7.75 2.30036e-28
2.15 7.8 7.58213e-29
2.15 7.85 2.44965e-29
2.15 7.9 7.75771e-30
2.15 7.95 2.40813e-30
2.15 8 7.32727e-31
2.15 8.05 2.18535e-31
2.15 8.1 6.38879e-32
2.15 8.15 1.83076e-32
2.15 8.2 5.14237e-33
2.15 8.25 1.41583e-33
2.15 8.3 3.821e-34
2.15 8.35 1.01079e-34
2.15 8.4 2.62096e-35
2.15 8.45 6.66158e-36
2.15 8.5 1.65964e-36
2.15 8.55 4.05291e-37
2.15 8.6 9.70148e-38
2.15 8.65 2.27629e-38
2.15 8.7 5.23522e-39
2.15 8.75 1.18021e-39
2.15 8.8 2.60798e-40
2.15 8.85 5.64895e-41
2.15 8.9 1.19936e-41
2.15 8.95 2.49603e-42
2.15 9 5.09176e-43
2.15 9.05 1.01814e-43
2.15 9.1 1.99555e-44
2.15 9.15 3.83389e-45
2.15 9.2 7.21996e-46
2.15 9.25 1.33275e-46
2.15 9.3 2.41149e-47
2.15 9.35 4.27701e-48
2.15 9.4 7.43558e-49
2.15 9.45 1.2671e-49
2.15 9.5 2.11653e-50
2.15 9.55 3.46546e-51
2.15 9.6 5.56182e-52
2.15 9.65 8.74971e-53
2.15 9.7 1.34925e-53
2.15 9.75 2.03944e-54
2.15 9.8 3.0217e-55
2.15 9.85 4.38847e-56
2.15 9.9 6.24737e-57
2.15 9.95 8.64274e-58
2.15 10 0
2.2 0 0
2.2 0.05 2.67487e-57
2.2 0.1 1.93337e-56
2.2 0.15 1.3581e-55
2.2 0.2 9.35132e-55
2.2 0.25 6.31153e-54
2.2 0.3 4.17559e-53
2.2 0.35 2.70783e-52
2.2 0.4 1.72126e-51
2.2 0.45 1.07249e-50
2.2 0.5 6.55026e-50
2.2 0.55 3.92144e-49
2.2 0.6 2.30119e-48
2.2 0.65 1.32367e-47
2.2 0.7 7.46323e-47
2.2 0.75 4.12472e-46
2.2 0.8 2.2345e-45
2.2 0.85 1.18655e-44
2.2 0.9 6.17607e-44
2.2 0.95 3.15106e-43
2.2 1 1.57587e-42
2.2 1.05 7.72509e-42
2.2 1.1 3.71198e-41
2.2 1.15 1.74834e-40
2.2 1.2 8.0717e-40
2.2 1.25 3.65277e-39
2.2 1.3 1.62031e-38
2.2 1.35 7.04518e-38
2.2 1.4 3.00265e-37
2.2 1.45 1.2544e-36
2.2 1.5 5.13668e-36
2.2 1.55 2.06181e-35
2.2 1.6 8.11208e-35
2.2 1.65 3.12848e-34
2.2 1.7 1.18264e-33
2.2 1.75 4.38216e-33
2.2 1.8 1.59163e-32
2.2 1.85 5.66646e-32
2.2 1.9 1.97742e-31
2.2 1.95 6.76401e-31
2.2 2 2.26791e-30
2.2 2.05 7.45357e-30
2.2 2.1 2.40115e-29
2.2 2.15 7.58213e-29
2.2 2.2 2.34682e-28
2.2 2.25 7.12008e-28
2.2 2.3 2.11742e-27
2.2 2.35 6.17226e-27
2.2 2.4 1.76359e-26
2.2 2.45 4.93934e-26
2.2 2.5 1.35599e-25
2.2 2.55 3.64887e-25
2.2 2.6 9.62448e-25
2.2 2.65 2.48835e-24
2.2 2.7 6.30613e-24
2.2 2.75 1.5665e-23
2.2 2.8 3.81427e-23
2.2 2.85 9.10353e-23
2.2 2.9 2.12973e-22
2.2 2.95 4.88375e-22
2.2 3 1.09774e-21
2.2 3.05 2.41857e-21
2.2 3.1 5.22318e-21
2.2 3.15 1.10567e-20
2.2 3.2 2.29421e-20
2.2 3.25 4.66612e-20
2.2 3.3 9.30237e-20
2.2 3.35 1.8178e-19
2.2 3.4 3.48189e-19
2.2 3.45 6.5373e-19
2.2 3.5 1.20309e-18
2.2 3.55 2.17025e-18
2.2 3.6 3.83742e-18
2.2 3.65 6.65094e-18
2.2 3.7 1.12991e-17
2.2 3.75 1.88155e-17
2.2 3.8 3.07118e-17
2.2 3.85 4.9137e-17
2.2 3.9 7.70598e-17
2.2 3.95 1.18457e-16
2.2 4 1.78488e-16
2.2 4.05 2.63617e-16
2.2 4.1 3.81638e-16
2.2 4.15 5.41557e-16
2.2 4.2 7.53273e-16
2.2 4.25 1.02701e-15
2.2 4.3 1.3725e-15
2.2 4.35 1.79789e-15
2.2 4.4 2.30851e-15
2.2 4.45 2.90544e-15
2.2 4.5 3.58434e-15
2.2 4.55 4.33431e-15
2.2 4.6 5.13742e-15
2.2 4.65 5.96878e-15
2.2 4.7 6.79736e-15
2.2 4.75 7.58769e-15
2.2 4.8 8.30221e-15
2.2 4.85 8.90415e-15
2.2 4.9 9.36065e-15
2.2 4.95 9.64571e-15
2.2 5 9.74264e-15
2.2 5.05 9.64571e-15
2.2 5.1 9.36065e-15
2.2 5.15 8.90415e-15
2.2 5.2 8.30221e-15
2.2 5.25 7.58769e-15
2.2 5.3 6.79736e-15
2.2 5.35 5.96878e-15
2.2 5.4 5.13742e-15
2.2 5.45 4.33431e-15
2.2 5.5 3.58434e-15
2.2 5.55 2.90544e-15
2.2 5.6 2.30851e-15
2.2 5.65 1.79789e-15
2.2 5.7 1.3725e-15
2.2 5.75 1.02701e-15
2.2 5.8 7.53273e-16
2.2 5.85 5.41557e-16
2.2 5.9 3.81638e-16
2.2 5.95 2.63617e-16
2.2 6 1.78488e-16
2.2 6.05 1.18457e-16
2.2 6.1 7.70598e-17
2.2 6.15 4.9137e-17
2.2 6.2 3.07118e-17
2.2 6.25 1.88155e-17
2.2 6.3 1.12991e-17
2.2 6.35 6.65094e-18
2.2 6.4 3.83742e-18
2.2 6.45 2.17025e-18
2.2 6.5 1.20309e-18
2.2 6.55 6.5373e-19
2.2 6.6 3.48189e-19
2.2 6.65 1.8178e-19
2.2 6.7 9.30237e-20
2.2 6.75 4.66612e-20
2.2 6.8 2.29421e-20
2.2 6.85 1.10567e-20
2.2 6.9 5.22318e-21
2.2 6.95 2.41857e-21
2.2 7 1.09774e-21
2.2 7.05 4.88375e-22
2.2 7.1 2.12973e-22
2.2 7.15 9.10353e-23
2.2 7.2 3.81427e-23
2.2 7.25 1.5665e-23
2.2 7.3 6.30613e-24
2.2 7.35 2.48835e-24
2.2 7.4 9.62448e-25
2.2 7.45 3.64887e-25
2.2 7.5 1.35599e-25
2.2 7.55 4.93934e-26
2.2 7.6 1.76359e-26
2.2 7.65 6.17226e-27
2.2 7.7 2.11742e-27
2.2 7.75 7.12008e-28
2.2 7.8 2.34682e-28
2.2 7.85 7.58213e-29
2.2 7.9 2.40115e-29
2.2 7.95 7.45357e-30
2.2 8 2.26791e-30
2.2 8.05 6.76401e-31
2.2 8.1 1.97742e-31
2.2 8.15 5.66646e-32
2.2 8.2 1.59163e-32
2.2 8.25 4.38216e-33
2.2 8.3 1.18264e-33
2.2 8.35 3.12848e-34
2.2 8.4 8.11208e-35
2.2 8.45 2.06181e-35
2.2 8.5 5.13668e-36
2.2 8.55 1.2544e-36
2.2 8.6 3.00265e-37
2.2 8.65 7.04518e-38
2.2 8.7 1.62031e-38
2.2 8.75 3.65277e-39
2.2 8.8 8.0717e-40
2.2 8.85 1.74834e-40
2.2 8.9 3.71198e-41
2.2 8.95 7.72509e-42
2.2 9 1.57587e-42
2.2 9.05 3.15106e-43
2.2 9.1 6.17607e-44
2.2 9.15 1.18655e-44
2.2 9.2 2.2345e-45
2.2 9.25 4.12472e-46
2.2 9.3 7.46323e-47
2.2 9.35 1.32367e-47
2.2 9.4 2.30119e-48
2.2 9.45 3.92144e-49
2.2 9.5 6.55026e-50
2.2 9.55 1.07249e-50
2.2 9.6 1.72126e-51
2.2 9.65 2.70783e-52
2.2 9.7 4.17559e-53
2.2 9.75 6.31153e-54
2.2 9.8 9.35132e-55
2.2 9.85 1.3581e-55
2.2 9.9 1.93337e-56
2.2 9.95 2.67487e-57
2.2 10 0
2.25 0 0
2.25 0.05 8.11468e-57
2.25 0.1 5.86475e-56
2.25 0.15 4.11974e-55
2.25 0.2 2.83669e-54
2.25 0.25 1.91459e-53
2.25 0.3 1.26666e-52
2.25 0.35 8.21424e-52
2.25 0.4 5.22149e-51
2.25 0.45 3.25344e-50
2.25 0.5 1.98706e-49
2.25 0.55 1.1896e-48
2.25 0.6 6.98085e-48
2.25 0.65 4.01548e-47
2.25 0.7 2.26405e-46
2.25 0.75 1.25128e-45
2.25 0.8 6.77866e-45
2.25 0.85 3.59958e-44
2.25 0.9 1.87361e-43
2.25 0.95 9.55929e-43
2.25 1 4.7807e-42
2.25 1.05 2.34356e-41
2.25 1.1 1.12611e-40
2.25 1.15 5.30397e-40
2.25 1.2 2.44874e-39
2.25 1.25 1.10816e-38
2.25 1.3 4.91562e-38
2.25 1.35 2.13734e-37
2.25 1.4 9.10936e-37
2.25 1.45 3.80557e-36
2.25 1.5 1.55836e-35
2.25 1.55 6.25513e-35
2.25 1.6 2.46106e-34
2.25 1.65 9.49126e-34
2.25 1.7 3.58793e-33
2.25 1.75 1.32948e-32
2.25 1.8 4.82877e-32
2.25 1.85 1.71913e-31
2.25 1.9 5.99925e-31
2.25 1.95 2.05212e-30
2.25 2 6.88059e-30
2.25 2.05 2.26134e-29
2.25 2.1 7.28487e-29
2.25 2.15 2.30036e-28
2.25 2.2 7.12008e-28
2.25 2.25 2.16019e-27
2.25 2.3 6.42412e-27
2.25 2.35 1.87263e-26
2.25 2.4 5.35067e-26
2.25 2.45 1.49858e-25
2.25 2.5 4.11403e-25
2.25 2.55 1.10706e-24
2.25 2.6 2.92005e-24
2.25 2.65 7.54965e-24
2.25 2.7 1.91328e-23
2.25 2.75 4.75276e-23
2.25 2.8 1.15726e-22
2.25 2.85 2.76203e-22
2.25 2.9 6.46164e-22
2.25 2.95 1.48174e-21
2.25 3 3.33057e-21
2.25 3.05 7.33805e-21
2.25 3.1 1.58474e-20
2.25 3.15 3.35467e-20
2.25 3.2 6.96078e-20
2.25 3.25 1.41573e-19
2.25 3.3 2.8224e-19
2.25 3.35 5.51535e-19
2.25 3.4 1.05643e-18
2.25 3.45 1.98347e-18
2.25 3.5 3.65027e-18
2.25 3.55 6.58475e-18
2.25 3.6 1.16431e-17
2.25 3.65 2.01796e-17
2.25 3.7 3.42825e-17
2.25 3.75 5.70883e-17
2.25 3.8 9.31829e-17
2.25 3.85 1.49087e-16
2.25 3.9 2.33808e-16
2.25 3.95 3.59413e-16
2.25 4 5.41556e-16
2.25 4.05 7.99847e-16
2.25 4.1 1.15794e-15
2.25 4.15 1.64316e-15
2.25 4.2 2.28553e-15
2.25 4.25 3.11609e-15
2.25 4.3 4.16435e-15
2.25 4.35 5.45506e-15
2.25 4.4 7.00433e-15
2.25 4.45 8.81553e-15
2.25 4.5 1.08754e-14
2.25 4.55 1.31509e-14
2.25 4.6 1.55877e-14
2.25 4.65 1.81101e-14
2.25 4.7 2.06242e-14
2.25 4.75 2.30222e-14
2.25 4.8 2.51902e-14
2.25 4.85 2.70165e-14
2.25 4.9 2.84016e-14
2.25 4.95 2.92665e-14
2.25 5 2.95607e-14
2.25 5.05 2.92665e-14
2.25 5.1 2.84016e-14
2.25 5.15 2.70165e-14
2.25 5.2 2.51902e-14
2.25 5.25 2.30222e-14
2.25 5.3 2.06242e-14
2.25 5.35 1.81101e-14
2.25 5.4 1.55877e-14
2.25 5.45 1.31509e-14
2.25 5.5 1.08754e-14
2.25 5.55 8.81553e-15
2.25 5.6 7.00433e-15
2.25 5.65 5.45506e-15
2.25 5.7 4.16435e-15
2.25 5.75 3.11609e-15
2.25 5.8 2.28553e-15
2.25 5.85 1.64316e-15
2.25 5.9 1.15794e-15
2.25 5.95 7.99847e-16
2.25 6 5.41556e-16
2.25 6.05 3.59413e-16
2.25 6.1 2.33808e-16
2.25 6.15 1.49087e-16
2.25 6.2 9.31829e-17
2.25 6.25 5.70883e-17
2.25 6.3 3.42825e-17
2.25 6.35 2.01796e-17
2.25 6.4 1.16431e-17
2.25 6.45 6.58475e-18
2.25 6.5 3.65027e-18
2.25 6.55 1.98347e-18
2.25 6.6 1.05643e-18
2.25 6.65 5.51535e-19
2.25 6.7 2.8224e-19
2.25 6.75 1.41573e-19
2.25 6.8 6.96078e-20
2.25 6.85 3.35467e-20
2.25 6.9 1.58474e-20
2.25 6.95 7.33805e-21
2.25 7 3.33057e-21
2.25 7.05 1.48174e-21
2.25 7.1 6.46164e-22
2.25 7.15 2.76203e-22
2.25 7.2 1.15726e-22
2.25 7.25 4.75276e-23
2.25 7.3 1.91328e-23
2.25 7.35 7.54965e-24
2.25 7.4 2.92005e-24
2.25 7.45 1.10706e-24
2.25 7.5 4.11403e-25
2.25 7.55 1.49858e-25
2.25 7.6 5.35067e-26
2.25 7.65 1.87263e-26
2.25 7.7 6.42412e-27
2.25 7.75 2.16019e-27
2.25 7.8 7.12008e-28
2.25 7.85 2.30036e-28
2.25 7.9 7.28487e-29
2.25 7.95 2.26134e-29
2.25 8 6.88059e-30
2.25 8.05 2.05212e-30
2.25 8.1 5.99925e-31
2.25 8.15 1.71913e-31
2.25 8.2 4.82877e-32
2.25 8.25 1.32948e-32
2.25 8.3 3.58793e-33
2.25 8.35 9.49126e-34
2.25 8.4 2.46106e-34
2.25 8.45 6.25513e-35
2.25 8.5 1.55836e-35
2.25 8.55 3.80557e-36
2.25 8.6 9.10936e-37
2.25 8.65 2.13734e-37
2.25 8.7 4.91562e-38
2.25 8.75 1.10816e-38
2.25 8.8 2.44874e-39
2.25 8.85 5.30397e-40
2.25 8.9 1.12611e-40
2.25 8.95 2.34356e-41
2.25 9 4.7807e-42
2.25 9.05 9.55929e-43
2.25 9.1 1.87361e-43
2.25 9.15 3.59958e-44
2.25 9.2 6.77866e-45
2.25 9.25 1.25128e-45
2.25 9.3 2.26405e-46
2.25 9.35 4.01548e-47
2.25 9.4 6.98085e-48
2.25 9.45 1.1896e-48
2.25 9.5 1.98706e-49
2.25 9.55 3.25344e-50
2.25 9.6 5.22149e-51
2.25 9.65 8.21424e-52
2.25 9.7 1.26666e-52
2.25 9.75 1.91459e-53
2.25 9.8 2.83669e-54
2.25 9.85 4.11974e-55
2.25 9.9 5.86475e-56
2.25 9.95 8.11468e-57
2.25 10 0
2.3 0 0
2.3 0.05 2.413e-56
2.3 0.1 1.74382e-55
2.3 0.15 1.22497e-54
2.3 0.2 8.4347e-54
2.3 0.25 5.69292e-53
2.3 0.3 3.76637e-52
2.3 0.35 2.44248e-51
2.3 0.4 1.5526e-50
2.3 0.45 9.67407e-50
2.3 0.5 5.90853e-49
2.3 0.55 3.53729e-48
2.3 0.6 2.07578e-47
2.3 0.65 1.19402e-46
2.3 0.7 6.7323e-46
2.3 0.75 3.72078e-45
2.3 0.8 2.01569e-44
2.3 0.85 1.07037e-43
2.3 0.9 5.57138e-43
2.3 0.95 2.84257e-42
2.3 1 1.4216e-41
2.3 1.05 6.96891e-41
2.3 1.1 3.34865e-40
2.3 1.15 1.57722e-39
2.3 1.2 7.28175e-39
2.3 1.25 3.29531e-38
2.3 1.3 1.46176e-37
2.3 1.35 6.35584e-37
2.3 1.4 2.70887e-36
2.3 1.45 1.13167e-35
2.3 1.5 4.63417e-35
2.3 1.55 1.86012e-34
2.3 1.6 7.31859e-34
2.3 1.65 2.82248e-33
2.3 1.7 1.06697e-32
2.3 1.75 3.95359e-32
2.3 1.8 1.43598e-31
2.3 1.85 5.11236e-31
2.3 1.9 1.78407e-30
2.3 1.95 6.10265e-30
2.3 2 2.04617e-29
2.3 2.05 6.72486e-29
2.3 2.1 2.16641e-28
2.3 2.15 6.84094e-28
2.3 2.2 2.11742e-27
2.3 2.25 6.42412e-27
2.3 2.3 1.91046e-26
2.3 2.35 5.569e-26
2.3 2.4 1.59123e-25
2.3 2.45 4.45663e-25
2.3 2.5 1.22348e-24
2.3 2.55 3.29231e-24
2.3 2.6 8.68402e-24
2.3 2.65 2.24521e-23
2.3 2.7 5.68997e-23
2.3 2.75 1.41344e-22
2.3 2.8 3.44162e-22
2.3 2.85 8.21415e-22
2.3 2.9 1.92167e-21
2.3 2.95 4.40666e-21
2.3 3 9.90504e-21
2.3 3.05 2.18232e-20
2.3 3.1 4.71299e-20
2.3 3.15 9.97676e-20
2.3 3.2 2.07013e-19
2.3 3.25 4.21038e-19
2.3 3.3 8.39384e-19
2.3 3.35 1.64027e-18
2.3 3.4 3.14184e-18
2.3 3.45 5.89888e-18
2.3 3.5 1.0856e-17
2.3 3.55 1.95832e-17
2.3 3.6 3.46269e-17
2.3 3.65 6.00149e-17
2.3 3.7 1.01957e-16
2.3 3.75 1.69783e-16
2.3 3.8 2.7713e-16
2.3 3.85 4.43393e-16
2.3 3.9 6.95358e-16
2.3 3.95 1.06891e-15
2.3 4 1.61062e-15
2.3 4.05 2.37879e-15
2.3 4.1 3.44378e-15
2.3 4.15 4.88685e-15
2.3 4.2 6.79732e-15
2.3 4.25 9.26746e-15
2.3 4.3 1.23851e-14
2.3 4.35 1.62237e-14
2.3 4.4 2.08314e-14
2.3 4.45 2.6218e-14
2.3 4.5 3.23442e-14
2.3 4.55 3.91118e-14
2.3 4.6 4.6359e-14
2.3 4.65 5.3861e-14
2.3 4.7 6.1338e-14
2.3 4.75 6.84699e-14
2.3 4.8 7.49176e-14
2.3 4.85 8.03494e-14
2.3 4.9 8.44688e-14
2.3 4.95 8.70411e-14
2.3 5 8.79158e-14
2.3 5.05 8.70411e-14
2.3 5.1 8.44688e-14
2.3 5.15 8.03494e-14
2.3 5.2 7.49176e-14
2.3 5.25 6.84699e-14
2.3 5.3 6.1338e-14
2.3 5.35 5.3861e-14
2.3 5.4 4.6359e-14
2.3 5.45 3.91118e-14
2.3 5.5 3.23442e-14
2.3 5.55 2.6218e-14
2.3 5.6 2.08314e-14
2.3 5.65 1.62237e-14
2.3 5.7 1.23851e-14
2.3 5.75 9.26746e-15
2.3 5.8 6.79732e-15
2.3 5.85 4.88685e-15
2.3 5.9 3.44378e-15
2.3 5.95 2.37879e-15
2.3 6 1.61062e-15
2.3 6.05 1.06891e-15
2.3 6.1 6.95358e-16
2.3 6.15 4.43393e-16
2.3 6.2 2.7713e-16
2.3 6.25 1.69783e-16
2.3 6.3 1.01957e-16
2.3 6.35 6.00149e-17
2.3 6.4 3.46269e-17
2.3 6.45 1.95832e-17
2.3 6.5 1.0856e-17
2.3 6.55 5.89888e-18
2.3 6.6 3.14184e-18
2.3 6.65 1.64027e-18
2.3 6.7 8.39384e-19
2.3 6.75 4.21038e-19
2.3 6.8 2.07013e-19
2.3 6.85 9.97676e-20
2.3 6.9 4.71299e-20
2.3 6.95 2.18232e-20
2.3 7 9.90504e-21
2.3 7.05 4.40666e-21
2.3 7.1 1.92167e-21
2.3 7.15 8.21415e-22
2.3 7.2 3.44162e-22
2.3 7.25 1.41344e-22
2.3 7.3 5.68997e-23
2.3 7.35 2.24521e-23
2.3 7.4 8.68402e-24
2.3 7.45 3.29231e-24
2.3 7.5 1.22348e-24
2.3 7.55 4.45663e-25
2.3 7.6 1.59123e-25
2.3 7.65 5.569e-26
2.3 7.7 1.91046e-26
2.3 7.75 6.42412e-27
2.3 7.8 2.11742e-27
2.3 7.85 6.84094e-28
2.3 7.9 2.16641e-28
2.3 7.95 6.72486e-29
2.3 8 2.04617e-29
2.3 8.05 6.10265e-30
2.3 8.1 1.78407e-30
2.3 8.15 5.11236e-31
2.3 8.2 1.43598e-31
2.3 8.25 3.95359e-32
2.3 8.3 1.06697e-32
2.3 8.35 2.82248e-33
2.3 8.4 7.31859e-34
2.3 8.45 1.86012e-34
2.3 8.5 4.63417e-35
2.3 8.55 1.13167e-35
2.3 8.6 2.70887e-36
2.3 8.65 6.35584e-37
2.3 8.7 1.46176e-37
2.3 8.75 3.29531e-38
2.3 8.8 7.28175e-39
2.3 8.85 1.57722e-39
2.3 8.9 3.34865e-40
2.3 8.95 6.96891e-41
2.3 9 1.4216e-41
2.3 9.05 2.84257e-42
2.3 9.1 5.57138e-43
2.3 9.15 1.07037e-43
2.3 9.2 2.01569e-44
2.3 9.25 3.72078e-45
2.3 9.3 6.7323e-46
2.3 9.35 1.19402e-46
2.3 9.4 2.07578e-47
2.3 9.45 3.53729e-48
2.3 9.5 5.90853e-49
2.3 9.55 9.67407e-50
2.3 9.6 1.5526e-50
2.3 9.65 2.44248e-51
2.3 9.7 3.76637e-52
2.3 9.75 5.69292e-53
2.3 9.8 8.4347e-54
2.3 9.85 1.22497e-54
2.3 9.9 1.74382e-55
2.3 9.95 2.413e-56
2.3 10 0
2.35 0 0
2.35 0.05 7.03332e-56
2.35 0.1 5.08244e-55
2.35 0.15 3.57024e-54
2.35 0.2 2.45835e-53
2.35 0.25 1.65925e-52
2.35 0.3 1.09774e-51
2.35 0.35 7.11887e-51
2.35 0.4 4.52525e-50
2.35 0.45 2.81964e-49
2.35 0.5 1.72213e-48
2.35 0.55 1.031e-47
2.35 0.6 6.05023e-47
2.35 0.65 3.4802e-46
2.35 0.7 1.96226e-45
2.35 0.75 1.0845e-44
2.35 0.8 5.87519e-44
2.35 0.85 3.11985e-43
2.35 0.9 1.62392e-42
2.35 0.95 8.28541e-42
2.35 1 4.14365e-41
2.35 1.05 2.03129e-40
2.35 1.1 9.76063e-40
2.35 1.15 4.5973e-39
2.35 1.2 2.1225e-38
2.35 1.25 9.60526e-38
2.35 1.3 4.26078e-37
2.35 1.35 1.85263e-36
2.35 1.4 7.89596e-36
2.35 1.45 3.29868e-35
2.35 1.5 1.3508e-34
2.35 1.55 5.42204e-34
2.35 1.6 2.13329e-33
2.35 1.65 8.22727e-33
2.35 1.7 3.11013e-32
2.35 1.75 1.15244e-31
2.35 1.8 4.18578e-31
2.35 1.85 1.49022e-30
2.35 1.9 5.20046e-30
2.35 1.95 1.7789e-29
2.35 2 5.96452e-29
2.35 2.05 1.96028e-28
2.35 2.1 6.31505e-28
2.35 2.15 1.99412e-27
2.35 2.2 6.17226e-27
2.35 2.25 1.87263e-26
2.35 2.3 5.569e-26
2.35 2.35 1.62337e-25
2.35 2.4 4.63849e-25
2.35 2.45 1.29912e-24
2.35 2.5 3.56648e-24
2.35 2.55 9.59722e-24
2.35 2.6 2.53144e-23
2.35 2.65 6.54493e-23
2.35 2.7 1.65866e-22
2.35 2.75 4.12029e-22
2.35 2.8 1.00326e-21
2.35 2.85 2.39449e-21
2.35 2.9 5.60183e-21
2.35 2.95 1.28458e-20
2.35 3 2.88742e-20
2.35 3.05 6.36169e-20
2.35 3.1 1.37389e-19
2.35 3.15 2.90834e-19
2.35 3.2 6.03468e-19
2.35 3.25 1.22738e-18
2.35 3.3 2.44691e-18
2.35 3.35 4.7816e-18
2.35 3.4 9.1589e-18
2.35 3.45 1.71961e-17
2.35 3.5 3.16468e-17
2.35 3.55 5.7088e-17
2.35 3.6 1.00943e-16
2.35 3.65 1.74953e-16
2.35 3.7 2.97222e-16
2.35 3.75 4.94945e-16
2.35 3.8 8.0788e-16
2.35 3.85 1.29256e-15
2.35 3.9 2.02709e-15
2.35 3.95 3.11607e-15
2.35 4 4.69523e-15
2.35 4.05 6.9346e-15
2.35 4.1 1.00392e-14
2.35 4.15 1.42461e-14
2.35 4.2 1.98154e-14
2.35 4.25 2.70164e-14
2.35 4.3 3.61048e-14
2.35 4.35 4.72953e-14
2.35 4.4 6.07276e-14
2.35 4.45 7.64307e-14
2.35 4.5 9.42898e-14
2.35 4.55 1.14019e-13
2.35 4.6 1.35146e-13
2.35 4.65 1.57016e-13
2.35 4.7 1.78813e-13
2.35 4.75 1.99603e-13
2.35 4.8 2.184e-13
2.35 4.85 2.34235e-13
2.35 4.9 2.46244e-13
2.35 4.95 2.53742e-13
2.35 5 2.56292e-13
2.35 5.05 2.53742e-13
2.35 5.1 2.46244e-13
2.35 5.15 2.34235e-13
2.35 5.2 2.184e-13
2.35 5.25 1.99603e-13
2.35 5.3 1.78813e-13
2.35 5.35 1.57016e-13
2.35 5.4 1.35146e-13
2.35 5.45 1.14019e-13
2.35 5.5 9.42898e-14
2.35 5.55 7.64307e-14
2.35 5.6 6.07276e-14
2.35 5.65 4.72953e-14
2.35 5.7 3.61048e-14
2.35 5.75 2.70164e-14
2.35 5.8 1.98154e-14
2.35 5.85 1.42461e-14
2.35 5.9 1.00392e-14
2.35 5.95 6.9346e-15
2.35 6 4.69523e-15
2.35 6.05 3.11607e-15
2.35 6.1 2.02709e-15
2.35 6.15 1.29256e-15
2.35 6.2 8.0788e-16
2.35 6.25 4.94945e-16
2.35 6.3 2.97222e-16
2.35 6.35 1.74953e-16
2.35 6.4 1.00943e-16
2.35 6.45 5.7088e-17
2.35 6.5 3.16468e-17
2.35 6.55 1.71961e-17
2.35 6.6 9.1589e-18
2.35 6.65 4.7816e-18
2.35 6.7 2.44691e-18
2.35 6.75 1.22738e-18
2.35 6.8 6.03468e-19
2.35 6.85 2.90834e-19
2.35 6.9 1.37389e-19
2.35 6.95 6.36169e-20
2.35 7 2.88742e-20
2.35 7.05 1.28458e-20
2.35 7.1 5.60183e-21
2.35 7.15 2.39449e-21
2.35 7.2 1.00326e-21
2.35 7.25 4.12029e-22
2.35 7.3 1.65866e-22
2.35 7.35 6.54493e-23
2.35 7.4 2.53144e-23
2.35 7.45 9.59722e-24
2.35 7.5 3.56648e-24
2.35 7.55 1.29912e-24
2.35 7.6 4.63849e-25
2.35 7.65 1.62337e-25
2.35 7.7 5.569e-26
2.35 7.75 1.87263e-26
2.35 7.8 6.17226e-27
2.35 7.85 1.99412e-27
2.35 7.9 6.31505e-28
2.35 7.95 1.96028e-28
2.35 8 5.96452e-29
2.35 8.05 1.7789e-29
2.35 8.1 5.20046e-30
2.35 8.15 1.49022e-30
2.35 8.2 4.18578e-31
2.35 8.25 1.15244e-31
2.35 8.3 3.11013e-32
2.35 8.35 8.22727e-33
2.35 8.4 2.13329e-33
2.35 8.45 5.42204e-34
2.35 8.5 1.3508e-34
2.35 8.55 3.29868e-35
2.35 8.6 7.89596e-36
2.35 8.65 1.85263e-36
2.35 8.7 4.26078e-37
2.35 8.75 9.60526e-38
2.35 8.8 2.1225e-38
2.35 8.85 4.5973e-39
2.35 8.9 9.76063e-40
2.35 8.95 2.03129e-40
2.35 9 4.14365e-41
2.35 9.05 8.28541e-42
2.35 9.1 1.62392e-42
2.35 9.15 3.11985e-43
2.35 9.2 5.87519e-44
2.35 9.25 1.0845e-44
2.35 9.3 1.96226e-45
2.35 9.35 3.4802e-46
2.35 9.4 6.05023e-47
2.35 9.45 1.031e-47
2.35 9.5 1.72213e-48
2.35 9.55 2.81964e-49
2.35 9.6 4.52525e-50
2.35 9.65 7.11887e-51
2.35 9.7 1.09774e-51
2.35 9.75 1.65925e-52
2.35 9.8 2.45835e-53
2.35 9.85 3.57024e-54
2.35 9.9 5.08244e-55
2.35 9.95 7.03332e-56
2.35 10 0
2.4 0 0
2.4 0.05 2.00946e-55
2.4 0.1 1.45198e-54
2.4 0.15 1.01997e-53
2.4 0.2 7.02322e-53
2.4 0.25 4.74031e-52
2.4 0.3 3.13615e-51
2.4 0.35 2.03381e-50
2.4 0.4 1.29283e-49
2.4 0.45 8.05557e-49
2.4 0.5 4.92006e-48
2.4 0.55 2.94554e-47
2.4 0.6 1.72854e-46
2.4 0.65 9.94292e-46
2.4 0.7 5.6062e-45
2.4 0.75 3.09844e-44
2.4 0.8 1.67856e-43
2.4 0.85 8.91353e-43
2.4 0.9 4.63962e-42
2.4 0.95 2.36719e-41
2.4 1 1.18387e-40
2.4 1.05 5.80355e-40
2.4 1.1 2.7887e-39
2.4 1.15 1.3135e-38
2.4 1.2 6.06422e-38
2.4 1.25 2.74434e-37
2.4 1.3 1.21736e-36
2.4 1.35 5.29323e-36
2.4 1.4 2.256e-35
2.4 1.45 9.42486e-35
2.4 1.5 3.85948e-34
2.4 1.55 1.54918e-33
2.4 1.6 6.09523e-33
2.4 1.65 2.3507e-32
2.4 1.7 8.88629e-32
2.4 1.75 3.29278e-31
2.4 1.8 1.19597e-30
2.4 1.85 4.25791e-30
2.4 1.9 1.4859e-29
2.4 1.95 5.08275e-29
2.4 2 1.70422e-28
2.4 2.05 5.60104e-28
2.4 2.1 1.80438e-27
2.4 2.15 5.69778e-27
2.4 2.2 1.76359e-26
2.4 2.25 5.35067e-26
2.4 2.3 1.59123e-25
2.4 2.35 4.63849e-25
2.4 2.4 1.32536e-24
2.4 2.45 3.71201e-24
2.4 2.5 1.01906e-23
2.4 2.55 2.74225e-23
2.4 2.6 7.23318e-23
2.4 2.65 1.87011e-22
2.4 2.7 4.73939e-22
2.4 2.75 1.17732e-21
2.4 2.8 2.86668e-21
2.4 2.85 6.84196e-21
2.4 2.9 1.60065e-20
2.4 2.95 3.67054e-20
2.4 3 8.25047e-20
2.4 3.05 1.81778e-19
2.4 3.1 3.92574e-19
2.4 3.15 8.31029e-19
2.4 3.2 1.72435e-18
2.4 3.25 3.50713e-18
2.4 3.3 6.99184e-18
2.4 3.35 1.3663e-17
2.4 3.4 2.61709e-17
2.4 3.45 4.91365e-17
2.4 3.5 9.04284e-17
2.4 3.55 1.63125e-16
2.4 3.6 2.88438e-16
2.4 3.65 4.99917e-16
2.4 3.7 8.49296e-16
2.4 3.75 1.41428e-15
2.4 3.8 2.30848e-15
2.4 3.85 3.69345e-15
2.4 3.9 5.79232e-15
2.4 3.95 8.90405e-15
2.4 4 1.34165e-14
2.4 4.05 1.98154e-14
2.4 4.1 2.86868e-14
2.4 4.15 4.07077e-14
2.4 4.2 5.66221e-14
2.4 4.25 7.71986e-14
2.4 4.3 1.03169e-13
2.4 4.35 1.35145e-13
2.4 4.4 1.73528e-13
2.4 4.45 2.18399e-13
2.4 4.5 2.69431e-13
2.4 4.55 3.25807e-13
2.4 4.6 3.86177e-13
2.4 4.65 4.4867e-13
2.4 4.7 5.10954e-13
2.4 4.75 5.70364e-13
2.4 4.8 6.24075e-13
2.4 4.85 6.69323e-13
2.4 4.9 7.03638e-13
2.4 4.95 7.25066e-13
2.4 5 7.32353e-13
2.4 5.05 7.25066e-13
2.4 5.1 7.03638e-13
2.4 5.15 6.69323e-13
2.4 5.2 6.24075e-13
2.4 5.25 5.70364e-13
2.4 5.3 5.10954e-13
2.4 5.35 4.4867e-13
2.4 5.4 3.86177e-13
2.4 5.45 3.25807e-13
2.4 5.5 2.69431e-13
2.4 5.55 2.18399e-13
2.4 5.6 1.73528e-13
2.4 5.65 1.35145e-13
2.4 5.7 1.03169e-13
2.4 5.75 7.71986e-14
2.4 5.8 5.66221e-14
2.4 5.85 4.07077e-14
2.4 5.9 2.86868e-14
2.4 5.95 1.98154e-14
2.4 6 1.34165e-14
2.4 6.05 8.90405e-15
2.4 6.1 5.79232e-15
2.4 6.15 3.69345e-15
2.4 6.2 2.30848e-15
2.4 6.25 1.41428e-15
2.4 6.3 8.49296e-16
2.4 6.35 4.99917e-16
2.4 6.4 2.88438e-16
2.4 6.45 1.63125e-16
2.4 6.5 9.04284e-17
2.4 6.55 4.91365e-17
2.4 6.6 2.61709e-17
2.4 6.65 1.3663e-17
2.4 6.7 6.99184e-18
2.4 6.75 3.50713e-18
2.4 6.8 1.72435e-18
2.4 6.85 8.31029e-19
2.4 6.9 3.92574e-19
2.4 6.95 1.81778e-19
2.4 7 8.25047e-20
2.4 7.05 3.67054e-20
2.4 7.1 1.60065e-20
2.4 7.15 6.84196e-21
2.4 7.2 2.86668e-21
2.4 7.25 1.17732e-21
2.4 7.3 4.73939e-22
2.4 7.35 1.87011e-22
2.4 7.4 7.23318e-23
2.4 7.45 2.74225e-23
2.4 7.5 1.01906e-23
2.4 7.55 3.71201e-24
2.4 7.6 1.32536e-24
2.4 7.65 4.63849e-25
2.4 7.7 1.59123e-25
2.4 7.75 5.35067e-26
2.4 7.8 1.76359e-26
2.4 7.85 5.69778e-27
2.4 7.9 1.80438e-27
2.4 7.95 5.60104e-28
2.4 8 1.70422e-28
2.4 8.05 5.08275e-29
2.4 8.1 1.4859e-29
2.4 8.15 4.25791e-30
2.4 8.2 1.19597e-30
2.4 8.25 3.29278e-31
2.4 8.3 8.88629e-32
2.4 8.35 2.3507e-32
2.4 8.4 6.09523e-33
2.4 8.45 1.54918e-33
2.4 8.5 3.85948e-34
2.4 8.55 9.42486e-35
2.4 8.6 2.256e-35
2.4 8.65 5.29323e-36
2.4 8.7 1.21736e-36
2.4 8.75 2.74434e-37
2.4 8.8 6.06422e-38
2.4 8.85 1.3135e-38
2.4 8.9 2.7887e-39
2.4 8.95 5.80355e-40
2.4 9 1.18387e-40
2.4 9.05 2.36719e-41
2.4 9.1 4.63962e-42
2.4 9.15 8.91353e-43
2.4 9.2 1.67856e-43
2.4 9.25 3.09844e-44
2.4 9.3 5.6062e-45
2.4 9.35 9.94292e-46
2.4 9.4 1.72854e-46
2.4 9.45 2.94554e-47
2.4 9.5 4.92006e-48
2.4 9.55 8.05557e-49
2.4 9.6 1.29283e-49
2.4 9.65 2.03381e-50
2.4 9.7 3.13615e-51
2.4 9.75 4.74031e-52
2.4 9.8 7.02322e-53
2.4 9.85 1.01997e-53
2.4 9.9 1.45198e-54
2.4 9.95 2.00946e-55
2.4 10 0
2.45 0 0
2.45 0.05 5.62752e-55
2.45 0.1 4.06599e-54
2.45 0.15 2.85625e-53
2.45 0.2 1.96674e-52
2.45 0.25 1.32745e-51
2.45 0.3 8.78236e-51
2.45 0.35 5.69541e-50
2.45 0.4 3.62043e-49
2.45 0.45 2.25588e-48
2.45 0.5 1.37782e-47
2.45 0.55 8.24874e-47
2.45 0.6 4.84065e-46
2.45 0.65 2.78446e-45
2.45 0.7 1.56999e-44
2.45 0.75 8.67706e-44
2.45 0.8 4.70076e-43
2.45 0.85 2.49622e-42
2.45 0.9 1.29932e-41
2.45 0.95 6.62934e-41
2.45 1 3.31545e-40
2.45 1.05 1.6253e-39
2.45 1.1 7.80987e-39
2.45 1.15 3.67851e-38
2.45 1.2 1.69832e-37
2.45 1.25 7.68572e-37
2.45 1.3 3.40932e-36
2.45 1.35 1.48241e-35
2.45 1.4 6.31814e-35
2.45 1.45 2.63953e-34
2.45 1.5 1.08089e-33
2.45 1.55 4.33866e-33
2.45 1.6 1.70705e-32
2.45 1.65 6.58345e-32
2.45 1.7 2.48874e-31
2.45 1.75 9.22193e-31
2.45 1.8 3.34951e-30
2.45 1.85 1.1925e-29
2.45 1.9 4.16153e-29
2.45 1.95 1.42352e-28
2.45 2 4.773e-28
2.45 2.05 1.56869e-27
2.45 2.1 5.05356e-27
2.45 2.15 1.59579e-26
2.45 2.2 4.93934e-26
2.45 2.25 1.49858e-25
2.45 2.3 4.45663e-25
2.45 2.35 1.29912e-24
2.45 2.4 3.71201e-24
2.45 2.45 1.03964e-23
2.45 2.5 2.85415e-23
2.45 2.55 7.68041e-23
2.45 2.6 2.02585e-22
2.45 2.65 5.23778e-22
2.45 2.7 1.3274e-21
2.45 2.75 3.29742e-21
2.45 2.8 8.02898e-21
2.45 2.85 1.9163e-20
2.45 2.9 4.48313e-20
2.45 2.95 1.02805e-19
2.45 3 2.31081e-19
2.45 3.05 5.0913e-19
2.45 3.1 1.09953e-18
2.45 3.15 2.32757e-18
2.45 3.2 4.82963e-18
2.45 3.25 9.82291e-18
2.45 3.3 1.95831e-17
2.45 3.35 3.82681e-17
2.45 3.4 7.33008e-17
2.45 3.45 1.37624e-16
2.45 3.5 2.53278e-16
2.45 3.55 4.56892e-16
2.45 3.6 8.07877e-16
2.45 3.65 1.4002e-15
2.45 3.7 2.37877e-15
2.45 3.75 3.96122e-15
2.45 3.8 6.46578e-15
2.45 3.85 1.03449e-14
2.45 3.9 1.62236e-14
2.45 3.95 2.49393e-14
2.45 4 3.7578e-14
2.45 4.05 5.55008e-14
2.45 4.1 8.03488e-14
2.45 4.15 1.14018e-13
2.45 4.2 1.58593e-13
2.45 4.25 2.16226e-13
2.45 4.3 2.88966e-13
2.45 4.35 3.78529e-13
2.45 4.4 4.86035e-13
2.45 4.45 6.11717e-13
2.45 4.5 7.54653e-13
2.45 4.55 9.12555e-13
2.45 4.6 1.08165e-12
2.45 4.65 1.25669e-12
2.45 4.7 1.43114e-12
2.45 4.75 1.59754e-12
2.45 4.8 1.74798e-12
2.45 4.85 1.87472e-12
2.45 4.9 1.97083e-12
2.45 4.95 2.03085e-12
2.45 5 2.05126e-12
2.45 5.05 2.03085e-12
2.45 5.1 1.97083e-12
2.45 5.15 1.87472e-12
2.45 5.2 1.74798e-12
2.45 5.25 1.59754e-12
2.45 5.3 1.43114e-12
2.45 5.35 1.25669e-12
2.45 5.4 1.08165e-12
2.45 5.45 9.12555e-13
2.45 5.5 7.54653e-13
2.45 5.55 6.11717e-13
2.45 5.6 4.86035e-13
2.45 5.65 3.78529e-13
2.45 5.7 2.88966e-13
2.45 5.75 2.16226e-13
2.45 5.8 1.58593e-13
2.45 5.85 1.14018e-13
2.45 5.9 8.03488e-14
2.45 5.95 5.55008e-14
2.45 6 3.7578e-14
2.45 6.05 2.49393e-14
2.45 6.1 1.62236e-14
2.45 6.15 1.03449e-14
2.45 6.2 6.46578e-15
2.45 6.25 3.96122e-15
2.45 6.3 2.37877e-15
2.45 6.35 1.4002e-15
2.45 6.4 8.07877e-16
2.45 6.45 4.56892e-16
2.45 6.5 2.53278e-16
2.45 6.55 1.37624e-16
2.45 6.6 7.33008e-17
2.45 6.65 3.82681e-17
2.45 6.7 1.95831e-17
2.45 6.75 9.82291e-18
2.45 6.8 4.82963e-18
2.45 6.85 2.32757e-18
2.45 6.9 1.09953e-18
2.45 6.95 5.0913e-19
2.45 7 2.31081e-19
2.45 7.05 1.02805e-19
2.45 7.1 4.48313e-20
2.45 7.15 1.9163e-20
2.45 7.2 8.02898e-21
2.45 7.25 3.29742e-21
2.45 7.3 1.3274e-21
2.45 7.35 5.23778e-22
2.45 7.4 2.02585e-22
2.45 7.45 7.68041e-23
2.45 7.5 2.85415e-23
2.45 7.55 1.03964e-23
2.45 7.6 3.71201e-24
2.45 7.65 1.29912e-24
2.45 7.7 4.45663e-25
2.45 7.75 1.49858e-25
2.45 7.8 4.93934e-26
2.45 7.85 1.59579e-26
2.45 7.9 5.05356e-27
2.45 7.95 1.56869e-27
2.45 8 4.773e-28
2.45 8.05 1.42352e-28
2.45 8.1 4.16153e-29
2.45 8.15 1.1925e-29
2.45 8.2 3.34951e-30
2.45 8.25 9.22193e-31
2.45 8.3 2.48874e-31
2.45 8.35 6.58345e-32
2.45 8.4 1.70705e-32
2.45 8.45 4.33866e-33
2.45 8.5 1.08089e-33
2.45 8.55 2.63953e-34
2.45 8.6 6.31814e-35
2.45 8.65 1.48241e-35
2.45 8.7 3.40932e-36
2.45 8.75 7.68572e-37
2.45 8.8 1.69832e-37
2.45 8.85 3.67851e-38
2.45 8.9 7.80987e-39
2.45 8.95 1.6253e-39
2.45 9 3.31545e-40
2.45 9.05 6.62934e-41
2.45 9.1 1.29932e-41
2.45 9.15 2.49622e-42
2.45 9.2 4.70076e-43
2.45 9.25 8.67706e-44
2.45 9.3 1.56999e-44
2.45 9.35 2.78446e-45
2.45 9.4 4.84065e-46
2.45 9.45 8.24874e-47
2.45 9.5 1.37782e-47
2.45 9.55 2.25588e-48
2.45 9.6 3.62043e-49
2.45 9.65 5.69541e-50
2.45 9.7 8.78236e-51
2.45 9.75 1.32745e-51
2.45 9.8 1.96674e-52
2.45 9.85 2.85625e-53
2.45 9.9 4.06599e-54
2.45 9.95 5.62752e-55
2.45 10 0
2.5 0 0
2.5 0.05 1.54479e-54
2.5 0.1 1.11607e-53
2.5 0.15 7.84009e-53
2.5 0.2 5.3985e-52
2.5 0.25 3.64374e-51
2.5 0.3 2.41069e-50
2.5 0.35 1.56336e-49
2.5 0.4 9.9379e-49
2.5 0.45 6.1923e-48
2.5 0.5 3.78207e-47
2.5 0.55 2.26427e-46
2.5 0.6 1.32876e-45
2.5 0.65 7.64336e-45
2.5 0.7 4.30965e-44
2.5 0.75 2.38188e-43
2.5 0.8 1.29038e-42
2.5 0.85 6.85225e-42
2.5 0.9 3.56672e-41
2.5 0.95 1.8198e-40
2.5 1 9.10119e-40
2.5 1.05 4.4616e-39
2.5 1.1 2.14389e-38
2.5 1.15 1.00979e-37
2.5 1.2 4.66209e-37
2.5 1.25 2.10983e-36
2.5 1.3 9.35906e-36
2.5 1.35 4.06945e-35
2.5 1.4 1.73443e-34
2.5 1.45 7.24595e-34
2.5 1.5 2.96724e-33
2.5 1.55 1.19104e-32
2.5 1.6 4.68617e-32
2.5 1.65 1.80729e-31
2.5 1.7 6.8321e-31
2.5 1.75 2.53162e-30
2.5 1.8 9.19516e-30
2.5 1.85 3.27369e-29
2.5 1.9 1.14244e-28
2.5 1.95 3.90791e-28
2.5 2 1.31031e-27
2.5 2.05 4.30645e-27
2.5 2.1 1.38734e-26
2.5 2.15 4.38087e-26
2.5 2.2 1.35599e-25
2.5 2.25 4.11403e-25
2.5 2.3 1.22348e-24
2.5 2.35 3.56648e-24
2.5 2.4 1.01906e-23
2.5 2.45 2.85415e-23
2.5 2.5 7.83554e-23
2.5 2.55 2.10852e-22
2.5 2.6 5.56163e-22
2.5 2.65 1.43795e-21
2.5 2.7 3.64417e-21
2.5 2.75 9.05255e-21
2.5 2.8 2.20424e-20
2.5 2.85 5.26092e-20
2.5 2.9 1.23078e-19
2.5 2.95 2.82238e-19
2.5 3 6.34402e-19
2.5 3.05 1.39775e-18
2.5 3.1 3.01864e-18
2.5 3.15 6.39009e-18
2.5 3.2 1.32592e-17
2.5 3.25 2.69677e-17
2.5 3.3 5.37633e-17
2.5 3.35 1.05061e-16
2.5 3.4 2.0124e-16
2.5 3.45 3.77835e-16
2.5 3.5 6.95351e-16
2.5 3.55 1.25436e-15
2.5 3.6 2.21796e-15
2.5 3.65 3.84415e-15
2.5 3.7 6.53074e-15
2.5 3.75 1.08753e-14
2.5 3.8 1.77513e-14
2.5 3.85 2.84013e-14
2.5 3.9 4.45409e-14
2.5 3.95 6.84692e-14
2.5 4 1.03168e-13
2.5 4.05 1.52374e-13
2.5 4.1 2.20593e-13
2.5 4.15 3.13031e-13
2.5 4.2 4.35408e-13
2.5 4.25 5.93637e-13
2.5 4.3 7.93341e-13
2.5 4.35 1.03923e-12
2.5 4.4 1.33439e-12
2.5 4.45 1.67944e-12
2.5 4.5 2.07187e-12
2.5 4.55 2.50538e-12
2.5 4.6 2.96962e-12
2.5 4.65 3.45018e-12
2.5 4.7 3.92914e-12
2.5 4.75 4.38599e-12
2.5 4.8 4.79902e-12
2.5 4.85 5.14697e-12
2.5 4.9 5.41084e-12
2.5 4.95 5.57562e-12
2.5 5 5.63165e-12
2.5 5.05 5.57562e-12
2.5 5.1 5.41084e-12
2.5 5.15 5.14697e-12
2.5 5.2 4.79902e-12
2.5 5.25 4.38599e-12
2.5 5.3 3.92914e-12
2.5 5.35 3.45018e-12
2.5 5.4 2.96962e-12
2.5 5.45 2.50538e-12
2.5 5.5 2.07187e-12
2.5 5.55 1.67944e-12
2.5 5.6 1.33439e-12
2.5 5.65 1.03923e-12
2.5 5.7 7.93341e-13
2.5 5.75 5.93637e-13
2.5 5.8 4.35408e-13
2.5 5.85 3.13031e-13
2.5 5.9 2.20593e-13
2.5 5.95 1.52374e-13
2.5 6 1.03168e-13
2.5 6.05 6.84692e-14
2.5 6.1 4.45409e-14
2.5 6.15 2.84013e-14
2.5 6.2 1.77513e-14
2.5 6.25 1.08753e-14
2.5 6.3 6.53074e-15
2.5 6.35 3.84415e-15
2.5 6.4 2.21796e-15
2.5 6.45 1.25436e-15
2.5 6.5 6.95351e-16
2.5 6.55 3.77835e-16
2.5 6.6 2.0124e-16
2.5 6.65 1.05061e-16
2.5 6.7 5.37633e-17
2.5 6.75 2.69677e-17
2.5 6.8 1.32592e-17
2.5 6.85 6.39009e-18
2.5 6.9 3.01864e-18
2.5 6.95 1.39775e-18
2.5 7 6.34402e-19
2.5 7.05 2.82238e-19
2.5 7.1 1.23078e-19
2.5 7.15 5.26092e-20
2.5 7.2 2.20424e-20
2.5 7.25 9.05255e-21
2.5 7.3 3.64417e-21
2.5 7.35 1.43795e-21
2.5 7.4 5.56163e-22
2.5 7.45 2.10852e-22
2.5 7.5 7.83554e-23
2.5 7.55 2.85415e-23
2.5 7.6 1.01906e-23
2.5 7.65 3.56648e-24
2.5 7.7 1.22348e-24
2.5 7.75 4.11403e-25
2.5 7.8 1.35599e-25
2.5 7.85 4.38087e-26
2.5 7.9 1.38734e-26
2.5 7.95 4.30645e-27
2.5 8 1.31031e-27
2.5 8.05 3.90791e-28
2.5 8.1 1.14244e-28
2.5 8.15 3.27369e-29
2.5 8.2 9.19516e-30
2.5 8.25 2.53162e-30
2.5 8.3 6.8321e-31
2.5 8.35 1.80729e-31
2.5 8.4 4.68617e-32
2.5 8.45 1.19104e-32
2.5 8.5 2.96724e-33
2.5 8.55 7.24595e-34
2.5 8.6 1.73443e-34
2.5 8.65 4.06945e-35
2.5 8.7 9.35906e-36
2.5 8.75 2.10983e-36
2.5 8.8 4.66209e-37
2.5 8.85 1.00979e-37
2.5 8.9 2.14389e-38
2.5 8.95 4.4616e-39
2.5 9 9.10119e-40
2.5 9.05 1.8198e-40
2.5 9.1 3.56672e-41
2.5 9.15 6.85225e-42
2.5 9.2 1.29038e-42
2.5 9.25 2.38188e-43
2.5 9.3 4.30965e-44
2.5 9.35 7.64336e-45
2.5 9.4 1.32876e-45
2.5 9.45 2.26427e-46
2.5 9.5 3.78207e-47
2.5 9.55 6.1923e-48
2.5 9.6 9.9379e-49
2.5 9.65 1.56336e-49
2.5 9.7 2.41069e-50
2.5 9.75 3.64374e-51
2.5 9.8 5.3985e-52
2.5 9.85 7.84009e-53
2.5 9.9 1.11607e-53
2.5 9.95 1.54479e-54
2.5 10 0
2.55 0 0
2.55 0.05 4.15663e-54
2.55 0.1 3.00283e-53
2.55 0.15 2.10942e-52
2.55 0.2 1.45251e-51
2.55 0.25 9.80378e-51
2.55 0.3 6.4862e-50
2.55 0.35 4.20638e-49
2.55 0.4 2.67391e-48
2.55 0.45 1.66612e-47
2.55 0.5 1.01762e-46
2.55 0.55 6.09235e-46
2.55 0.6 3.57524e-45
2.55 0.65 2.05658e-44
2.55 0.7 1.15959e-43
2.55 0.75 6.4089e-43
2.55 0.8 3.47202e-42
2.55 0.85 1.84374e-41
2.55 0.9 9.59706e-41
2.55 0.95 4.8966e-40
2.55 1 2.44889e-39
2.55 1.05 1.20051e-38
2.55 1.1 5.76869e-38
2.55 1.15 2.71712e-37
2.55 1.2 1.25446e-36
2.55 1.25 5.6771e-36
2.55 1.3 2.51833e-35
2.55 1.35 1.09501e-34
2.55 1.4 4.66702e-34
2.55 1.45 1.94976e-33
2.55 1.5 7.98432e-33
2.55 1.55 3.2049e-32
2.55 1.6 1.26098e-31
2.55 1.65 4.86315e-31
2.55 1.7 1.83842e-30
2.55 1.75 6.81225e-30
2.55 1.8 2.4743e-29
2.55 1.85 8.80912e-29
2.55 1.9 3.07418e-28
2.55 1.95 1.05158e-27
2.55 2 3.52592e-27
2.55 2.05 1.15883e-26
2.55 2.1 3.73321e-26
2.55 2.15 1.17886e-25
2.55 2.2 3.64887e-25
2.55 2.25 1.10706e-24
2.55 2.3 3.29231e-24
2.55 2.35 9.59722e-24
2.55 2.4 2.74225e-23
2.55 2.45 7.68041e-23
2.55 2.5 2.10852e-22
2.55 2.55 5.67397e-22
2.55 2.6 1.49662e-21
2.55 2.65 3.86949e-21
2.55 2.7 9.80643e-21
2.55 2.75 2.43604e-20
2.55 2.8 5.93161e-20
2.55 2.85 1.41572e-19
2.55 2.9 3.31204e-19
2.55 2.95 7.59506e-19
2.55 3 1.70719e-18
2.55 3.05 3.76138e-18
2.55 3.1 8.12323e-18
2.55 3.15 1.71959e-17
2.55 3.2 3.5681e-17
2.55 3.25 7.25713e-17
2.55 3.3 1.4468e-16
2.55 3.35 2.82725e-16
2.55 3.4 5.41548e-16
2.55 3.45 1.01677e-15
2.55 3.5 1.87123e-15
2.55 3.55 3.37555e-15
2.55 3.6 5.96867e-15
2.55 3.65 1.03449e-14
2.55 3.7 1.75747e-14
2.55 3.75 2.92661e-14
2.55 3.8 4.77702e-14
2.55 3.85 7.64301e-14
2.55 3.9 1.19863e-13
2.55 3.95 1.84256e-13
2.55 4 2.77635e-13
2.55 4.05 4.10053e-13
2.55 4.1 5.93636e-13
2.55 4.15 8.42395e-13
2.55 4.2 1.17172e-12
2.55 4.25 1.59753e-12
2.55 4.3 2.13496e-12
2.55 4.35 2.79668e-12
2.55 4.4 3.59097e-12
2.55 4.45 4.51955e-12
2.55 4.5 5.57561e-12
2.55 4.55 6.74225e-12
2.55 4.6 7.99155e-12
2.55 4.65 9.2848e-12
2.55 4.7 1.05737e-11
2.55 4.75 1.18032e-11
2.55 4.8 1.29147e-11
2.55 4.85 1.3851e-11
2.55 4.9 1.45612e-11
2.55 4.95 1.50046e-11
2.55 5 1.51554e-11
2.55 5.05 1.50046e-11
2.55 5.1 1.45612e-11
2.55 5.15 1.3851e-11
2.55 5.2 1.29147e-11
2.55 5.25 1.18032e-11
2.55 5.3 1.05737e-11
2.55 5.35 9.2848e-12
2.55 5.4 7.99155e-12
2.55 5.45 6.74225e-12
2.55 5.5 5.57561e-12
2.55 5.55 4.51955e-12
2.55 5.6 3.59097e-12
2.55 5.65 2.79668e-12
2.55 5.7 2.13496e-12
2.55 5.75 1.59753e-12
2.55 5.8 1.17172e-12
2.55 5.85 8.42395e-13
2.55 5.9 5.93636e-13
2.55 5.95 4.10053e-13
2.55 6 2.77635e-13
2.55 6.05 1.84256e-13
2.55 6.1 1.19863e-13
2.55 6.15 7.64301e-14
2.55 6.2 4.77702e-14
2.55 6.25 2.92661e-14
2.55 6.3 1.75747e-14
2.55 6.35 1.03449e-14
2.55 6.4 5.96867e-15
2.55 6.45 3.37555e-15
2.55 6.5 1.87123e-15
2.55 6.55 1.01677e-15
2.55 6.6 5.41548e-16
2.55 6.65 2.82725e-16
2.55 6.7 1.4468e-16
2.55 6.75 7.25713e-17
2.55 6.8 3.5681e-17
2.55 6.85 1.71959e-17
2.55 6.9 8.12323e-18
2.55 6.95 3.76138e-18
2.55 7 1.70719e-18
2.55 7.05 7.59506e-19
2.55 7.1 3.31204e-19
2.55 7.15 1.41572e-19
2.55 7.2 5.93161e-20
2.55 7.25 2.43604e-20
2.55 7.3 9.80643e-21
2.55 7.35 3.86949e-21
2.55 7.4 1.49662e-21
2.55 7.45 5.67397e-22
2.55 7.5 2.10852e-22
2.55 7.55 7.68041e-23
2.55 7.6 2.74225e-23
2.55 7.65 9.59722e-24
2.55 7.7 3.29231e-24
2.55 7.75 1.10706e-24
2.55 7.8 3.64887e-25
2.55 7.85 1.17886e-25
2.55 7.9 3.73321e-26
2.55 7.95 1.15883e-26
2.55 8 3.52592e-27
2.55 8.05 1.05158e-27
2.55 8.1 3.07418e-28
2.55 8.15 8.80912e-29
2.55 8.2 2.4743e-29
2.55 8.25 6.81225e-30
2.55 8.3 1.83842e-30
2.55 8.35 4.86315e-31
2.55 8.4 1.26098e-31
2.55 8.45 3.2049e-32
2.55 8.5 7.98432e-33
2.55 8.55 1.94976e-33
2.55 8.6 4.66702e-34
2.55 8.65 1.09501e-34
2.55 8.7 2.51833e-35
2.55 8.75 5.6771e-36
2.55 8.8 1.25446e-36
2.55 8.85 2.71712e-37
2.55 8.9 5.76869e-38
2.55 8.95 1.20051e-38
2.55 9 2.44889e-39
2.55 9.05 4.8966e-40
2.55 9.1 9.59706e-41
2.55 9.15 1.84374e-41
2.55 9.2 3.47202e-42
2.55 9.25 6.4089e-43
2.55 9.3 1.15959e-43
2.55 9.35 2.05658e-44
2.55 9.4 3.57524e-45
2.55 9.45 6.09235e-46
2.55 9.5 1.01762e-46
2.55 9.55 1.66612e-47
2.55 9.6 2.67391e-48
2.55 9.65 4.20638e-49
2.55 9.7 6.4862e-50
2.55 9.75 9.80378e-51
2.55 9.8 1.45251e-51
2.55 9.85 2.10942e-52
2.55 9.9 3.00283e-53
2.55 9.95 4.15663e-54
2.55 10 0
2.6 0 0
2.6 0.05 1.0963e-53
2.6 0.1 7.91934e-53
2.6 0.15 5.56319e-52
2.6 0.2 3.83071e-51
2.6 0.25 2.58558e-50
2.6 0.3 1.71063e-49
2.6 0.35 1.10937e-48
2.6 0.4 7.05206e-48
2.6 0.45 4.39417e-47
2.6 0.5 2.68385e-46
2.6 0.55 1.60679e-45
2.6 0.6 9.42933e-45
2.6 0.65 5.42403e-44
2.6 0.7 3.05833e-43
2.6 0.75 1.6903e-42
2.6 0.8 9.15725e-42
2.6 0.85 4.86278e-41
2.6 0.9 2.53118e-40
2.6 0.95 1.29146e-39
2.6 1 6.4589e-39
2.6 1.05 3.16632e-38
2.6 1.1 1.52149e-37
2.6 1.15 7.16641e-37
2.6 1.2 3.30867e-36
2.6 1.25 1.49735e-35
2.6 1.3 6.64217e-35
2.6 1.35 2.88813e-34
2.6 1.4 1.23095e-33
2.6 1.45 5.14259e-33
2.6 1.5 2.10592e-32
2.6 1.55 8.45314e-32
2.6 1.6 3.32592e-31
2.6 1.65 1.2827e-30
2.6 1.7 4.84901e-30
2.6 1.75 1.7968e-29
2.6 1.8 6.52624e-29
2.6 1.85 2.32351e-28
2.6 1.9 8.10851e-28
2.6 1.95 2.77368e-27
2.6 2 9.30008e-27
2.6 2.05 3.05657e-26
2.6 2.1 9.84689e-26
2.6 2.15 3.10942e-25
2.6 2.2 9.62448e-25
2.6 2.25 2.92005e-24
2.6 2.3 8.68402e-24
2.6 2.35 2.53144e-23
2.6 2.4 7.23318e-23
2.6 2.45 2.02585e-22
2.6 2.5 5.56163e-22
2.6 2.55 1.49662e-21
2.6 2.6 3.94765e-21
2.6 2.65 1.02066e-20
2.6 2.7 2.58666e-20
2.6 2.75 6.42558e-20
2.6 2.8 1.56459e-19
2.6 2.85 3.73428e-19
2.6 2.9 8.73629e-19
2.6 2.95 2.00338e-18
2.6 3 4.50313e-18
2.6 3.05 9.92158e-18
2.6 3.1 2.14271e-17
2.6 3.15 4.53587e-17
2.6 3.2 9.4118e-17
2.6 3.25 1.91426e-16
2.6 3.3 3.81631e-16
2.6 3.35 7.45764e-16
2.6 3.4 1.42848e-15
2.6 3.45 2.68203e-15
2.6 3.5 4.9359e-15
2.6 3.55 8.90398e-15
2.6 3.6 1.57441e-14
2.6 3.65 2.72876e-14
2.6 3.7 4.63584e-14
2.6 3.75 7.7198e-14
2.6 3.8 1.26008e-13
2.6 3.85 2.01607e-13
2.6 3.9 3.16176e-13
2.6 3.95 4.86032e-13
2.6 4 7.32347e-13
2.6 4.05 1.08164e-12
2.6 4.1 1.5659e-12
2.6 4.15 2.22208e-12
2.6 4.2 3.09079e-12
2.6 4.25 4.214e-12
2.6 4.3 5.63163e-12
2.6 4.35 7.37715e-12
2.6 4.4 9.47234e-12
2.6 4.45 1.19218e-11
2.6 4.5 1.47075e-11
2.6 4.55 1.77849e-11
2.6 4.6 2.10803e-11
2.6 4.65 2.44917e-11
2.6 4.7 2.78917e-11
2.6 4.75 3.11347e-11
2.6 4.8 3.40667e-11
2.6 4.85 3.65367e-11
2.6 4.9 3.84099e-11
2.6 4.95 3.95796e-11
2.6 5 3.99773e-11
2.6 5.05 3.95796e-11
2.6 5.1 3.84099e-11
2.6 5.15 3.65367e-11
2.6 5.2 3.40667e-11
2.6 5.25 3.11347e-11
2.6 5.3 2.78917e-11
2.6 5.35 2.44917e-11
2.6 5.4 2.10803e-11
2.6 5.45 1.77849e-11
2.6 5.5 1.47075e-11
2.6 5.55 1.19218e-11
2.6 5.6 9.47234e-12
2.6 5.65 7.37715e-12
2.6 5.7 5.63163e-12
2.6 5.75 4.214e-12
2.6 5.8 3.09079e-12
2.6 5.85 2.22208e-12
2.6 5.9 1.5659e-12
2.6 5.95 1.08164e-12
2.6 6 7.32347e-13
2.6 6.05 4.86032e-13
2.6 6.1 3.16176e-13
2.6 6.15 2.01607e-13
2.6 6.2 1.26008e-13
2.6 6.25 7.7198e-14
2.6 6.3 4.63584e-14
2.6 6.35 2.72876e-14
2.6 6.4 1.57441e-14
2.6 6.45 8.90398e-15
2.6 6.5 4.9359e-15
2.6 6.55 2.68203e-15
2.6 6.6 1.42848e-15
2.6 6.65 7.45764e-16
2.6 6.7 3.81631e-16
2.6 6.75 1.91426e-16
2.6 6.8 9.4118e-17
2.6 6.85 4.53587e-17
2.6 6.9 2.14271e-17
2.6 6.95 9.92158e-18
2.6 7 4.50313e-18
2.6 7.05 2.00338e-18
2.6 7.1 8.73629e-19
2.6 7.15 3.73428e-19
2.6 7.2 1.56459e-19
2.6 7.25 6.42558e-20
2.6 7.3 2.58666e-20
2.6 7.35 1.02066e-20
2.6 7.4 3.94765e-21
2.6 7.45 1.49662e-21
2.6 7.5 5.56163e-22
2.6 7.55 2.02585e-22
2.6 7.6 7.23318e-23
2.6 7.65 2.53144e-23
2.6 7.7 8.68402e-24
2.6 7.75 2.92005e-24
2.6 7.8 9.62448e-25
2.6 7.85 3.10942e-25
2.6 7.9 9.84689e-26
2.6 7.95 3.05657e-26
2.6 8 9.30008e-27
2.6 8.05 2.77368e-27
2.6 8.1 8.10851e-28
2.6 8.15 2.32351e-28
2.6 8.2 6.52624e-29
2.6 8.25 1.7968e-29
2.6 8.3 4.84901e-30
2.6 8.35 1.2827e-30
2.6 8.4 3.32592e-31
2.6 8.45 8.45314e-32
2.6 8.5 2.10592e-32
2.6 8.55 5.14259e-33
2.6 8.6 1.23095e-33
2.6 8.65 2.88813e-34
2.6 8.7 6.64217e-35
2.6 8.75 1.49735e-35
2.6 8.8 3.30867e-36
2.6 8.85 7.16641e-37
2.6 8.9 1.52149e-37
2.6 8.95 3.16632e-38
2.6 9 6.4589e-39
2.6 9.05 1.29146e-39
2.6 9.1 2.53118e-40
2.6 9.15 4.86278e-41
2.6 9.2 9.15725e-42
2.6 9.25 1.6903e-42
2.6 9.3 3.05833e-43
2.6 9.35 5.42403e-44
2.6 9.4 9.42933e-45
2.6 9.45 1.60679e-45
2.6 9.5 2.68385e-46
2.6 9.55 4.39417e-47
2.6 9.6 7.05206e-48
2.6 9.65 1.10937e-48
2.6 9.7 1.71063e-49
2.6 9.75 2.58558e-50
2.6 9.8 3.83071e-51
2.6 9.85 5.56319e-52
2.6 9.9 7.91934e-53
2.6 9.95 1.0963e-53
2.6 10 0
2.65 0 0
2.65 0.05 2.83421e-53
2.65 0.1 2.04722e-52
2.65 0.15 1.43814e-51
2.65 0.2 9.90282e-51
2.65 0.25 6.68403e-50
2.65 0.3 4.4222e-49
2.65 0.35 2.86787e-48
2.65 0.4 1.82306e-47
2.65 0.45 1.13596e-46
2.65 0.5 6.93821e-46
2.65 0.55 4.15385e-45
2.65 0.6 2.43766e-44
2.65 0.65 1.40222e-43
2.65 0.7 7.90642e-43
2.65 0.75 4.36981e-42
2.65 0.8 2.36736e-41
2.65 0.85 1.25715e-40
2.65 0.9 6.54374e-40
2.65 0.95 3.33876e-39
2.65 1 1.6698e-38
2.65 1.05 8.1858e-38
2.65 1.1 3.93348e-37
2.65 1.15 1.85273e-36
2.65 1.2 8.5539e-36
2.65 1.25 3.8711e-35
2.65 1.3 1.71721e-34
2.65 1.35 7.46674e-34
2.65 1.4 3.18241e-33
2.65 1.45 1.32953e-32
2.65 1.5 5.44452e-32
2.65 1.55 2.18544e-31
2.65 1.6 8.59872e-31
2.65 1.65 3.31625e-30
2.65 1.7 1.25365e-29
2.65 1.75 4.64542e-29
2.65 1.8 1.68729e-28
2.65 1.85 6.00719e-28
2.65 1.9 2.09638e-27
2.65 1.95 7.17109e-27
2.65 2 2.40446e-26
2.65 2.05 7.90253e-26
2.65 2.1 2.54584e-25
2.65 2.15 8.03921e-25
2.65 2.2 2.48835e-24
2.65 2.25 7.54965e-24
2.65 2.3 2.24521e-23
2.65 2.35 6.54493e-23
2.65 2.4 1.87011e-22
2.65 2.45 5.23778e-22
2.65 2.5 1.43795e-21
2.65 2.55 3.86949e-21
2.65 2.6 1.02066e-20
2.65 2.65 2.63891e-20
2.65 2.7 6.68779e-20
2.65 2.75 1.66133e-19
2.65 2.8 4.04527e-19
2.65 2.85 9.65501e-19
2.65 2.9 2.25878e-18
2.65 2.95 5.17977e-18
2.65 3 1.16429e-17
2.65 3.05 2.56525e-17
2.65 3.1 5.54004e-17
2.65 3.15 1.17276e-16
2.65 3.2 2.43346e-16
2.65 3.25 4.94939e-16
2.65 3.3 9.86724e-16
2.65 3.35 1.92821e-15
2.65 3.4 3.69341e-15
2.65 3.45 6.93452e-15
2.65 3.5 1.2762e-14
2.65 3.55 2.30218e-14
2.65 3.6 4.07073e-14
2.65 3.65 7.05539e-14
2.65 3.7 1.19863e-13
2.65 3.75 1.99601e-13
2.65 3.8 3.25804e-13
2.65 3.85 5.21271e-13
2.65 3.9 8.17497e-13
2.65 3.95 1.25668e-12
2.65 4 1.89354e-12
2.65 4.05 2.79668e-12
2.65 4.1 4.04877e-12
2.65 4.15 5.74539e-12
2.65 4.2 7.99153e-12
2.65 4.25 1.08957e-11
2.65 4.3 1.45611e-11
2.65 4.35 1.90743e-11
2.65 4.4 2.44916e-11
2.65 4.45 3.08249e-11
2.65 4.5 3.80276e-11
2.65 4.55 4.59845e-11
2.65 4.6 5.45053e-11
2.65 4.65 6.33257e-11
2.65 4.7 7.21167e-11
2.65 4.75 8.0502e-11
2.65 4.8 8.80829e-11
2.65 4.85 9.44693e-11
2.65 4.9 9.93127e-11
2.65 4.95 1.02337e-10
2.65 5 1.03366e-10
2.65 5.05 1.02337e-10
2.65 5.1 9.93127e-11
2.65 5.15 9.44693e-11
2.65 5.2 8.80829e-11
2.65 5.25 8.0502e-11
2.65 5.3 7.21167e-11
2.65 5.35 6.33257e-11
2.65 5.4 5.45053e-11
2.65 5.45 4.59845e-11
2.65 5.5 3.80276e-11
2.65 5.55 3.08249e-11
2.65 5.6 2.44916e-11
2.65 5.65 1.90743e-11
2.65 5.7 1.45611e-11
2.65 5.75 1.08957e-11
2.65 5.8 7.99153e-12
2.65 5.85 5.74539e-12
2.65 5.9 4.04877e-12
2.65 5.95 2.79668e-12
2.65 6 1.89354e-12
2.65 6.05 1.25668e-12
2.65 6.1 8.17497e-13
2.65 6.15 5.21271e-13
2.65 6.2 3.25804e-13
2.65 6.25 1.99601e-13
2.65 6.3 1.19863e-13
2.65 6.35 7.05539e-14
2.65 6.4 4.07073e-14
2.65 6.45 2.30218e-14
2.65 6.5 1.2762e-14
2.65 6.55 6.93452e-15
2.65 6.6 3.69341e-15
2.65 6.65 1.92821e-15
2.65 6.7 9.86724e-16
2.65 6.75 4.94939e-16
2.65 6.8 2.43346e-16
2.65 6.85 1.17276e-16
2.65 6.9 5.54004e-17
2.65 6.95 2.56525e-17
2.65 7 1.16429e-17
2.65 7.05 5.17977e-18
2.65 7.1 2.25878e-18
2.65 7.15 9.65501e-19
2.65 7.2 4.04527e-19
2.65 7.25 1.66133e-19
2.65 7.3 6.68779e-20
2.65 7.35 2.63891e-20
2.65 7.4 1.02066e-20
2.65 7.45 3.86949e-21
2.65 7.5 1.43795e-21
2.65 7.55 5.23778e-22
2.65 7.6 1.87011e-22
2.65 7.65 6.54493e-23
2.65 7.7 2.24521e-23
2.65 7.75 7.54965e-24
2.65 7.8 2.48835e-24
2.65 7.85 8.03921e-25
2.65 7.9 2.54584e-25
2.65 7.95 7.90253e-26
2.65 8 2.40446e-26
2.65 8.05 7.17109e-27
2.65 8.1 2.09638e-27
2.65 8.15 6.00719e-28
2.65 8.2 1.68729e-28
2.65 8.25 4.64542e-29
2.65 8.3 1.25365e-29
2.65 8.35 3.31625e-30
2.65 8.4 8.59872e-31
2.65 8.45 2.18544e-31
2.65 8.5 5.44452e-32
2.65 8.55 1.32953e-32
2.65 8.6 3.18241e-33
2.65 8.65 7.46674e-34
2.65 8.7 1.71721e-34
2.65 8.75 3.8711e-35
2.65 8.8 8.5539e-36
2.65 8.85 1.85273e-36
2.65 8.9 3.93348e-37
2.65 8.95 8.1858e-38
2.65 9 1.6698e-38
2.65 9.05 3.33876e-39
2.65 9.1 6.54374e-40
2.65 9.15 1.25715e-40
2.65 9.2 2.36736e-41
2.65 9.25 4.36981e-42
2.65 9.3 7.90642e-43
2.65 9.35 1.40222e-43
2.65 9.4 2.43766e-44
2.65 9.45 4.15385e-45
2.65 9.5 6.93821e-46
2.65 9.55 1.13596e-46
2.65 9.6 1.82306e-47
2.65 9.65 2.86787e-48
2.65 9.7 4.4222e-49
2.65 9.75 6.68403e-50
2.65 9.8 9.90282e-51
2.65 9.85 1.43814e-51
2.65 9.9 2.04722e-52
2.65 9.95 2.83421e-53
2.65 10 0
2.7 0 0
2.7 0.05 7.18213e-53
2.7 0.1 5.18748e-52
2.7 0.15 3.64414e-51
2.7 0.2 2.50931e-50
2.7 0.25 1.6937e-49
2.7 0.3 1.12057e-48
2.7 0.35 7.2671e-48
2.7 0.4 4.61961e-47
2.7 0.45 2.87852e-46
2.7 0.5 1.75814e-45
2.7 0.55 1.05259e-44
2.7 0.6 6.17708e-44
2.7 0.65 3.55327e-43
2.7 0.7 2.00352e-42
2.7 0.75 1.10733e-41
2.7 0.8 5.99902e-41
2.7 0.85 3.18569e-40
2.7 0.9 1.65823e-39
2.7 0.95 8.46069e-39
2.7 1 4.23142e-38
2.7 1.05 2.07436e-37
2.7 1.1 9.96785e-37
2.7 1.15 4.69502e-36
2.7 1.2 2.16766e-35
2.7 1.25 9.80988e-35
2.7 1.3 4.35165e-34
2.7 1.35 1.89218e-33
2.7 1.4 8.06472e-33
2.7 1.45 3.36925e-32
2.7 1.5 1.37973e-31
2.7 1.55 5.53828e-31
2.7 1.6 2.17907e-30
2.7 1.65 8.40399e-30
2.7 1.7 3.177e-29
2.7 1.75 1.17724e-28
2.7 1.8 4.27594e-28
2.7 1.85 1.52235e-27
2.7 1.9 5.31269e-27
2.7 1.95 1.81732e-26
2.7 2 6.09346e-26
2.7 2.05 2.00269e-25
2.7 2.1 6.45179e-25
2.7 2.15 2.03734e-24
2.7 2.2 6.30613e-24
2.7 2.25 1.91328e-23
2.7 2.3 5.68997e-23
2.7 2.35 1.65866e-22
2.7 2.4 4.73939e-22
2.7 2.45 1.3274e-21
2.7 2.5 3.64417e-21
2.7 2.55 9.80643e-21
2.7 2.6 2.58666e-20
2.7 2.65 6.68779e-20
2.7 2.7 1.69489e-19
2.7 2.75 4.21034e-19
2.7 2.8 1.0252e-18
2.7 2.85 2.44689e-18
2.7 2.9 5.72448e-18
2.7 2.95 1.31272e-17
2.7 3 2.95071e-17
2.7 3.05 6.50121e-17
2.7 3.1 1.40403e-16
2.7 3.15 2.97219e-16
2.7 3.2 6.16723e-16
2.7 3.25 1.25435e-15
2.7 3.3 2.50071e-15
2.7 3.35 4.88678e-15
2.7 3.4 9.36045e-15
2.7 3.45 1.75746e-14
2.7 3.5 3.23437e-14
2.7 3.55 5.83458e-14
2.7 3.6 1.03168e-13
2.7 3.65 1.7881e-13
2.7 3.7 3.03778e-13
2.7 3.75 5.05865e-13
2.7 3.8 8.25711e-13
2.7 3.85 1.3211e-12
2.7 3.9 2.07186e-12
2.7 3.95 3.18491e-12
2.7 4 4.79898e-12
2.7 4.05 7.08788e-12
2.7 4.1 1.02612e-11
2.7 4.15 1.45611e-11
2.7 4.2 2.02537e-11
2.7 4.25 2.76141e-11
2.7 4.3 3.69037e-11
2.7 4.35 4.8342e-11
2.7 4.4 6.20718e-11
2.7 4.45 7.81228e-11
2.7 4.5 9.63775e-11
2.7 4.55 1.16544e-10
2.7 4.6 1.38139e-10
2.7 4.65 1.60493e-10
2.7 4.7 1.82773e-10
2.7 4.75 2.04025e-10
2.7 4.8 2.23238e-10
2.7 4.85 2.39424e-10
2.7 4.9 2.51699e-10
2.7 4.95 2.59364e-10
2.7 5 2.61971e-10
2.7 5.05 2.59364e-10
2.7 5.1 2.51699e-10
2.7 5.15 2.39424e-10
2.7 5.2 2.23238e-10
2.7 5.25 2.04025e-10
2.7 5.3 1.82773e-10
2.7 5.35 1.60493e-10
2.7 5.4 1.38139e-10
2.7 5.45 1.16544e-10
2.7 5.5 9.63775e-11
2.7 5.55 7.81228e-11
2.7 5.6 6.20718e-11
2.7 5.65 4.8342e-11
2.7 5.7 3.69037e-11
2.7 5.75 2.76141e-11
2.7 5.8 2.02537e-11
2.7 5.85 1.45611e-11
2.7 5.9 1.02612e-11
2.7 5.95 7.08788e-12
2.7 6 4.79898e-12
2.7 6.05 3.18491e-12
2.7 6.1 2.07186e-12
2.7 6.15 1.3211e-12
2.7 6.2 8.25711e-13
2.7 6.25 5.05865e-13
2.7 6.3 3.03778e-13
2.7 6.35 1.7881e-13
2.7 6.4 1.03168e-13
2.7 6.45 5.83458e-14
2.7 6.5 3.23437e-14
2.7 6.55 1.75746e-14
2.7 6.6 9.36045e-15
2.7 6.65 4.88678e-15
2.7 6.7 2.50071e-15
2.7 6.75 1.25435e-15
2.7 6.8 6.16723e-16
2.7 6.85 2.97219e-16
2.7 6.9 1.40403e-16
2.7 6.95 6.50121e-17
2.7 7 2.95071e-17
2.7 7.05 1.31272e-17
2.7 7.1 5.72448e-18
2.7 7.15 2.44689e-18
2.7 7.2 1.0252e-18
2.7 7.25 4.21034e-19
2.7 7.3 1.69489e-19
2.7 7.35 6.68779e-20
2.7 7.4 2.58666e-20
2.7 7.45 9.80643e-21
2.7 7.5 3.64417e-21
2.7 7.55 1.3274e-21
2.7 7.6 4.73939e-22
2.7 7.65 1.65866e-22
2.7 7.7 5.68997e-23
2.7 7.75 1.91328e-23
2.7 7.8 6.30613e-24
2.7 7.85 2.03734e-24
2.7 7.9 6.45179e-25
2.7 7.95 2.00269e-25
2.7 8 6.09346e-26
2.7 8.05 1.81732e-26
2.7 8.1 5.31269e-27
2.7 8.15 1.52235e-27
2.7 8.2 4.27594e-28
2.7 8.25 1.17724e-28
2.7 8.3 3.177e-29
2.7 8.35 8.40399e-30
2.7 8.4 2.17907e-30
2.7 8.45 5.53828e-31
2.7 8.5 1.37973e-31
2.7 8.55 3.36925e-32
2.7 8.6 8.06472e-33
2.7 8.65 1.89218e-33
2.7 8.7 4.35165e-34
2.7 8.75 9.80988e-35
2.7 8.8 2.16766e-35
2.7 8.85 4.69502e-36
2.7 8.9 9.96785e-37
2.7 8.95 2.07436e-37
2.7 9 4.23142e-38
2.7 9.05 8.46069e-39
2.7 9.1 1.65823e-39
2.7 9.15 3.18569e-40
2.7 9.2 5.99902e-41
2.7 9.25 1.10733e-41
2.7 9.3 2.00352e-42
2.7 9.35 3.55327e-43
2.7 9.4 6.17708e-44
2.7 9.45 1.05259e-44
2.7 9.5 1.75814e-45
2.7 9.55 2.87852e-46
2.7 9.6 4.61961e-47
2.7 9.65 7.2671e-48
2.7 9.7 1.12057e-48
2.7 9.75 1.6937e-49
2.7 9.8 2.50931e-50
2.7 9.85 3.64414e-51
2.7 9.9 5.18748e-52
2.7 9.95 7.18213e-53
2.7 10 0
2.75 0 0
2.75 0.05 1.78398e-52
2.75 0.1 1.28845e-51
2.75 0.15 9.05121e-51
2.75 0.2 6.23259e-50
2.75 0.25 4.20679e-49
2.75 0.3 2.78327e-48
2.75 0.35 1.80501e-47
2.75 0.4 1.14743e-46
2.75 0.45 7.14975e-46
2.75 0.5 4.36694e-45
2.75 0.55 2.61447e-44
2.75 0.6 1.5343e-43
2.75 0.65 8.82584e-43
2.75 0.7 4.97648e-42
2.75 0.75 2.75048e-41
2.75 0.8 1.49009e-40
2.75 0.85 7.91293e-40
2.75 0.9 4.11889e-39
2.75 0.95 2.10157e-38
2.75 1 1.05105e-37
2.75 1.05 5.15257e-37
2.75 1.1 2.47596e-36
2.75 1.15 1.16622e-35
2.75 1.2 5.38438e-35
2.75 1.25 2.43674e-34
2.75 1.3 1.08094e-33
2.75 1.35 4.70014e-33
2.75 1.4 2.00326e-32
2.75 1.45 8.36919e-32
2.75 1.5 3.42726e-31
2.75 1.55 1.37571e-30
2.75 1.6 5.41284e-30
2.75 1.65 2.08757e-29
2.75 1.7 7.89175e-29
2.75 1.75 2.92431e-28
2.75 1.8 1.06216e-27
2.75 1.85 3.78159e-27
2.75 1.9 1.3197e-26
2.75 1.95 4.51432e-26
2.75 2 1.51365e-25
2.75 2.05 4.97482e-25
2.75 2.1 1.60267e-24
2.75 2.15 5.06091e-24
2.75 2.2 1.5665e-23
2.75 2.25 4.75276e-23
2.75 2.3 1.41344e-22
2.75 2.35 4.12029e-22
2.75 2.4 1.17732e-21
2.75 2.45 3.29742e-21
2.75 2.5 9.05255e-21
2.75 2.55 2.43604e-20
2.75 2.6 6.42558e-20
2.75 2.65 1.66133e-19
2.75 2.7 4.21034e-19
2.75 2.75 1.04591e-18
2.75 2.8 2.54674e-18
2.75 2.85 6.07844e-18
2.75 2.9 1.42205e-17
2.75 2.95 3.26101e-17
2.75 3 7.33003e-17
2.75 3.05 1.61501e-16
2.75 3.1 3.48786e-16
2.75 3.15 7.38342e-16
2.75 3.2 1.53205e-15
2.75 3.25 3.11603e-15
2.75 3.3 6.21221e-15
2.75 3.35 1.21396e-14
2.75 3.4 2.32531e-14
2.75 3.45 4.36587e-14
2.75 3.5 8.03481e-14
2.75 3.55 1.44942e-13
2.75 3.6 2.56289e-13
2.75 3.65 4.44201e-13
2.75 3.7 7.54646e-13
2.75 3.75 1.25667e-12
2.75 3.8 2.05124e-12
2.75 3.85 3.2819e-12
2.75 3.9 5.14693e-12
2.75 3.95 7.912e-12
2.75 4 1.19217e-11
2.75 4.05 1.76078e-11
2.75 4.1 2.54911e-11
2.75 4.15 3.6173e-11
2.75 4.2 5.03148e-11
2.75 4.25 6.85995e-11
2.75 4.3 9.16772e-11
2.75 4.35 1.20093e-10
2.75 4.4 1.542e-10
2.75 4.45 1.94075e-10
2.75 4.5 2.39424e-10
2.75 4.55 2.89521e-10
2.75 4.6 3.43169e-10
2.75 4.65 3.98703e-10
2.75 4.7 4.54052e-10
2.75 4.75 5.06846e-10
2.75 4.8 5.54576e-10
2.75 4.85 5.94786e-10
2.75 4.9 6.2528e-10
2.75 4.95 6.44322e-10
2.75 5 6.50797e-10
2.75 5.05 6.44322e-10
2.75 5.1 6.2528e-10
2.75 5.15 5.94786e-10
2.75 5.2 5.54576e-10
2.75 5.25 5.06846e-10
2.75 5.3 4.54052e-10
2.75 5.35 3.98703e-10
2.75 5.4 3.43169e-10
2.75 5.45 2.89521e-10
2.75 5.5 2.39424e-10
2.75 5.55 1.94075e-10
2.75 5.6 1.542e-10
2.75 5.65 1.20093e-10
2.75 5.7 9.16772e-11
2.75 5.75 6.85995e-11
2.75 5.8 5.03148e-11
2.75 5.85 3.6173e-11
2.75 5.9 2.54911e-11
2.75 5.95 1.76078e-11
2.75 6 1.19217e-11
2.75 6.05 7.912e-12
2.75 6.1 5.14693e-12
2.75 6.15 3.2819e-12
2.75 6.2 2.05124e-12
2.75 6.25 1.25667e-12
2.75 6.3 7.54646e-13
2.75 6.35 4.44201e-13
2.75 6.4 2.56289e-13
2.75 6.45 1.44942e-13
2.75 6.5 8.03481e-14
2.75 6.55 4.36587e-14
2.75 6.6 2.32531e-14
2.75 6.65 1.21396e-14
2.75 6.7 6.21221e-15
2.75 6.75 3.11603e-15
2.75 6.8 1.53205e-15
2.75 6.85 7.38342e-16
2.75 6.9 3.48786e-16
2.75 6.95 1.61501e-16
2.75 7 7.33003e-17
2.75 7.05 3.26101e-17
2.75 7.1 1.42205e-17
2.75 7.15 6.07844e-18
2.75 7.2 2.54674e-18
2.75 7.25 1.04591e-18
2.75 7.3 4.21034e-19
2.75 7.35 1.66133e-19
2.75 7.4 6.42558e-20
2.75 7.45 2.43604e-20
2.75 7.5 9.05255e-21
2.75 7.55 3.29742e-21
2.75 7.6 1.17732e-21
2.75 7.65 4.12029e-22
2.75 7.7 1.41344e-22
2.75 7.75 4.75276e-23
2.75 7.8 1.5665e-23
2.75 7.85 5.06091e-24
2.75 7.9 1.60267e-24
2.75 7.95 4.97482e-25
2.75 8 1.51365e-25
2.75 8.05 4.51432e-26
2.75 8.1 1.3197e-26
2.75 8.15 3.78159e-27
2.75 8.2 1.06216e-27
2.75 8.25 2.92431e-28
2.75 8.3 7.89175e-29
2.75 8.35 2.08757e-29
2.75 8.4 5.41284e-30
2.75 8.45 1.37571e-30
2.75 8.5 3.42726e-31
2.75 8.55 8.36919e-32
2.75 8.6 2.00326e-32
2.75 8.65 4.70014e-33
2.75 8.7 1.08094e-33
2.75 8.75 2.43674e-34
2.75 8.8 5.38438e-35
2.75 8.85 1.16622e-35
2.75 8.9 2.47596e-36
2.75 8.95 5.15257e-37
2.75 9 1.05105e-37
2.75 9.05 2.10157e-38
2.75 9.1 4.11889e-39
2.75 9.15 7.91293e-40
2.75 9.2 1.49009e-40
2.75 9.25 2.75048e-41
2.75 9.3 4.97648e-42
2.75 9.35 8.82584e-43
2.75 9.4 1.5343e-43
2.75 9.45 2.61447e-44
2.75 9.5 4.36694e-45
2.75 9.55 7.14975e-46
2.75 9.6 1.14743e-46
2.75 9.65 1.80501e-47
2.75 9.7 2.78327e-48
2.75 9.75 4.20679e-49
2.75 9.8 6.23259e-50
2.75 9.85 9.05121e-51
2.75 9.9 1.28845e-51
2.75 9.95 1.78398e-52
2.75 10 0
2.8 0 0
2.8 0.05 4.34354e-52
2.8 0.1 3.13685e-51
2.8 0.15 2.20361e-50
2.8 0.2 1.5174e-49
2.8 0.25 1.0242e-48
2.8 0.3 6.77624e-48
2.8 0.35 4.39456e-47
2.8 0.4 2.79359e-46
2.8 0.45 1.74072e-45
2.8 0.5 1.06321e-44
2.8 0.55 6.36539e-44
2.8 0.6 3.73554e-43
2.8 0.65 2.14883e-42
2.8 0.7 1.21163e-41
2.8 0.75 6.69662e-41
2.8 0.8 3.62796e-40
2.8 0.85 1.92658e-39
2.8 0.9 1.00284e-38
2.8 0.95 5.11678e-38
2.8 1 2.55905e-37
2.8 1.05 1.25453e-36
2.8 1.1 6.02838e-36
2.8 1.15 2.83948e-35
2.8 1.2 1.31098e-34
2.8 1.25 5.93295e-34
2.8 1.3 2.63186e-33
2.8 1.35 1.14439e-32
2.8 1.4 4.87757e-32
2.8 1.45 2.03775e-31
2.8 1.5 8.34477e-31
2.8 1.55 3.34962e-30
2.8 1.6 1.31794e-29
2.8 1.65 5.0829e-29
2.8 1.7 1.92152e-28
2.8 1.75 7.12027e-28
2.8 1.8 2.58622e-27
2.8 1.85 9.20767e-27
2.8 1.9 3.2133e-26
2.8 1.95 1.09918e-25
2.8 2 3.68558e-25
2.8 2.05 1.21132e-24
2.8 2.1 3.90234e-24
2.8 2.15 1.23228e-23
2.8 2.2 3.81427e-23
2.8 2.25 1.15726e-22
2.8 2.3 3.44162e-22
2.8 2.35 1.00326e-21
2.8 2.4 2.86668e-21
2.8 2.45 8.02898e-21
2.8 2.5 2.20424e-20
2.8 2.55 5.93161e-20
2.8 2.6 1.56459e-19
2.8 2.65 4.04527e-19
2.8 2.7 1.0252e-18
2.8 2.75 2.54674e-18
2.8 2.8 6.20122e-18
2.8 2.85 1.48008e-17
2.8 2.9 3.46265e-17
2.8 2.95 7.94048e-17
2.8 3 1.78485e-16
2.8 3.05 3.93251e-16
2.8 3.1 8.49287e-16
2.8 3.15 1.79785e-15
2.8 3.2 3.73052e-15
2.8 3.25 7.58752e-15
2.8 3.3 1.51267e-14
2.8 3.35 2.95601e-14
2.8 3.4 5.66214e-14
2.8 3.45 1.06309e-13
2.8 3.5 1.95648e-13
2.8 3.55 3.52936e-13
2.8 3.6 6.24067e-13
2.8 3.65 1.08164e-12
2.8 3.7 1.83758e-12
2.8 3.75 3.06003e-12
2.8 3.8 4.99481e-12
2.8 3.85 7.9915e-12
2.8 3.9 1.25329e-11
2.8 3.95 1.92659e-11
2.8 4 2.90297e-11
2.8 4.05 4.28757e-11
2.8 4.1 6.20716e-11
2.8 4.15 8.80825e-11
2.8 4.2 1.22518e-10
2.8 4.25 1.67043e-10
2.8 4.3 2.23238e-10
2.8 4.35 2.9243e-10
2.8 4.4 3.75485e-10
2.8 4.45 4.72581e-10
2.8 4.5 5.83008e-10
2.8 4.55 7.04997e-10
2.8 4.6 8.35631e-10
2.8 4.65 9.7086e-10
2.8 4.7 1.10564e-09
2.8 4.75 1.23419e-09
2.8 4.8 1.35042e-09
2.8 4.85 1.44833e-09
2.8 4.9 1.52259e-09
2.8 4.95 1.56896e-09
2.8 5 1.58472e-09
2.8 5.05 1.56896e-09
2.8 5.1 1.52259e-09
2.8 5.15 1.44833e-09
2.8 5.2 1.35042e-09
2.8 5.25 1.23419e-09
2.8 5.3 1.10564e-09
2.8 5.35 9.7086e-10
2.8 5.4 8.35631e-10
2.8 5.45 7.04997e-10
2.8 5.5 5.83008e-10
2.8 5.55 4.72581e-10
2.8 5.6 3.75485e-10
2.8 5.65 2.9243e-10
2.8 5.7 2.23238e-10
2.8 5.75 1.67043e-10
2.8 5.8 1.22518e-10
2.8 5.85 8.80825e-11
2.8 5.9 6.20716e-11
2.8 5.95 4.28757e-11
2.8 6 2.90297e-11
2.8 6.05 1.92659e-11
2.8 6.1 1.25329e-11
2.8 6.15 7.9915e-12
2.8 6.2 4.99481e-12
2.8 6.25 3.06003e-12
2.8 6.3 1.83758e-12
2.8 6.35 1.08164e-12
2.8 6.4 6.24067e-13
2.8 6.45 3.52936e-13
2.8 6.5 1.95648e-13
2.8 6.55 1.06309e-13
2.8 6.6 5.66214e-14
2.8 6.65 2.95601e-14
2.8 6.7 1.51267e-14
2.8 6.75 7.58752e-15
2.8 6.8 3.73052e-15
2.8 6.85 1.79785e-15
2.8 6.9 8.49287e-16
2.8 6.95 3.93251e-16
2.8 7 1.78485e-16
2.8 7.05 7.94048e-17
2.8 7.1 3.46265e-17
2.8 7.15 1.48008e-17
2.8 7.2 6.20122e-18
2.8 7.25 2.54674e-18
2.8 7.3 1.0252e-18
2.8 7.35 4.04527e-19
2.8 7.4 1.56459e-19
2.8 7.45 5.93161e-20
2.8 7.5 2.20424e-20
2.8 7.55 8.02898e-21
2.8 7.6 2.86668e-21
2.8 7.65 1.00326e-21
2.8 7.7 3.44162e-22
2.8 7.75 1.15726e-22
2.8 7.8 3.81427e-23
2.8 7.85 1.23228e-23
2.8 7.9 3.90234e-24
2.8 7.95 1.21132e-24
2.8 8 3.68558e-25
2.8 8.05 1.09918e-25
2.8 8.1 3.2133e-26
2.8 8.15 9.20767e-27
2.8 8.2 2.58622e-27
2.8 8.25 7.12027e-28
2.8 8.3 1.92152e-28
2.8 8.35 5.0829e-29
2.8 8.4 1.31794e-29
2.8 8.45 3.34962e-30
2.8 8.5 8.34477e-31
2.8 8.55 2.03775e-31
2.8 8.6 4.87757e-32
2.8 8.65 1.14439e-32
2.8 8.7 2.63186e-33
2.8 8.75 5.93295e-34
2.8 8.8 1.31098e-34
2.8 8.85 2.83948e-35
2.8 8.9 6.02838e-36
2.8 8.95 1.25453e-36
2.8 9 2.55905e-37
2.8 9.05 5.11678e-38
2.8 9.1 1.00284e-38
2.8 9.15 1.92658e-39
2.8 9.2 3.62796e-40
2.8 9.25 6.69662e-41
2.8 9.3 1.21163e-41
2.8 9.35 2.14883e-42
2.8 9.4 3.73554e-43
2.8 9.45 6.36539e-44
2.8 9.5 1.06321e-44
2.8 9.55 1.74072e-45
2.8 9.6 2.79359e-46
2.8 9.65 4.39456e-47
2.8 9.7 6.77624e-48
2.8 9.75 1.0242e-48
2.8 9.8 1.5174e-49
2.8 9.85 2.20361e-50
2.8 9.9 3.13685e-51
2.8 9.95 4.34354e-52
2.8 10 0
2.85 0 0
2.85 0.05 1.03661e-51
2.85 0.1 7.48579e-51
2.85 0.15 5.25873e-50
2.85 0.2 3.62115e-49
2.85 0.25 2.44417e-48
2.85 0.3 1.61711e-47
2.85 0.35 1.04874e-46
2.85 0.4 6.66678e-46
2.85 0.45 4.15418e-45
2.85 0.5 2.53731e-44
2.85 0.55 1.51909e-43
2.85 0.6 8.91483e-43
2.85 0.65 5.12817e-42
2.85 0.7 2.89155e-41
2.85 0.75 1.59816e-40
2.85 0.8 8.6582e-40
2.85 0.85 4.59785e-39
2.85 0.9 2.39332e-38
2.85 0.95 1.22114e-37
2.85 1 6.10732e-37
2.85 1.05 2.99401e-36
2.85 1.1 1.43871e-35
2.85 1.15 6.77663e-35
2.85 1.2 3.12876e-34
2.85 1.25 1.41595e-33
2.85 1.3 6.2812e-33
2.85 1.35 2.73121e-32
2.85 1.4 1.16409e-31
2.85 1.45 4.86332e-31
2.85 1.5 1.99158e-30
2.85 1.55 7.99431e-30
2.85 1.6 3.14544e-29
2.85 1.65 1.21311e-28
2.85 1.7 4.586e-28
2.85 1.75 1.69936e-27
2.85 1.8 6.17241e-27
2.85 1.85 2.19756e-26
2.85 1.9 7.66909e-26
2.85 1.95 2.62339e-25
2.85 2 8.79629e-25
2.85 2.05 2.89103e-24
2.85 2.1 9.31369e-24
2.85 2.15 2.94109e-23
2.85 2.2 9.10353e-23
2.85 2.25 2.76203e-22
2.85 2.3 8.21415e-22
2.85 2.35 2.39449e-21
2.85 2.4 6.84196e-21
2.85 2.45 1.9163e-20
2.85 2.5 5.26092e-20
2.85 2.55 1.41572e-19
2.85 2.6 3.73428e-19
2.85 2.65 9.65501e-19
2.85 2.7 2.44689e-18
2.85 2.75 6.07844e-18
2.85 2.8 1.48008e-17
2.85 2.85 3.53259e-17
2.85 2.9 8.26451e-17
2.85 2.95 1.89521e-16
2.85 3 4.26002e-16
2.85 3.05 9.38601e-16
2.85 3.1 2.02706e-15
2.85 3.15 4.29108e-15
2.85 3.2 8.90394e-15
2.85 3.25 1.81098e-14
2.85 3.3 3.61043e-14
2.85 3.35 7.05537e-14
2.85 3.4 1.35144e-13
2.85 3.45 2.53738e-13
2.85 3.5 4.66973e-13
2.85 3.55 8.42389e-13
2.85 3.6 1.48953e-12
2.85 3.65 2.58166e-12
2.85 3.7 4.38595e-12
2.85 3.75 7.30371e-12
2.85 3.8 1.19217e-11
2.85 3.85 1.90742e-11
2.85 3.9 2.99138e-11
2.85 3.95 4.59843e-11
2.85 4 6.92888e-11
2.85 4.05 1.02337e-10
2.85 4.1 1.48154e-10
2.85 4.15 2.10238e-10
2.85 4.2 2.9243e-10
2.85 4.25 3.98702e-10
2.85 4.3 5.3283e-10
2.85 4.35 6.97982e-10
2.85 4.4 8.96218e-10
2.85 4.45 1.12797e-09
2.85 4.5 1.39154e-09
2.85 4.55 1.68271e-09
2.85 4.6 1.99451e-09
2.85 4.65 2.31728e-09
2.85 4.7 2.63898e-09
2.85 4.75 2.94582e-09
2.85 4.8 3.22323e-09
2.85 4.85 3.45693e-09
2.85 4.9 3.63417e-09
2.85 4.95 3.74484e-09
2.85 5 3.78248e-09
2.85 5.05 3.74484e-09
2.85 5.1 3.63417e-09
2.85 5.15 3.45693e-09
2.85 5.2 3.22323e-09
2.85 5.25 2.94582e-09
2.85 5.3 2.63898e-09
2.85 5.35 2.31728e-09
2.85 5.4 1.99451e-09
2.85 5.45 1.68271e-09
2.85 5.5 1.39154e-09
2.85 5.55 1.12797e-09
2.85 5.6 8.96218e-10
2.85 5.65 6.97982e-10
2.85 5.7 5.3283e-10
2.85 5.75 3.98702e-10
2.85 5.8 2.9243e-10
2.85 5.85 2.10238e-10
2.85 5.9 1.48154e-10
2.85 5.95 1.02337e-10
2.85 6 6.92888e-11
2.85 6.05 4.59843e-11
2.85 6.1 2.99138e-11
2.85 6.15 1.90742e-11
2.85 6.2 1.19217e-11
2.85 6.25 7.30371e-12
2.85 6.3 4.38595e-12
2.85 6.35 2.58166e-12
2.85 6.4 1.48953e-12
2.85 6.45 8.42389e-13
2.85 6.5 4.66973e-13
2.85 6.55 2.53738e-13
2.85 6.6 1.35144e-13
2.85 6.65 7.05537e-14
2.85 6.7 3.61043e-14
2.85 6.75 1.81098e-14
2.85 6.8 8.90394e-15
2.85 6.85 4.29108e-15
2.85 6.9 2.02706e-15
2.85 6.95 9.38601e-16
2.85 7 4.26002e-16
2.85 7.05 1.89521e-16
2.85 7.1 8.26451e-17
2.85 7.15 3.53259e-17
2.85 7.2 1.48008e-17
2.85 7.25 6.07844e-18
2.85 7.3 2.44689e-18
2.85 7.35 9.65501e-19
2.85 7.4 3.73428e-19
2.85 7.45 1.41572e-19
2.85 7.5 5.26092e-20
2.85 7.55 1.9163e-20
2.85 7.6 6.84196e-21
2.85 7.65 2.39449e-21
2.85 7.7 8.21415e-22
2.85 7.75 2.76203e-22
2.85 7.8 9.10353e-23
2.85 7.85 2.94109e-23
2.85 7.9 9.31369e-24
2.85 7.95 2.89103e-24
2.85 8 8.79629e-25
2.85 8.05 2.62339e-25
2.85 8.1 7.66909e-26
2.85 8.15 2.19756e-26
2.85 8.2 6.17241e-27
2.85 8.25 1.69936e-27
2.85 8.3 4.586e-28
2.85 8.35 1.21311e-28
2.85 8.4 3.14544e-29
2.85 8.45 7.99431e-30
2.85 8.5 1.99158e-30
2.85 8.55 4.86332e-31
2.85 8.6 1.16409e-31
2.85 8.65 2.73121e-32
2.85 8.7 6.2812e-33
2.85 8.75 1.41595e-33
2.85 8.8 3.12876e-34
2.85 8.85 6.77663e-35
2.85 8.9 1.43871e-35
2.85 8.95 2.99401e-36
2.85 9 6.10732e-37
2.85 9.05 1.22114e-37
2.85 9.1 2.39332e-38
2.85 9.15 4.59785e-39
2.85 9.2 8.6582e-40
2.85 9.25 1.59816e-40
2.85 9.3 2.89155e-41
2.85 9.35 5.12817e-42
2.85 9.4 8.91483e-43
2.85 9.45 1.51909e-43
2.85 9.5 2.53731e-44
2.85 9.55 4.15418e-45
2.85 9.6 6.66678e-46
2.85 9.65 1.04874e-46
2.85 9.7 1.61711e-47
2.85 9.75 2.44417e-48
2.85 9.8 3.62115e-49
2.85 9.85 5.25873e-50
2.85 9.9 7.48579e-51
2.85 9.95 1.03661e-51
2.85 10 0
2.9 0 0
2.9 0.05 2.42494e-51
2.9 0.1 1.75105e-50
2.9 0.15 1.23011e-49
2.9 0.2 8.47052e-49
2.9 0.25 5.71739e-48
2.9 0.3 3.78274e-47
2.9 0.35 2.45322e-46
2.9 0.4 1.5595e-45
2.9 0.45 9.71755e-45
2.9 0.5 5.93537e-44
2.9 0.55 3.55352e-43
2.9 0.6 2.0854e-42
2.9 0.65 1.19961e-41
2.9 0.7 6.76411e-41
2.9 0.75 3.73853e-40
2.9 0.8 2.0254e-39
2.9 0.85 1.07557e-38
2.9 0.9 5.59869e-38
2.9 0.95 2.85662e-37
2.9 1 1.42869e-36
2.9 1.05 7.00393e-36
2.9 1.1 3.36562e-35
2.9 1.15 1.58528e-34
2.9 1.2 7.31922e-34
2.9 1.25 3.3124e-33
2.9 1.3 1.46939e-32
2.9 1.35 6.38927e-32
2.9 1.4 2.72322e-31
2.9 1.45 1.13771e-30
2.9 1.5 4.65905e-30
2.9 1.55 1.87017e-29
2.9 1.6 7.3584e-29
2.9 1.65 2.83793e-28
2.9 1.7 1.07285e-27
2.9 1.75 3.97549e-27
2.9 1.8 1.44398e-26
2.9 1.85 5.14101e-26
2.9 1.9 1.79412e-25
2.9 1.95 6.13723e-25
2.9 2 2.05783e-24
2.9 2.05 6.76338e-24
2.9 2.1 2.17888e-23
2.9 2.15 6.88051e-23
2.9 2.2 2.12973e-22
2.9 2.25 6.46164e-22
2.9 2.3 1.92167e-21
2.9 2.35 5.60183e-21
2.9 2.4 1.60065e-20
2.9 2.45 4.48313e-20
2.9 2.5 1.23078e-19
2.9 2.55 3.31204e-19
2.9 2.6 8.73629e-19
2.9 2.65 2.25878e-18
2.9 2.7 5.72448e-18
2.9 2.75 1.42205e-17
2.9 2.8 3.46265e-17
2.9 2.85 8.26451e-17
2.9 2.9 1.93349e-16
2.9 2.95 4.43386e-16
2.9 3 9.96637e-16
2.9 3.05 2.19587e-15
2.9 3.1 4.74235e-15
2.9 3.15 1.00391e-14
2.9 3.2 2.0831e-14
2.9 3.25 4.23684e-14
2.9 3.3 8.44672e-14
2.9 3.35 1.65063e-13
2.9 3.4 3.16174e-13
2.9 3.45 5.93631e-13
2.9 3.5 1.0925e-12
2.9 3.55 1.97081e-12
2.9 3.6 3.48482e-12
2.9 3.65 6.03991e-12
2.9 3.7 1.02612e-11
2.9 3.75 1.70874e-11
2.9 3.8 2.78915e-11
2.9 3.85 4.46253e-11
2.9 3.9 6.99851e-11
2.9 3.95 1.07583e-10
2.9 4 1.62106e-10
2.9 4.05 2.39423e-10
2.9 4.1 3.46616e-10
2.9 4.15 4.91865e-10
2.9 4.2 6.84161e-10
2.9 4.25 9.32792e-10
2.9 4.3 1.2466e-09
2.9 4.35 1.63298e-09
2.9 4.4 2.09677e-09
2.9 4.45 2.63897e-09
2.9 4.5 3.25562e-09
2.9 4.55 3.93683e-09
2.9 4.6 4.66632e-09
2.9 4.65 5.42147e-09
2.9 4.7 6.17409e-09
2.9 4.75 6.89198e-09
2.9 4.8 7.54101e-09
2.9 4.85 8.08777e-09
2.9 4.9 8.50243e-09
2.9 4.95 8.76136e-09
2.9 5 8.84941e-09
2.9 5.05 8.76136e-09
2.9 5.1 8.50243e-09
2.9 5.15 8.08777e-09
2.9 5.2 7.54101e-09
2.9 5.25 6.89198e-09
2.9 5.3 6.17409e-09
2.9 5.35 5.42147e-09
2.9 5.4 4.66632e-09
2.9 5.45 3.93683e-09
2.9 5.5 3.25562e-09
2.9 5.55 2.63897e-09
2.9 5.6 2.09677e-09
2.9 5.65 1.63298e-09
2.9 5.7 1.2466e-09
2.9 5.75 9.32792e-10
2.9 5.8 6.84161e-10
2.9 5.85 4.91865e-10
2.9 5.9 3.46616e-10
2.9 5.95 2.39423e-10
2.9 6 1.62106e-10
2.9 6.05 1.07583e-10
2.9 6.1 6.99851e-11
2.9 6.15 4.46253e-11
2.9 6.2 2.78915e-11
2.9 6.25 1.70874e-11
2.9 6.3 1.02612e-11
2.9 6.35 6.03991e-12
2.9 6.4 3.48482e-12
2.9 6.45 1.97081e-12
2.9 6.5 1.0925e-12
2.9 6.55 5.93631e-13
2.9 6.6 3.16174e-13
2.9 6.65 1.65063e-13
2.9 6.7 8.44672e-14
2.9 6.75 4.23684e-14
2.9 6.8 2.0831e-14
2.9 6.85 1.00391e-14
2.9 6.9 4.74235e-15
2.9 6.95 2.19587e-15
2.9 7 9.96637e-16
2.9 7.05 4.43386e-16
2.9 7.1 1.93349e-16
2.9 7.15 8.26451e-17
2.9 7.2 3.46265e-17
2.9 7.25 1.42205e-17
2.9 7.3 5.72448e-18
2.9 7.35 2.25878e-18
2.9 7.4 8.73629e-19
2.9 7.45 3.31204e-19
2.9 7.5 1.23078e-19
2.9 7.55 4.48313e-20
2.9 7.6 1.60065e-20
2.9 7.65 5.60183e-21
2.9 7.7 1.92167e-21
2.9 7.75 6.46164e-22
2.9 7.8 2.12973e-22
2.9 7.85 6.88051e-23
2.9 7.9 2.17888e-23
2.9 7.95 6.76338e-24
2.9 8 2.05783e-24
2.9 8.05 6.13723e-25
2.9 8.1 1.79412e-25
2.9 8.15 5.14101e-26
2.9 8.2 1.44398e-26
2.9 8.25 3.97549e-27
2.9 8.3 1.07285e-27
2.9 8.35 2.83793e-28
2.9 8.4 7.3584e-29
2.9 8.45 1.87017e-29
2.9 8.5 4.65905e-30
2.9 8.55 1.13771e-30
2.9 8.6 2.72322e-31
2.9 8.65 6.38927e-32
2.9 8.7 1.46939e-32
2.9 8.75 3.3124e-33
2.9 8.8 7.31922e-34
2.9 8.85 1.58528e-34
2.9 8.9 3.36562e-35
2.9 8.95 7.00393e-36
2.9 9 1.42869e-36
2.9 9.05 2.85662e-37
2.9 9.1 5.59869e-38
2.9 9.15 1.07557e-38
2.9 9.2 2.0254e-39
2.9 9.25 3.73853e-40
2.9 9.3 6.76411e-41
2.9 9.35 1.19961e-41
2.9 9.4 2.0854e-42
2.9 9.45 3.55352e-43
2.9 9.5 5.93537e-44
2.9 9.55 9.71755e-45
2.9 9.6 1.5595e-45
2.9 9.65 2.45322e-46
2.9 9.7 3.78274e-47
2.9 9.75 5.71739e-48
2.9 9.8 8.47052e-49
2.9 9.85 1.23011e-49
2.9 9.9 1.75105e-50
2.9 9.95 2.42494e-51
2.9 10 0
2.95 0 0
2.95 0.05 5.56036e-51
2.95 0.1 4.01492e-50
2.95 0.15 2.82048e-49
2.95 0.2 1.94219e-48
2.95 0.25 1.31093e-47
2.95 0.3 8.67343e-47
2.95 0.35 5.62499e-46
2.95 0.4 3.5758e-45
2.95 0.45 2.22816e-44
2.95 0.5 1.36094e-43
2.95 0.55 8.14799e-43
2.95 0.6 4.78171e-42
2.95 0.65 2.75065e-41
2.95 0.7 1.55098e-40
2.95 0.75 8.57231e-40
2.95 0.8 4.64418e-39
2.95 0.85 2.46626e-38
2.95 0.9 1.28377e-37
2.95 0.95 6.55021e-37
2.95 1 3.27598e-36
2.95 1.05 1.60601e-35
2.95 1.1 7.7174e-35
2.95 1.15 3.63507e-34
2.95 1.2 1.67832e-33
2.95 1.25 7.59543e-33
2.95 1.3 3.36937e-32
2.95 1.35 1.46509e-31
2.95 1.4 6.24447e-31
2.95 1.45 2.60883e-30
2.95 1.5 1.06835e-29
2.95 1.55 4.28843e-29
2.95 1.6 1.68733e-28
2.95 1.65 6.5076e-28
2.95 1.7 2.46013e-27
2.95 1.75 9.11617e-27
2.95 1.8 3.31118e-26
2.95 1.85 1.17888e-25
2.95 1.9 4.11411e-25
2.95 1.95 1.40734e-24
2.95 2 4.71885e-24
2.95 2.05 1.55092e-23
2.95 2.1 4.99645e-23
2.95 2.15 1.57779e-22
2.95 2.2 4.88375e-22
2.95 2.25 1.48174e-21
2.95 2.3 4.40666e-21
2.95 2.35 1.28458e-20
2.95 2.4 3.67054e-20
2.95 2.45 1.02805e-19
2.95 2.5 2.82238e-19
2.95 2.55 7.59506e-19
2.95 2.6 2.00338e-18
2.95 2.65 5.17977e-18
2.95 2.7 1.31272e-17
2.95 2.75 3.26101e-17
2.95 2.8 7.94048e-17
2.95 2.85 1.89521e-16
2.95 2.9 4.43386e-16
2.95 2.95 1.01677e-15
2.95 3 2.28548e-15
2.95 3.05 5.03558e-15
2.95 3.1 1.08752e-14
2.95 3.15 2.30217e-14
2.95 3.2 4.77699e-14
2.95 3.25 9.71596e-14
2.95 3.3 1.93701e-13
2.95 3.35 3.78525e-13
2.95 3.4 7.25055e-13
2.95 3.45 1.36133e-12
2.95 3.5 2.50536e-12
2.95 3.55 4.51951e-12
2.95 3.6 7.99148e-12
2.95 3.65 1.38509e-11
2.95 3.7 2.35312e-11
2.95 3.75 3.91855e-11
2.95 3.8 6.39617e-11
2.95 3.85 1.02336e-10
2.95 3.9 1.60493e-10
2.95 3.95 2.46714e-10
2.95 4 3.71748e-10
2.95 4.05 5.49056e-10
2.95 4.1 7.94877e-10
2.95 4.15 1.12797e-09
2.95 4.2 1.56895e-09
2.95 4.25 2.13912e-09
2.95 4.3 2.85876e-09
2.95 4.35 3.74484e-09
2.95 4.4 4.80842e-09
2.95 4.45 6.05184e-09
2.95 4.5 7.46597e-09
2.95 4.55 9.02817e-09
2.95 4.6 1.07011e-08
2.95 4.65 1.24328e-08
2.95 4.7 1.41588e-08
2.95 4.75 1.58051e-08
2.95 4.8 1.72935e-08
2.95 4.85 1.85474e-08
2.95 4.9 1.94983e-08
2.95 4.95 2.00921e-08
2.95 5 2.0294e-08
2.95 5.05 2.00921e-08
2.95 5.1 1.94983e-08
2.95 5.15 1.85474e-08
2.95 5.2 1.72935e-08
2.95 5.25 1.58051e-08
2.95 5.3 1.41588e-08
2.95 5.35 1.24328e-08
2.95 5.4 1.07011e-08
2.95 5.45 9.02817e-09
2.95 5.5 7.46597e-09
2.95 5.55 6.05184e-09
2.95 5.6 4.80842e-09
2.95 5.65 3.74484e-09
2.95 5.7 2.85876e-09
2.95 5.75 2.13912e-09
2.95 5.8 1.56895e-09
2.95 5.85 1.12797e-09
2.95 5.9 7.94877e-10
2.95 5.95 5.49056e-10
2.95 6 3.71748e-10
2.95 6.05 2.46714e-10
2.95 6.1 1.60493e-10
2.95 6.15 1.02336e-10
2.95 6.2 6.39617e-11
2.95 6.25 3.91855e-11
2.95 6.3 2.35312e-11
2.95 6.35 1.38509e-11
2.95 6.4 7.99148e-12
2.95 6.45 4.51951e-12
2.95 6.5 2.50536e-12
2.95 6.55 1.36133e-12
2.95 6.6 7.25055e-13
2.95 6.65 3.78525e-13
2.95 6.7 1.93701e-13
2.95 6.75 9.71596e-14
2.95 6.8 4.77699e-14
2.95 6.85 2.30217e-14
2.95 6.9 1.08752e-14
2.95 6.95 5.03558e-15
2.95 7 2.28548e-15
2.95 7.05 1.01677e-15
2.95 7.1 4.43386e-16
2.95 7.15 1.89521e-16
2.95 7.2 7.94048e-17
2.95 7.25 3.26101e-17
2.95 7.3 1.31272e-17
2.95 7.35 5.17977e-18
2.95 7.4 2.00338e-18
2.95 7.45 7.59506e-19
2.95 7.5 2.82238e-19
2.95 7.55 1.02805e-19
2.95 7.6 3.67054e-20
2.95 7.65 1.28458e-20
2.95 7.7 4.40666e-21
2.95 7.75 1.48174e-21
2.95 7.8 4.88375e-22
2.95 7.85 1.57779e-22
2.95 7.9 4.99645e-23
2.95 7.95 1.55092e-23
2.95 8 4.71885e-24
2.95 8.05 1.40734e-24
2.95 8.1 4.11411e-25
2.95 8.15 1.17888e-25
2.95 8.2 3.31118e-26
2.95 8.25 9.11617e-27
2.95 8.3 2.46013e-27
2.95 8.35 6.5076e-28
2.95 8.4 1.68733e-28
2.95 8.45 4.28843e-29
2.95 8.5 1.06835e-29
2.95 8.55 2.60883e-30
2.95 8.6 6.24447e-31
2.95 8.65 1.46509e-31
2.95 8.7 3.36937e-32
2.95 8.75 7.59543e-33
2.95 8.8 1.67832e-33
2.95 8.85 3.63507e-34
2.95 8.9 7.7174e-35
2.95 8.95 1.60601e-35
2.95 9 3.27598e-36
2.95 9.05 6.55021e-37
2.95 9.1 1.28377e-37
2.95 9.15 2.46626e-38
2.95 9.2 4.64418e-39
2.95 9.25 8.57231e-40
2.95 9.3 1.55098e-40
2.95 9.35 2.75065e-41
2.95 9.4 4.78171e-42
2.95 9.45 8.14799e-43
2.95 9.5 1.36094e-43
2.95 9.55 2.22816e-44
2.95 9.6 3.5758e-45
2.95 9.65 5.62499e-46
2.95 9.7 8.67343e-47
2.95 9.75 1.31093e-47
2.95 9.8 1.94219e-48
2.95 9.85 2.82048e-49
2.95 9.9 4.01492e-50
2.95 9.95 5.56036e-51
2.95 10 0
3 0 0
3 0.05 1.24975e-50
3 0.1 9.02342e-50
3 0.15 6.33898e-49
3 0.2 4.36505e-48
3 0.25 2.94632e-47
3 0.3 1.94936e-46
3 0.35 1.26423e-45
3 0.4 8.0367e-45
3 0.45 5.00785e-44
3 0.5 3.05876e-43
3 0.55 1.8313e-42
3 0.6 1.07471e-41
3 0.65 6.18224e-41
3 0.7 3.48593e-40
3 0.75 1.92669e-39
3 0.8 1.04382e-38
3 0.85 5.54313e-38
3 0.9 2.88539e-37
3 0.95 1.47222e-36
3 1 7.36312e-36
3 1.05 3.60968e-35
3 1.1 1.73458e-34
3 1.15 8.17028e-34
3 1.2 3.77223e-33
3 1.25 1.70718e-32
3 1.3 7.57314e-32
3 1.35 3.293e-31
3 1.4 1.40354e-30
3 1.45 5.86377e-30
3 1.5 2.40129e-29
3 1.55 9.63899e-29
3 1.6 3.79258e-28
3 1.65 1.4627e-27
3 1.7 5.5296e-27
3 1.75 2.04903e-26
3 1.8 7.44254e-26
3 1.85 2.64978e-25
3 1.9 9.24732e-25
3 1.95 3.16328e-24
3 2 1.06066e-23
3 2.05 3.48604e-23
3 2.1 1.12307e-22
3 2.15 3.54645e-22
3 2.2 1.09774e-21
3 2.25 3.33057e-21
3 2.3 9.90504e-21
3 2.35 2.88742e-20
3 2.4 8.25047e-20
3 2.45 2.31081e-19
3 2.5 6.34402e-19
3 2.55 1.70719e-18
3 2.6 4.50313e-18
3 2.65 1.16429e-17
3 2.7 2.95071e-17
3 2.75 7.33003e-17
3 2.8 1.78485e-16
3 2.85 4.26002e-16
3 2.9 9.96637e-16
3 2.95 2.28548e-15
3 3 5.1373e-15
3 3.05 1.1319e-14
3 3.1 2.44452e-14
3 3.15 5.17482e-14
3 3.2 1.07377e-13
3 3.25 2.18396e-13
3 3.3 4.35404e-13
3 3.35 8.50853e-13
3 3.4 1.62979e-12
3 3.45 3.06002e-12
3 3.5 5.63159e-12
3 3.55 1.0159e-11
3 3.6 1.79635e-11
3 3.65 3.11345e-11
3 3.7 5.28941e-11
3 3.75 8.80823e-11
3 3.8 1.43775e-10
3 3.85 2.30035e-10
3 3.9 3.60761e-10
3 3.95 5.54574e-10
3 4 8.35629e-10
3 4.05 1.23419e-09
3 4.1 1.78676e-09
3 4.15 2.5355e-09
3 4.2 3.52676e-09
3 4.25 4.80842e-09
3 4.3 6.42605e-09
3 4.35 8.41782e-09
3 4.4 1.08086e-08
3 4.45 1.36036e-08
3 4.5 1.67824e-08
3 4.55 2.0294e-08
3 4.6 2.40544e-08
3 4.65 2.79471e-08
3 4.7 3.18269e-08
3 4.75 3.55275e-08
3 4.8 3.88732e-08
3 4.85 4.16917e-08
3 4.9 4.38293e-08
3 4.95 4.5164e-08
3 5 4.56179e-08
3 5.05 4.5164e-08
3 5.1 4.38293e-08
3 5.15 4.16917e-08
3 5.2 3.88732e-08
3 5.25 3.55275e-08
3 5.3 3.18269e-08
3 5.35 2.79471e-08
3 5.4 2.40544e-08
3 5.45 2.0294e-08
3 5.5 1.67824e-08
3 5.55 1.36036e-08
3 5.6 1.08086e-08
3 5.65 8.41782e-09
3 5.7 6.42605e-09
3 5.75 4.80842e-09
3 5.8 3.52676e-09
3 5.85 2.5355e-09
3 5.9 1.78676e-09
3 5.95 1.23419e-09
3 6 8.35629e-10
3 6.05 5.54574e-10
3 6.1 3.60761e-10
3 6.15 2.30035e-10
3 6.2 1.43775e-10
3 6.25 8.80823e-11
3 6.3 5.28941e-11
3 6.35 3.11345e-11
3 6.4 1.79635e-11
3 6.45 1.0159e-11
3 6.5 5.63159e-12
3 6.55 3.06002e-12
3 6.6 1.62979e-12
3 6.65 8.50853e-13
3 6.7 4.35404e-13
3 6.75 2.18396e-13
3 6.8 1.07377e-13
3 6.85 5.17482e-14
3 6.9 2.44452e-14
3 6.95 1.1319e-14
3 7 5.1373e-15
3 7.05 2.28548e-15
3 7.1 9.96637e-16
3 7.15 4.26002e-16
3 7.2 1.78485e-16
3 7.25 7.33003e-17
3 7.3 2.95071e-17
3 7.35 1.16429e-17
3 7.4 4.50313e-18
3 7.45 1.70719e-18
3 7.5 6.34402e-19
3 7.55 2.31081e-19
3 7.6 8.25047e-20
3 7.65 2.88742e-20
3 7.7 9.90504e-21
3 7.75 3.33057e-21
3 7.8 1.09774e-21
3 7.85 3.54645e-22
3 7.9 1.12307e-22
3 7.95 3.48604e-23
3 8 1.06066e-23
3 8.05 3.16328e-24
3 8.1 9.24732e-25
3 8.15 2.64978e-25
3 8.2 7.44254e-26
3 8.25 2.04903e-26
3 8.3 5.5296e-27
3 8.35 1.4627e-27
3 8.4 3.79258e-28
3 8.45 9.63899e-29
3 8.5 2.40129e-29
3 8.55 5.86377e-30
3 8.6 1.40354e-30
3 8.65 3.293e-31
3 8.7 7.57314e-32
3 8.75 1.70718e-32
3 8.8 3.77223e-33
3 8.85 8.17028e-34
3 8.9 1.73458e-34
3 8.95 3.60968e-35
3 9 7.36312e-36
3 9.05 1.47222e-36
3 9.1 2.88539e-37
3 9.15 5.54313e-38
3 9.2 1.04382e-38
3 9.25 1.92669e-39
3 9.3 3.48593e-40
3 9.35 6.18224e-41
3 9.4 1.07471e-41
3 9.45 1.8313e-42
3 9.5 3.05876e-43
3 9.55 5.00785e-44
3 9.6 8.0367e-45
3 9.65 1.26423e-45
3 9.7 1.94936e-46
3 9.75 2.94632e-47
3 9.8 4.36505e-48
3 9.85 6.33898e-49
3 9.9 9.02342e-50
3 9.95 1.24975e-50
3 10 0
3.05 0 0
3.05 0.05 2.75332e-50
3.05 0.1 1.98785e-49
3.05 0.15 1.39647e-48
3.05 0.2 9.61621e-48
3.05 0.25 6.49077e-47
3.05 0.3 4.29447e-46
3.05 0.35 2.78512e-45
3.05 0.4 1.77051e-44
3.05 0.45 1.10325e-43
3.05 0.5 6.73858e-43
3.05 0.55 4.03444e-42
3.05 0.6 2.36766e-41
3.05 0.65 1.36199e-40
3.05 0.7 7.67976e-40
3.05 0.75 4.24465e-39
3.05 0.8 2.29961e-38
3.05 0.85 1.2212e-37
3.05 0.9 6.35681e-37
3.05 0.95 3.24347e-36
3.05 1 1.62218e-35
3.05 1.05 7.95254e-35
3.05 1.1 3.82149e-34
3.05 1.15 1.80002e-33
3.05 1.2 8.31074e-33
3.05 1.25 3.76115e-32
3.05 1.3 1.66847e-31
3.05 1.35 7.25498e-31
3.05 1.4 3.09222e-30
3.05 1.45 1.29188e-29
3.05 1.5 5.29045e-29
3.05 1.55 2.12364e-28
3.05 1.6 8.35574e-28
3.05 1.65 3.2226e-27
3.05 1.7 1.21828e-26
3.05 1.75 4.51442e-26
3.05 1.8 1.63974e-25
3.05 1.85 5.83801e-25
3.05 1.9 2.03738e-24
3.05 1.95 6.96939e-24
3.05 2 2.33687e-23
3.05 2.05 7.68053e-23
3.05 2.1 2.47437e-22
3.05 2.15 7.81364e-22
3.05 2.2 2.41857e-21
3.05 2.25 7.33805e-21
3.05 2.3 2.18232e-20
3.05 2.35 6.36169e-20
3.05 2.4 1.81778e-19
3.05 2.45 5.0913e-19
3.05 2.5 1.39775e-18
3.05 2.55 3.76138e-18
3.05 2.6 9.92158e-18
3.05 2.65 2.56525e-17
3.05 2.7 6.50121e-17
3.05 2.75 1.61501e-16
3.05 2.8 3.93251e-16
3.05 2.85 9.38601e-16
3.05 2.9 2.19587e-15
3.05 2.95 5.03558e-15
3.05 3 1.1319e-14
3.05 3.05 2.4939e-14
3.05 3.1 5.386e-14
3.05 3.15 1.14017e-13
3.05 3.2 2.36585e-13
3.05 3.25 4.81193e-13
3.05 3.3 9.59328e-13
3.05 3.35 1.87469e-12
3.05 3.4 3.59094e-12
3.05 3.45 6.74218e-12
3.05 3.5 1.24082e-11
3.05 3.55 2.23836e-11
3.05 3.6 3.95792e-11
3.05 3.65 6.85992e-11
3.05 3.7 1.16543e-10
3.05 3.75 1.94074e-10
3.05 3.8 3.16784e-10
3.05 3.85 5.06844e-10
3.05 3.9 7.94876e-10
3.05 3.95 1.22191e-09
3.05 4 1.84117e-09
3.05 4.05 2.71933e-09
3.05 4.1 3.93683e-09
3.05 4.15 5.58656e-09
3.05 4.2 7.77064e-09
3.05 4.25 1.05946e-08
3.05 4.3 1.41588e-08
3.05 4.35 1.85473e-08
3.05 4.4 2.38151e-08
3.05 4.45 2.99734e-08
3.05 4.5 3.69774e-08
3.05 4.55 4.47146e-08
3.05 4.6 5.30002e-08
3.05 4.65 6.15772e-08
3.05 4.7 7.01256e-08
3.05 4.75 7.82794e-08
3.05 4.8 8.56511e-08
3.05 4.85 9.18614e-08
3.05 4.9 9.65711e-08
3.05 4.95 9.9512e-08
3.05 5 1.00512e-07
3.05 5.05 9.9512e-08
3.05 5.1 9.65711e-08
3.05 5.15 9.18614e-08
3.05 5.2 8.56511e-08
3.05 5.25 7.82794e-08
3.05 5.3 7.01256e-08
3.05 5.35 6.15772e-08
3.05 5.4 5.30002e-08
3.05 5.45 4.47146e-08
3.05 5.5 3.69774e-08
3.05 5.55 2.99734e-08
3.05 5.6 2.38151e-08
3.05 5.65 1.85473e-08
3.05 5.7 1.41588e-08
3.05 5.75 1.05946e-08
3.05 5.8 7.77064e-09
3.05 5.85 5.58656e-09
3.05 5.9 3.93683e-09
3.05 5.95 2.71933e-09
3.05 6 1.84117e-09
3.05 6.05 1.22191e-09
3.05 6.1 7.94876e-10
3.05 6.15 5.06844e-10
3.05 6.2 3.16784e-10
3.05 6.25 1.94074e-10
3.05 6.3 1.16543e-10
3.05 6.35 6.85992e-11
3.05 6.4 3.95792e-11
3.05 6.45 2.23836e-11
3.05 6.5 1.24082e-11
3.05 6.55 6.74218e-12
3.05 6.6 3.59094e-12
3.05 6.65 1.87469e-12
3.05 6.7 9.59328e-13
3.05 6.75 4.81193e-13
3.05 6.8 2.36585e-13
3.05 6.85 1.14017e-13
3.05 6.9 5.386e-14
3.05 6.95 2.4939e-14
3.05 7 1.1319e-14
3.05 7.05 5.03558e-15
3.05 7.1 2.19587e-15
3.05 7.15 9.38601e-16
3.05 7.2 3.93251e-16
3.05 7.25 1.61501e-16
3.05 7.3 6.50121e-17
3.05 7.35 2.56525e-17
3.05 7.4 9.92158e-18
3.05 7.45 3.76138e-18
3.05 7.5 1.39775e-18
3.05 7.55 5.0913e-19
3.05 7.6 1.81778e-19
3.05 7.65 6.36169e-20
3.05 7.7 2.18232e-20
3.05 7.75 7.33805e-21
3.05 7.8 2.41857e-21
3.05 7.85 7.81364e-22
3.05 7.9 2.47437e-22
3.05 7.95 7.68053e-23
3.05 8 2.33687e-23
3.05 8.05 6.96939e-24
3.05 8.1 2.03738e-24
3.05 8.15 5.83801e-25
3.05 8.2 1.63974e-25
3.05 8.25 4.51442e-26
3.05 8.3 1.21828e-26
3.05 8.35 3.2226e-27
3.05 8.4 8.35574e-28
3.05 8.45 2.12364e-28
3.05 8.5 5.29045e-29
3.05 8.55 1.29188e-29
3.05 8.6 3.09222e-30
3.05 8.65 7.25498e-31
3.05 8.7 1.66847e-31
3.05 8.75 3.76115e-32
3.05 8.8 8.31074e-33
3.05 8.85 1.80002e-33
3.05 8.9 3.82149e-34
3.05 8.95 7.95254e-35
3.05 9 1.62218e-35
3.05 9.05 3.24347e-36
3.05 9.1 6.35681e-37
3.05 9.15 1.2212e-37
3.05 9.2 2.29961e-38
3.05 9.25 4.24465e-39
3.05 9.3 7.67976e-40
3.05 9.35 1.36199e-40
3.05 9.4 2.36766e-41
3.05 9.45 4.03444e-42
3.05 9.5 6.73858e-43
3.05 9.55 1.10325e-43
3.05 9.6 1.77051e-44
3.05 9.65 2.78512e-45
3.05 9.7 4.29447e-46
3.05 9.75 6.49077e-47
3.05 9.8 9.61621e-48
3.05 9.85 1.39647e-48
3.05 9.9 1.98785e-49
3.05 9.95 2.75332e-50
3.05 10 0
3.1 0 0
3.1 0.05 5.94578e-50
3.1 0.1 4.29251e-49
3.1 0.15 3.01552e-48
3.1 0.2 2.07652e-47
3.1 0.25 1.40162e-46
3.1 0.3 9.2735e-46
3.1 0.35 6.01422e-45
3.1 0.4 3.82327e-44
3.1 0.45 2.38238e-43
3.1 0.5 1.45515e-42
3.1 0.55 8.71213e-42
3.1 0.6 5.11283e-41
3.1 0.65 2.94115e-40
3.1 0.7 1.65841e-39
3.1 0.75 9.16618e-39
3.1 0.8 4.96595e-38
3.1 0.85 2.63716e-37
3.1 0.9 1.37274e-36
3.1 0.95 7.00423e-36
3.1 1 3.50309e-35
3.1 1.05 1.71735e-34
3.1 1.1 8.25253e-34
3.1 1.15 3.88716e-33
3.1 1.2 1.79472e-32
3.1 1.25 8.12229e-32
3.1 1.3 3.60312e-31
3.1 1.35 1.56674e-30
3.1 1.4 6.67778e-30
3.1 1.45 2.78988e-29
3.1 1.5 1.1425e-28
3.1 1.55 4.58611e-28
3.1 1.6 1.80447e-27
3.1 1.65 6.95942e-27
3.1 1.7 2.63095e-26
3.1 1.75 9.74923e-26
3.1 1.8 3.54115e-25
3.1 1.85 1.26077e-24
3.1 1.9 4.3999e-24
3.1 1.95 1.5051e-23
3.1 2 5.0467e-23
3.1 2.05 1.65869e-22
3.1 2.1 5.34366e-22
3.1 2.15 1.68744e-21
3.1 2.2 5.22318e-21
3.1 2.25 1.58474e-20
3.1 2.3 4.71299e-20
3.1 2.35 1.37389e-19
3.1 2.4 3.92574e-19
3.1 2.45 1.09953e-18
3.1 2.5 3.01864e-18
3.1 2.55 8.12323e-18
3.1 2.6 2.14271e-17
3.1 2.65 5.54004e-17
3.1 2.7 1.40403e-16
3.1 2.75 3.48786e-16
3.1 2.8 8.49287e-16
3.1 2.85 2.02706e-15
3.1 2.9 4.74235e-15
3.1 2.95 1.08752e-14
3.1 3 2.44452e-14
3.1 3.05 5.386e-14
3.1 3.1 1.1632e-13
3.1 3.15 2.46239e-13
3.1 3.2 5.10947e-13
3.1 3.25 1.03922e-12
3.1 3.3 2.07184e-12
3.1 3.35 4.04874e-12
3.1 3.4 7.7553e-12
3.1 3.45 1.4561e-11
3.1 3.5 2.67978e-11
3.1 3.55 4.83417e-11
3.1 3.6 8.54791e-11
3.1 3.65 1.48154e-10
3.1 3.7 2.51698e-10
3.1 3.75 4.19142e-10
3.1 3.8 6.84159e-10
3.1 3.85 1.09463e-09
3.1 3.9 1.7167e-09
3.1 3.95 2.63897e-09
3.1 4 3.97639e-09
3.1 4.05 5.87297e-09
3.1 4.1 8.50241e-09
3.1 4.15 1.20654e-08
3.1 4.2 1.67824e-08
3.1 4.25 2.28813e-08
3.1 4.3 3.05789e-08
3.1 4.35 4.0057e-08
3.1 4.4 5.14338e-08
3.1 4.45 6.47342e-08
3.1 4.5 7.98607e-08
3.1 4.55 9.6571e-08
3.1 4.6 1.14466e-07
3.1 4.65 1.3299e-07
3.1 4.7 1.51452e-07
3.1 4.75 1.69062e-07
3.1 4.8 1.84983e-07
3.1 4.85 1.98395e-07
3.1 4.9 2.08567e-07
3.1 4.95 2.14918e-07
3.1 5 2.17078e-07
3.1 5.05 2.14918e-07
3.1 5.1 2.08567e-07
3.1 5.15 1.98395e-07
3.1 5.2 1.84983e-07
3.1 5.25 1.69062e-07
3.1 5.3 1.51452e-07
3.1 5.35 1.3299e-07
3.1 5.4 1.14466e-07
3.1 5.45 9.6571e-08
3.1 5.5 7.98607e-08
3.1 5.55 6.47342e-08
3.1 5.6 5.14338e-08
3.1 5.65 4.0057e-08
3.1 5.7 3.05789e-08
3.1 5.75 2.28813e-08
3.1 5.8 1.67824e-08
3.1 5.85 1.20654e-08
3.1 5.9 8.50241e-09
3.1 5.95 5.87297e-09
3.1 6 3.97639e-09
3.1 6.05 2.63897e-09
3.1 6.1 1.7167e-09
3.1 6.15 1.09463e-09
3.1 6.2 6.84159e-10
3.1 6.25 4.19142e-10
3.1 6.3 2.51698e-10
3.1 6.35 1.48154e-10
3.1 6.4 8.54791e-11
3.1 6.45 4.83417e-11
3.1 6.5 2.67978e-11
3.1 6.55 1.4561e-11
3.1 6.6 7.7553e-12
3.1 6.65 4.04874e-12
3.1 6.7 2.07184e-12
3.1 6.75 1.03922e-12
3.1 6.8 5.10947e-13
3.1 6.85 2.46239e-13
3.1 6.9 1.1632e-13
3.1 6.95 5.386e-14
3.1 7 2.44452e-14
3.1 7.05 1.08752e-14
3.1 7.1 4.74235e-15
3.1 7.15 2.02706e-15
3.1 7.2 8.49287e-16
3.1 7.25 3.48786e-16
3.1 7.3 1.40403e-16
3.1 7.35 5.54004e-17
3.1 7.4 2.14271e-17
3.1 7.45 8.12323e-18
3.1 7.5 3.01864e-18
3.1 7.55 1.09953e-18
3.1 7.6 3.92574e-19
3.1 7.65 1.37389e-19
3.1 7.7 4.71299e-20
3.1 7.75 1.58474e-20
3.1 7.8 5.22318e-21
3.1 7.85 1.68744e-21
3.1 7.9 5.34366e-22
3.1 7.95 1.65869e-22
3.1 8 5.0467e-23
3.1 8.05 1.5051e-23
3.1 8.1 4.3999e-24
3.1 8.15 1.26077e-24
3.1 8.2 3.54115e-25
3.1 8.25 9.74923e-26
3.1 8.3 2.63095e-26
3.1 8.35 6.95942e-27
3.1 8.4 1.80447e-27
3.1 8.45 4.58611e-28
3.1 8.5 1.1425e-28
3.1 8.55 2.78988e-29
3.1 8.6 6.67778e-30
3.1 8.65 1.56674e-30
3.1 8.7 3.60312e-31
3.1 8.75 8.12229e-32
3.1 8.8 1.79472e-32
3.1 8.85 3.88716e-33
3.1 8.9 8.25253e-34
3.1 8.95 1.71735e-34
3.1 9 3.50309e-35
3.1 9.05 7.00423e-36
3.1 9.1 1.37274e-36
3.1 9.15 2.63716e-37
3.1 9.2 4.96595e-38
3.1 9.25 9.16618e-39
3.1 9.3 1.65841e-39
3.1 9.35 2.94115e-40
3.1 9.4 5.11283e-41
3.1 9.45 8.71213e-42
3.1 9.5 1.45515e-42
3.1 9.55 2.38238e-43
3.1 9.6 3.82327e-44
3.1 9.65 6.01422e-45
3.1 9.7 9.2735e-46
3.1 9.75 1.40162e-46
3.1 9.8 2.07652e-47
3.1 9.85 3.01552e-48
3.1 9.9 4.29251e-49
3.1 9.95 5.94578e-50
3.1 10 0
3.15 0 0
3.15 0.05 1.25857e-49
3.15 0.1 9.08566e-49
3.15 0.15 6.38277e-48
3.15 0.2 4.39525e-47
3.15 0.25 2.96673e-46
3.15 0.3 1.96288e-45
3.15 0.35 1.27301e-44
3.15 0.4 8.09261e-44
3.15 0.45 5.04274e-43
3.15 0.5 3.0801e-42
3.15 0.55 1.84409e-41
3.15 0.6 1.08223e-40
3.15 0.65 6.22554e-40
3.15 0.7 3.51038e-39
3.15 0.75 1.94022e-38
3.15 0.8 1.05115e-37
3.15 0.85 5.58215e-37
3.15 0.9 2.90573e-36
3.15 0.95 1.48261e-35
3.15 1 7.41514e-35
3.15 1.05 3.63521e-34
3.15 1.1 1.74686e-33
3.15 1.15 8.2282e-33
3.15 1.2 3.799e-32
3.15 1.25 1.7193e-31
3.15 1.3 7.627e-31
3.15 1.35 3.31645e-30
3.15 1.4 1.41354e-29
3.15 1.45 5.9056e-29
3.15 1.5 2.41844e-28
3.15 1.55 9.70789e-28
3.15 1.6 3.81972e-27
3.15 1.65 1.47318e-26
3.15 1.7 5.56924e-26
3.15 1.75 2.06374e-25
3.15 1.8 7.49599e-25
3.15 1.85 2.66883e-24
3.15 1.9 9.31385e-24
3.15 1.95 3.18606e-23
3.15 2 1.06831e-22
3.15 2.05 3.51119e-22
3.15 2.1 1.13117e-21
3.15 2.15 3.57207e-21
3.15 2.2 1.10567e-20
3.15 2.25 3.35467e-20
3.15 2.3 9.97676e-20
3.15 2.35 2.90834e-19
3.15 2.4 8.31029e-19
3.15 2.45 2.32757e-18
3.15 2.5 6.39009e-18
3.15 2.55 1.71959e-17
3.15 2.6 4.53587e-17
3.15 2.65 1.17276e-16
3.15 2.7 2.97219e-16
3.15 2.75 7.38342e-16
3.15 2.8 1.79785e-15
3.15 2.85 4.29108e-15
3.15 2.9 1.00391e-14
3.15 2.95 2.30217e-14
3.15 3 5.17482e-14
3.15 3.05 1.14017e-13
3.15 3.1 2.46239e-13
3.15 3.15 5.21268e-13
3.15 3.2 1.08163e-12
3.15 3.25 2.19995e-12
3.15 3.3 4.38594e-12
3.15 3.35 8.57089e-12
3.15 3.4 1.64174e-11
3.15 3.45 3.08246e-11
3.15 3.5 5.67292e-11
3.15 3.55 1.02336e-10
3.15 3.6 1.80954e-10
3.15 3.65 3.13632e-10
3.15 3.7 5.32829e-10
3.15 3.75 8.87298e-10
3.15 3.8 1.44833e-09
3.15 3.85 2.31727e-09
3.15 3.9 3.63415e-09
3.15 3.95 5.58655e-09
3.15 4 8.41781e-09
3.15 4.05 1.24328e-08
3.15 4.1 1.79992e-08
3.15 4.15 2.55418e-08
3.15 4.2 3.55275e-08
3.15 4.25 4.84386e-08
3.15 4.3 6.47342e-08
3.15 4.35 8.47988e-08
3.15 4.4 1.08883e-07
3.15 4.45 1.37039e-07
3.15 4.5 1.69062e-07
3.15 4.55 2.04437e-07
3.15 4.6 2.42319e-07
3.15 4.65 2.81533e-07
3.15 4.7 3.20617e-07
3.15 4.75 3.57897e-07
3.15 4.8 3.91601e-07
3.15 4.85 4.19994e-07
3.15 4.9 4.41527e-07
3.15 4.95 4.54974e-07
3.15 5 4.59546e-07
3.15 5.05 4.54974e-07
3.15 5.1 4.41527e-07
3.15 5.15 4.19994e-07
3.15 5.2 3.91601e-07
3.15 5.25 3.57897e-07
3.15 5.3 3.20617e-07
3.15 5.35 2.81533e-07
3.15 5.4 2.42319e-07
3.15 5.45 2.04437e-07
3.15 5.5 1.69062e-07
3.15 5.55 1.37039e-07
3.15 5.6 1.08883e-07
3.15 5.65 8.47988e-08
3.15 5.7 6.47342e-08
3.15 5.75 4.84386e-08
3.15 5.8 3.55275e-08
3.15 5.85 2.55418e-08
3.15 5.9 1.79992e-08
3.15 5.95 1.24328e-08
3.15 6 8.41781e-09
3.15 6.05 5.58655e-09
3.15 6.1 3.63415e-09
3.15 6.15 2.31727e-09
3.15 6.2 1.44833e-09
3.15 6.25 8.87298e-10
3.15 6.3 5.32829e-10
3.15 6.35 3.13632e-10
3.15 6.4 1.80954e-10
3.15 6.45 1.02336e-10
3.15 6.5 5.67292e-11
3.15 6.55 3.08246e-11
3.15 6.6 1.64174e-11
3.15 6.65 8.57089e-12
3.15 6.7 4.38594e-12
3.15 6.75 2.19995e-12
3.15 6.8 1.08163e-12
3.15 6.85 5.21268e-13
3.15 6.9 2.46239e-13
3.15 6.95 1.14017e-13
3.15 7 5.17482e-14
3.15 7.05 2.30217e-14
3.15 7.1 1.00391e-14
3.15 7.15 4.29108e-15
3.15 7.2 1.79785e-15
3.15 7.25 7.38342e-16
3.15 7.3 2.97219e-16
3.15 7.35 1.17276e-16
3.15 7.4 4.53587e-17
3.15 7.45 1.71959e-17
3.15 7.5 6.39009e-18
3.15 7.55 2.32757e-18
3.15 7.6 8.31029e-19
3.15 7.65 2.90834e-19
3.15 7.7 9.97676e-20
3.15 7.75 3.35467e-20
3.15 7.8 1.10567e-20
3.15 7.85 3.57207e-21
3.15 7.9 1.13117e-21
3.15 7.95 3.51119e-22
3.15 8 1.06831e-22
3.15 8.05 3.18606e-23
3.15 8.1 9.31385e-24
3.15 8.15 2.66883e-24
3.15 8.2 7.49599e-25
3.15 8.25 2.06374e-25
3.15 8.3 5.56924e-26
3.15 8.35 1.47318e-26
3.15 8.4 3.81972e-27
3.15 8.45 9.70789e-28
3.15 8.5 2.41844e-28
3.15 8.55 5.9056e-29
3.15 8.6 1.41354e-29
3.15 8.65 3.31645e-30
3.15 8.7 7.627e-31
3.15 8.75 1.7193e-31
3.15 8.8 3.799e-32
3.15 8.85 8.2282e-33
3.15 8.9 1.74686e-33
3.15 8.95 3.63521e-34
3.15 9 7.41514e-35
3.15 9.05 1.48261e-35
3.15 9.1 2.90573e-36
3.15 9.15 5.58215e-37
3.15 9.2 1.05115e-37
3.15 9.25 1.94022e-38
3.15 9.3 3.51038e-39
3.15 9.35 6.22554e-40
3.15 9.4 1.08223e-40
3.15 9.45 1.84409e-41
3.15 9.5 3.0801e-42
3.15 9.55 5.04274e-43
3.15 9.6 8.09261e-44
3.15 9.65 1.27301e-44
3.15 9.7 1.96288e-45
3.15 9.75 2.96673e-46
3.15 9.8 4.39525e-47
3.15 9.85 6.38277e-48
3.15 9.9 9.08566e-49
3.15 9.95 1.25857e-49
3.15 10 0
3.2 0 0
3.2 0.05 2.61132e-49
3.2 0.1 1.88503e-48
3.2 0.15 1.32426e-47
3.2 0.2 9.11902e-47
3.2 0.25 6.15523e-46
3.2 0.3 4.07251e-45
3.2 0.35 2.64119e-44
3.2 0.4 1.67903e-43
3.2 0.45 1.04626e-42
3.2 0.5 6.39053e-42
3.2 0.55 3.8261e-41
3.2 0.6 2.24541e-40
3.2 0.65 1.29168e-39
3.2 0.7 7.28336e-39
3.2 0.75 4.02559e-38
3.2 0.8 2.18095e-37
3.2 0.85 1.1582e-36
3.2 0.9 6.02889e-36
3.2 0.95 3.07618e-35
3.2 1 1.53852e-34
3.2 1.05 7.5425e-34
3.2 1.1 3.62447e-33
3.2 1.15 1.70723e-32
3.2 1.2 7.8824e-32
3.2 1.25 3.56733e-31
3.2 1.3 1.5825e-30
3.2 1.35 6.88121e-30
3.2 1.4 2.93294e-29
3.2 1.45 1.22534e-28
3.2 1.5 5.018e-28
3.2 1.55 2.01428e-27
3.2 1.6 7.92553e-27
3.2 1.65 3.0567e-26
3.2 1.7 1.15557e-25
3.2 1.75 4.28207e-25
3.2 1.8 1.55535e-24
3.2 1.85 5.53761e-24
3.2 1.9 1.93255e-23
3.2 1.95 6.61085e-23
3.2 2 2.21666e-22
3.2 2.05 7.28549e-22
3.2 2.1 2.34711e-21
3.2 2.15 7.41183e-21
3.2 2.2 2.29421e-20
3.2 2.25 6.96078e-20
3.2 2.3 2.07013e-19
3.2 2.35 6.03468e-19
3.2 2.4 1.72435e-18
3.2 2.45 4.82963e-18
3.2 2.5 1.32592e-17
3.2 2.55 3.5681e-17
3.2 2.6 9.4118e-17
3.2 2.65 2.43346e-16
3.2 2.7 6.16723e-16
3.2 2.75 1.53205e-15
3.2 2.8 3.73052e-15
3.2 2.85 8.90394e-15
3.2 2.9 2.0831e-14
3.2 2.95 4.77699e-14
3.2 3 1.07377e-13
3.2 3.05 2.36585e-13
3.2 3.1 5.10947e-13
3.2 3.15 1.08163e-12
3.2 3.2 2.24439e-12
3.2 3.25 4.56492e-12
3.2 3.3 9.10086e-12
3.2 3.35 1.77847e-11
3.2 3.4 3.40663e-11
3.2 3.45 6.39616e-11
3.2 3.5 1.17714e-10
3.2 3.55 2.1235e-10
3.2 3.6 3.75483e-10
3.2 3.65 6.50793e-10
3.2 3.7 1.10563e-09
3.2 3.75 1.84117e-09
3.2 3.8 3.00532e-09
3.2 3.85 4.80841e-09
3.2 3.9 7.54098e-09
3.2 3.95 1.15923e-08
3.2 4 1.74672e-08
3.2 4.05 2.57985e-08
3.2 4.1 3.73489e-08
3.2 4.15 5.30001e-08
3.2 4.2 7.37208e-08
3.2 4.25 1.00512e-07
3.2 4.3 1.34326e-07
3.2 4.35 1.75961e-07
3.2 4.4 2.25937e-07
3.2 4.45 2.84363e-07
3.2 4.5 3.5081e-07
3.2 4.55 4.24215e-07
3.2 4.6 5.02822e-07
3.2 4.65 5.84194e-07
3.2 4.7 6.65295e-07
3.2 4.75 7.42652e-07
3.2 4.8 8.12589e-07
3.2 4.85 8.71507e-07
3.2 4.9 9.16189e-07
3.2 4.95 9.44091e-07
3.2 5 9.53579e-07
3.2 5.05 9.44091e-07
3.2 5.1 9.16189e-07
3.2 5.15 8.71507e-07
3.2 5.2 8.12589e-07
3.2 5.25 7.42652e-07
3.2 5.3 6.65295e-07
3.2 5.35 5.84194e-07
3.2 5.4 5.02822e-07
3.2 5.45 4.24215e-07
3.2 5.5 3.5081e-07
3.2 5.55 2.84363e-07
3.2 5.6 2.25937e-07
3.2 5.65 1.75961e-07
3.2 5.7 1.34326e-07
3.2 5.75 1.00512e-07
3.2 5.8 7.37208e-08
3.2 5.85 5.30001e-08
3.2 5.9 3.73489e-08
3.2 5.95 2.57985e-08
3.2 6 1.74672e-08
3.2 6.05 1.15923e-08
3.2 6.1 7.54098e-09
3.2 6.15 4.80841e-09
3.2 6.2 3.00532e-09
3.2 6.25 1.84117e-09
3.2 6.3 1.10563e-09
3.2 6.35 6.50793e-10
3.2 6.4 3.75483e-10
3.2 6.45 2.1235e-10
3.2 6.5 1.17714e-10
3.2 6.55 6.39616e-11
3.2 6.6 3.40663e-11
3.2 6.65 1.77847e-11
3.2 6.7 9.10086e-12
3.2 6.75 4.56492e-12
3.2 6.8 2.24439e-12
3.2 6.85 1.08163e-12
3.2 6.9 5.10947e-13
3.2 6.95 2.36585e-13
3.2 7 1.07377e-13
3.2 7.05 4.77699e-14
3.2 7.1 2.0831e-14
3.2 7.15 8.90394e-15
3.2 7.2 3.73052e-15
3.2 7.25 1.53205e-15
3.2 7.3 6.16723e-16
3.2 7.35 2.43346e-16
3.2 7.4 9.4118e-17
3.2 7.45 3.5681e-17
3.2 7.5 1.32592e-17
3.2 7.55 4.82963e-18
3.2 7.6 1.72435e-18
3.2 7.65 6.03468e-19
3.2 7.7 2.07013e-19
3.2 7.75 6.96078e-20
3.2 7.8 2.29421e-20
3.2 7.85 7.41183e-21
3.2 7.9 2.34711e-21
3.2 7.95 7.28549e-22
3.2 8 2.21666e-22
3.2 8.05 6.61085e-23
3.2 8.1 1.93255e-23
3.2 8.15 5.53761e-24
3.2 8.2 1.55535e-24
3.2 8.25 4.28207e-25
3.2 8.3 1.15557e-25
3.2 8.35 3.0567e-26
3.2 8.4 7.92553e-27
3.2 8.45 2.01428e-27
3.2 8.5 5.018e-28
3.2 8.55 1.22534e-28
3.2 8.6 2.93294e-29
3.2 8.65 6.88121e-30
3.2 8.7 1.5825e-30
3.2 8.75 3.56733e-31
3.2 8.8 7.8824e-32
3.2 8.85 1.70723e-32
3.2 8.9 3.62447e-33
3.2 8.95 7.5425e-34
3.2 9 1.53852e-34
3.2 9.05 3.07618e-35
3.2 9.1 6.02889e-36
3.2 9.15 1.1582e-36
3.2 9.2 2.18095e-37
3.2 9.25 4.02559e-38
3.2 9.3 7.28336e-39
3.2 9.35 1.29168e-39
3.2 9.4 2.24541e-40
3.2 9.45 3.8261e-41
3.2 9.5 6.39053e-42
3.2 9.55 1.04626e-42
3.2 9.6 1.67903e-43
3.2 9.65 2.64119e-44
3.2 9.7 4.07251e-45
3.2 9.75 6.15523e-46
3.2 9.8 9.11902e-47
3.2 9.85 1.32426e-47
3.2 9.9 1.88503e-48
3.2 9.95 2.61132e-49
3.2 10 0
3.25 0 0
3.25 0.05 5.31079e-49
3.25 0.1 3.83351e-48
3.25 0.15 2.6931e-47
3.25 0.2 1.85451e-46
3.25 0.25 1.25178e-45
3.25 0.3 8.2822e-45
3.25 0.35 5.37137e-44
3.25 0.4 3.41464e-43
3.25 0.45 2.12777e-42
3.25 0.5 1.29965e-41
3.25 0.55 7.78119e-41
3.25 0.6 4.56653e-40
3.25 0.65 2.62692e-39
3.25 0.7 1.48124e-38
3.25 0.75 8.187e-38
3.25 0.8 4.4355e-37
3.25 0.85 2.35548e-36
3.25 0.9 1.22613e-35
3.25 0.95 6.2562e-35
3.25 1 3.12899e-34
3.25 1.05 1.53397e-33
3.25 1.1 7.37136e-33
3.25 1.15 3.47213e-32
3.25 1.2 1.60311e-31
3.25 1.25 7.25519e-31
3.25 1.3 3.21849e-30
3.25 1.35 1.3995e-29
3.25 1.4 5.96501e-29
3.25 1.45 2.49211e-28
3.25 1.5 1.02057e-27
3.25 1.55 4.09668e-27
3.25 1.6 1.61191e-26
3.25 1.65 6.2168e-26
3.25 1.7 2.35022e-25
3.25 1.75 8.70901e-25
3.25 1.8 3.16334e-24
3.25 1.85 1.12626e-23
3.25 1.9 3.93051e-23
3.25 1.95 1.34455e-22
3.25 2 4.50836e-22
3.25 2.05 1.48176e-21
3.25 2.1 4.7737e-21
3.25 2.15 1.50747e-20
3.25 2.2 4.66612e-20
3.25 2.25 1.41573e-19
3.25 2.3 4.21038e-19
3.25 2.35 1.22738e-18
3.25 2.4 3.50713e-18
3.25 2.45 9.82291e-18
3.25 2.5 2.69677e-17
3.25 2.55 7.25713e-17
3.25 2.6 1.91426e-16
3.25 2.65 4.94939e-16
3.25 2.7 1.25435e-15
3.25 2.75 3.11603e-15
3.25 2.8 7.58752e-15
3.25 2.85 1.81098e-14
3.25 2.9 4.23684e-14
3.25 2.95 9.71596e-14
3.25 3 2.18396e-13
3.25 3.05 4.81193e-13
3.25 3.1 1.03922e-12
3.25 3.15 2.19995e-12
3.25 3.2 4.56492e-12
3.25 3.25 9.2847e-12
3.25 3.3 1.85105e-11
3.25 3.35 3.61728e-11
3.25 3.4 6.92886e-11
3.25 3.45 1.30094e-10
3.25 3.5 2.39422e-10
3.25 3.55 4.31906e-10
3.25 3.6 7.63708e-10
3.25 3.65 1.32367e-09
3.25 3.7 2.24879e-09
3.25 3.75 3.74483e-09
3.25 3.8 6.11264e-09
3.25 3.85 9.78004e-09
3.25 3.9 1.53379e-08
3.25 3.95 2.35781e-08
3.25 4 3.55274e-08
3.25 4.05 5.24728e-08
3.25 4.1 7.59659e-08
3.25 4.15 1.078e-07
3.25 4.2 1.49945e-07
3.25 4.25 2.04437e-07
3.25 4.3 2.73213e-07
3.25 4.35 3.57897e-07
3.25 4.4 4.59546e-07
3.25 4.45 5.78381e-07
3.25 4.5 7.13533e-07
3.25 4.55 8.62836e-07
3.25 4.6 1.02272e-06
3.25 4.65 1.18823e-06
3.25 4.7 1.35318e-06
3.25 4.75 1.51052e-06
3.25 4.8 1.65277e-06
3.25 4.85 1.77261e-06
3.25 4.9 1.86349e-06
3.25 4.95 1.92024e-06
3.25 5 1.93954e-06
3.25 5.05 1.92024e-06
3.25 5.1 1.86349e-06
3.25 5.15 1.77261e-06
3.25 5.2 1.65277e-06
3.25 5.25 1.51052e-06
3.25 5.3 1.35318e-06
3.25 5.35 1.18823e-06
3.25 5.4 1.02272e-06
3.25 5.45 8.62836e-07
3.25 5.5 7.13533e-07
3.25 5.55 5.78381e-07
3.25 5.6 4.59546e-07
3.25 5.65 3.57897e-07
3.25 5.7 2.73213e-07
3.25 5.75 2.04437e-07
3.25 5.8 1.49945e-07
3.25 5.85 1.078e-07
3.25 5.9 7.59659e-08
3.25 5.95 5.24728e-08
3.25 6 3.55274e-08
3.25 6.05 2.35781e-08
3.25 6.1 1.53379e-08
3.25 6.15 9.78004e-09
3.25 6.2 6.11264e-09
3.25 6.25 3.74483e-09
3.25 6.3 2.24879e-09
3.25 6.35 1.32367e-09
3.25 6.4 7.63708e-10
3.25 6.45 4.31906e-10
3.25 6.5 2.39422e-10
3.25 6.55 1.30094e-10
3.25 6.6 6.92886e-11
3.25 6.65 3.61728e-11
3.25 6.7 1.85105e-11
3.25 6.75 9.2847e-12
3.25 6.8 4.56492e-12
3.25 6.85 2.19995e-12
3.25 6.9 1.03922e-12
3.25 6.95 4.81193e-13
3.25 7 2.18396e-13
3.25 7.05 9.71596e-14
3.25 7.1 4.23684e-14
3.25 7.15 1.81098e-14
3.25 7.2 7.58752e-15
3.25 7.25 3.11603e-15
3.25 7.3 1.25435e-15
3.25 7.35 4.94939e-16
3.25 7.4 1.91426e-16
3.25 7.45 7.25713e-17
3.25 7.5 2.69677e-17
3.25 7.55 9.82291e-18
3.25 7.6 3.50713e-18
3.25 7.65 1.22738e-18
3.25 7.7 4.21038e-19
3.25 7.75 1.41573e-19
3.25 7.8 4.66612e-20
3.25 7.85 1.50747e-20
3.25 7.9 4.7737e-21
3.25 7.95 1.48176e-21
3.25 8 4.50836e-22
3.25 8.05 1.34455e-22
3.25 8.1 3.93051e-23
3.25 8.15 1.12626e-23
3.25 8.2 3.16334e-24
3.25 8.25 8.70901e-25
3.25 8.3 2.35022e-25
3.25 8.35 6.2168e-26
3.25 8.4 1.61191e-26
3.25 8.45 4.09668e-27
3.25 8.5 1.02057e-27
3.25 8.55 2.49211e-28
3.25 8.6 5.96501e-29
3.25 8.65 1.3995e-29
3.25 8.7 3.21849e-30
3.25 8.75 7.25519e-31
3.25 8.8 1.60311e-31
3.25 8.85 3.47213e-32
3.25 8.9 7.37136e-33
3.25 8.95 1.53397e-33
3.25 9 3.12899e-34
3.25 9.05 6.2562e-35
3.25 9.1 1.22613e-35
3.25 9.15 2.35548e-36
3.25 9.2 4.4355e-37
3.25 9.25 8.187e-38
3.25 9.3 1.48124e-38
3.25 9.35 2.62692e-39
3.25 9.4 4.56653e-40
3.25 9.45 7.78119e-41
3.25 9.5 1.29965e-41
3.25 9.55 2.12777e-42
3.25 9.6 3.41464e-43
3.25 9.65 5.37137e-44
3.25 9.7 8.2822e-45
3.25 9.75 1.25178e-45
3.25 9.8 1.85451e-46
3.25 9.85 2.6931e-47
3.25 9.9 3.83351e-48
3.25 9.95 5.31079e-49
3.25 10 0
3.3 0 0
3.3 0.05 1.0587e-48
3.3 0.1 7.64173e-48
3.3 0.15 5.36845e-47
3.3 0.2 3.69681e-46
3.3 0.25 2.49532e-45
3.3 0.3 1.651e-44
3.3 0.35 1.07075e-43
3.3 0.4 6.80688e-43
3.3 0.45 4.2416e-42
3.3 0.5 2.59078e-41
3.3 0.55 1.55115e-40
3.3 0.6 9.1032e-40
3.3 0.65 5.23667e-39
3.3 0.7 2.95281e-38
3.3 0.75 1.63206e-37
3.3 0.8 8.84209e-37
3.3 0.85 4.69562e-36
3.3 0.9 2.44428e-35
3.3 0.95 1.24717e-34
3.3 1 6.23765e-34
3.3 1.05 3.05798e-33
3.3 1.1 1.46949e-32
3.3 1.15 6.92175e-32
3.3 1.2 3.19583e-31
3.3 1.25 1.44634e-30
3.3 1.3 6.41615e-30
3.3 1.35 2.78995e-29
3.3 1.4 1.18915e-28
3.3 1.45 4.96813e-28
3.3 1.5 2.03455e-27
3.3 1.55 8.16695e-27
3.3 1.6 3.21343e-26
3.3 1.65 1.23935e-25
3.3 1.7 4.68532e-25
3.3 1.75 1.7362e-24
3.3 1.8 6.30634e-24
3.3 1.85 2.24528e-23
3.3 1.9 7.83578e-23
3.3 1.95 2.68046e-22
3.3 2 8.98781e-22
3.3 2.05 2.95403e-21
3.3 2.1 9.5168e-21
3.3 2.15 3.00528e-20
3.3 2.2 9.30237e-20
3.3 2.25 2.8224e-19
3.3 2.3 8.39384e-19
3.3 2.35 2.44691e-18
3.3 2.4 6.99184e-18
3.3 2.45 1.95831e-17
3.3 2.5 5.37633e-17
3.3 2.55 1.4468e-16
3.3 2.6 3.81631e-16
3.3 2.65 9.86724e-16
3.3 2.7 2.50071e-15
3.3 2.75 6.21221e-15
3.3 2.8 1.51267e-14
3.3 2.85 3.61043e-14
3.3 2.9 8.44672e-14
3.3 2.95 1.93701e-13
3.3 3 4.35404e-13
3.3 3.05 9.59328e-13
3.3 3.1 2.07184e-12
3.3 3.15 4.38594e-12
3.3 3.2 9.10086e-12
3.3 3.25 1.85105e-11
3.3 3.3 3.69035e-11
3.3 3.35 7.21162e-11
3.3 3.4 1.38138e-10
3.3 3.45 2.59362e-10
3.3 3.5 4.77328e-10
3.3 3.55 8.61075e-10
3.3 3.6 1.52258e-09
3.3 3.65 2.63896e-09
3.3 3.7 4.48334e-09
3.3 3.75 7.46595e-09
3.3 3.8 1.21866e-08
3.3 3.85 1.94982e-08
3.3 3.9 3.05789e-08
3.3 3.95 4.7007e-08
3.3 4 7.08302e-08
3.3 4.05 1.04614e-07
3.3 4.1 1.51452e-07
3.3 4.15 2.14918e-07
3.3 4.2 2.98942e-07
3.3 4.25 4.07582e-07
3.3 4.3 5.447e-07
3.3 4.35 7.13533e-07
3.3 4.4 9.16189e-07
3.3 4.45 1.15311e-06
3.3 4.5 1.42256e-06
3.3 4.55 1.72022e-06
3.3 4.6 2.03898e-06
3.3 4.65 2.36895e-06
3.3 4.7 2.69782e-06
3.3 4.75 3.01151e-06
3.3 4.8 3.29511e-06
3.3 4.85 3.53403e-06
3.3 4.9 3.71522e-06
3.3 4.95 3.82837e-06
3.3 5 3.86684e-06
3.3 5.05 3.82837e-06
3.3 5.1 3.71522e-06
3.3 5.15 3.53403e-06
3.3 5.2 3.29511e-06
3.3 5.25 3.01151e-06
3.3 5.3 2.69782e-06
3.3 5.35 2.36895e-06
3.3 5.4 2.03898e-06
3.3 5.45 1.72022e-06
3.3 5.5 1.42256e-06
3.3 5.55 1.15311e-06
3.3 5.6 9.16189e-07
3.3 5.65 7.13533e-07
3.3 5.7 5.447e-07
3.3 5.75 4.07582e-07
3.3 5.8 2.98942e-07
3.3 5.85 2.14918e-07
3.3 5.9 1.51452e-07
3.3 5.95 1.04614e-07
3.3 6 7.08302e-08
3.3 6.05 4.7007e-08
3.3 6.1 3.05789e-08
3.3 6.15 1.94982e-08
3.3 6.2 1.21866e-08
3.3 6.25 7.46595e-09
3.3 6.3 4.48334e-09
3.3 6.35 2.63896e-09
3.3 6.4 1.52258e-09
3.3 6.45 8.61075e-10
3.3 6.5 4.77328e-10
3.3 6.55 2.59362e-10
3.3 6.6 1.38138e-10
3.3 6.65 7.21162e-11
3.3 6.7 3.69035e-11
3.3 6.75 1.85105e-11
3.3 6.8 9.10086e-12
3.3 6.85 4.38594e-12
3.3 6.9 2.07184e-12
3.3 6.95 9.59328e-13
3.3 7 4.35404e-13
3.3 7.05 1.93701e-13
3.3 7.1 8.44672e-14
3.3 7.15 3.61043e-14
3.3 7.2 1.51267e-14
3.3 7.25 6.21221e-15
3.3 7.3 2.50071e-15
3.3 7.35 9.86724e-16
3.3 7.4 3.81631e-16
3.3 7.45 1.4468e-16
3.3 7.5 5.37633e-17
3.3 7.55 1.95831e-17
3.3 7.6 6.99184e-18
3.3 7.65 2.44691e-18
3.3 7.7 8.39384e-19
3.3 7.75 2.8224e-19
3.3 7.8 9.30237e-20
3.3 7.85 3.00528e-20
3.3 7.9 9.5168e-21
3.3 7.95 2.95403e-21
3.3 8 8.98781e-22
3.3 8.05 2.68046e-22
3.3 8.1 7.83578e-23
3.3 8.15 2.24528e-23
3.3 8.2 6.30634e-24
3.3 8.25 1.7362e-24
3.3 8.3 4.68532e-25
3.3 8.35 1.23935e-25
3.3 8.4 3.21343e-26
3.3 8.45 8.16695e-27
3.3 8.5 2.03455e-27
3.3 8.55 4.96813e-28
3.3 8.6 1.18915e-28
3.3 8.65 2.78995e-29
3.3 8.7 6.41615e-30
3.3 8.75 1.44634e-30
3.3 8.8 3.19583e-31
3.3 8.85 6.92175e-32
3.3 8.9 1.46949e-32
3.3 8.95 3.05798e-33
3.3 9 6.23765e-34
3.3 9.05 1.24717e-34
3.3 9.1 2.44428e-35
3.3 9.15 4.69562e-36
3.3 9.2 8.84209e-37
3.3 9.25 1.63206e-37
3.3 9.3 2.95281e-38
3.3 9.35 5.23667e-39
3.3 9.4 9.1032e-40
3.3 9.45 1.55115e-40
3.3 9.5 2.59078e-41
3.3 9.55 4.2416e-42
3.3 9.6 6.80688e-43
3.3 9.65 1.07075e-43
3.3 9.7 1.651e-44
3.3 9.75 2.49532e-45
3.3 9.8 3.69681e-46
3.3 9.85 5.36845e-47
3.3 9.9 7.64173e-48
3.3 9.95 1.0587e-48
3.3 10 0
3.35 0 0
3.35 0.05 2.06874e-48
3.35 0.1 1.49315e-47
3.35 0.15 1.04897e-46
3.35 0.2 7.22339e-46
3.35 0.25 4.87575e-45
3.35 0.3 3.22599e-44
3.35 0.35 2.09221e-43
3.35 0.4 1.33005e-42
3.35 0.45 8.288e-42
3.35 0.5 5.06235e-41
3.35 0.55 3.03092e-40
3.35 0.6 1.77876e-39
3.35 0.65 1.02325e-38
3.35 0.7 5.76981e-38
3.35 0.75 3.18906e-37
3.35 0.8 1.72776e-36
3.35 0.85 9.17535e-36
3.35 0.9 4.77618e-35
3.35 0.95 2.43701e-34
3.35 1 1.21886e-33
3.35 1.05 5.97541e-33
3.35 1.1 2.87145e-32
3.35 1.15 1.35254e-31
3.35 1.2 6.24483e-31
3.35 1.25 2.82623e-30
3.35 1.3 1.25376e-29
3.35 1.35 5.45175e-29
3.35 1.4 2.32368e-28
3.35 1.45 9.7081e-28
3.35 1.5 3.97567e-27
3.35 1.55 1.59589e-26
3.35 1.6 6.27932e-26
3.35 1.65 2.42181e-25
3.35 1.7 9.15555e-25
3.35 1.75 3.3927e-24
3.35 1.8 1.23232e-23
3.35 1.85 4.38752e-23
3.35 1.9 1.5312e-22
3.35 1.95 5.23792e-22
3.35 2 1.75632e-21
3.35 2.05 5.77252e-21
3.35 2.1 1.8597e-20
3.35 2.15 5.87268e-20
3.35 2.2 1.8178e-19
3.35 2.25 5.51535e-19
3.35 2.3 1.64027e-18
3.35 2.35 4.7816e-18
3.35 2.4 1.3663e-17
3.35 2.45 3.82681e-17
3.35 2.5 1.05061e-16
3.35 2.55 2.82725e-16
3.35 2.6 7.45764e-16
3.35 2.65 1.92821e-15
3.35 2.7 4.88678e-15
3.35 2.75 1.21396e-14
3.35 2.8 2.95601e-14
3.35 2.85 7.05537e-14
3.35 2.9 1.65063e-13
3.35 2.95 3.78525e-13
3.35 3 8.50853e-13
3.35 3.05 1.87469e-12
3.35 3.1 4.04874e-12
3.35 3.15 8.57089e-12
3.35 3.2 1.77847e-11
3.35 3.25 3.61728e-11
3.35 3.3 7.21162e-11
3.35 3.35 1.40928e-10
3.35 3.4 2.69947e-10
3.35 3.45 5.06843e-10
3.35 3.5 9.32788e-10
3.35 3.55 1.6827e-09
3.35 3.6 2.97541e-09
3.35 3.65 5.15705e-09
3.35 3.7 8.76132e-09
3.35 3.75 1.45899e-08
3.35 3.8 2.3815e-08
3.35 3.85 3.81034e-08
3.35 3.9 5.97572e-08
3.35 3.95 9.18612e-08
3.35 4 1.38417e-07
3.35 4.05 2.04437e-07
3.35 4.1 2.95967e-07
3.35 4.15 4.19994e-07
3.35 4.2 5.84194e-07
3.35 4.25 7.96499e-07
3.35 4.3 1.06446e-06
3.35 4.35 1.39439e-06
3.35 4.4 1.79042e-06
3.35 4.45 2.25342e-06
3.35 4.5 2.77998e-06
3.35 4.55 3.36168e-06
3.35 4.6 3.9846e-06
3.35 4.65 4.62943e-06
3.35 4.7 5.27211e-06
3.35 4.75 5.88513e-06
3.35 4.8 6.43935e-06
3.35 4.85 6.90625e-06
3.35 4.9 7.26033e-06
3.35 4.95 7.48144e-06
3.35 5 7.55663e-06
3.35 5.05 7.48144e-06
3.35 5.1 7.26033e-06
3.35 5.15 6.90625e-06
3.35 5.2 6.43935e-06
3.35 5.25 5.88513e-06
3.35 5.3 5.27211e-06
3.35 5.35 4.62943e-06
3.35 5.4 3.9846e-06
3.35 5.45 3.36168e-06
3.35 5.5 2.77998e-06
3.35 5.55 2.25342e-06
3.35 5.6 1.79042e-06
3.35 5.65 1.39439e-06
3.35 5.7 1.06446e-06
3.35 5.75 7.96499e-07
3.35 5.8 5.84194e-07
3.35 5.85 4.19994e-07
3.35 5.9 2.95967e-07
3.35 5.95 2.04437e-07
3.35 6 1.38417e-07
3.35 6.05 9.18612e-08
3.35 6.1 5.97572e-08
3.35 6.15 3.81034e-08
3.35 6.2 2.3815e-08
3.35 6.25 1.45899e-08
3.35 6.3 8.76132e-09
3.35 6.35 5.15705e-09
3.35 6.4 2.97541e-09
3.35 6.45 1.6827e-09
3.35 6.5 9.32788e-10
3.35 6.55 5.06843e-10
3.35 6.6 2.69947e-10
3.35 6.65 1.40928e-10
3.35 6.7 7.21162e-11
3.35 6.75 3.61728e-11
3.35 6.8 1.77847e-11
3.35 6.85 8.57089e-12
3.35 6.9 4.04874e-12
3.35 6.95 1.87469e-12
3.35 7 8.50853e-13
3.35 7.05 3.78525e-13
3.35 7.1 1.65063e-13
3.35 7.15 7.05537e-14
3.35 7.2 2.95601e-14
3.35 7.25 1.21396e-14
3.35 7.3 4.88678e-15
3.35 7.35 1.92821e-15
3.35 7.4 7.45764e-16
3.35 7.45 2.82725e-16
3.35 7.5 1.05061e-16
3.35 7.55 3.82681e-17
3.35 7.6 1.3663e-17
3.35 7.65 4.7816e-18
3.35 7.7 1.64027e-18
3.35 7.75 5.51535e-19
3.35 7.8 1.8178e-19
3.35 7.85 5.87268e-20
3.35 7.9 1.8597e-20
3.35 7.95 5.77252e-21
3.35 8 1.75632e-21
3.35 8.05 5.23792e-22
3.35 8.1 1.5312e-22
3.35 8.15 4.38752e-23
3.35 8.2 1.23232e-23
3.35 8.25 3.3927e-24
3.35 8.3 9.15555e-25
3.35 8.35 2.42181e-25
3.35 8.4 6.27932e-26
3.35 8.45 1.59589e-26
3.35 8.5 3.97567e-27
3.35 8.55 9.7081e-28
3.35 8.6 2.32368e-28
3.35 8.65 5.45175e-29
3.35 8.7 1.25376e-29
3.35 8.75 2.82623e-30
3.35 8.8 6.24483e-31
3.35 8.85 1.35254e-31
3.35 8.9 2.87145e-32
3.35 8.95 5.97541e-33
3.35 9 1.21886e-33
3.35 9.05 2.43701e-34
3.35 9.1 4.77618e-35
3.35 9.15 9.17535e-36
3.35 9.2 1.72776e-36
3.35 9.25 3.18906e-37
3.35 9.3 5.76981e-38
3.35 9.35 1.02325e-38
3.35 9.4 1.77876e-39
3.35 9.45 3.03092e-40
3.35 9.5 5.06235e-41
3.35 9.55 8.288e-42
3.35 9.6 1.33005e-42
3.35 9.65 2.09221e-43
3.35 9.7 3.22599e-44
3.35 9.75 4.87575e-45
3.35 9.8 7.22339e-46
3.35 9.85 1.04897e-46
3.35 9.9 1.49315e-47
3.35 9.95 2.06874e-48
3.35 10 0
3.4 0 0
3.4 0.05 3.96236e-48
3.4 0.1 2.85977e-47
3.4 0.15 2.00905e-46
3.4 0.2 1.38348e-45
3.4 0.25 9.33842e-45
3.4 0.3 6.17868e-44
3.4 0.35 4.00718e-43
3.4 0.4 2.54743e-42
3.4 0.45 1.5874e-41
3.4 0.5 9.69594e-41
3.4 0.55 5.80516e-40
3.4 0.6 3.40689e-39
3.4 0.65 1.95984e-38
3.4 0.7 1.10511e-37
3.4 0.75 6.1081e-37
3.4 0.8 3.30923e-36
3.4 0.85 1.75739e-35
3.4 0.9 9.14802e-35
3.4 0.95 4.66772e-34
3.4 1 2.33454e-33
3.4 1.05 1.1445e-32
3.4 1.1 5.49985e-32
3.4 1.15 2.59061e-31
3.4 1.2 1.19611e-30
3.4 1.25 5.41329e-30
3.4 1.3 2.40141e-29
3.4 1.35 1.04422e-28
3.4 1.4 4.45074e-28
3.4 1.45 1.85948e-27
3.4 1.5 7.61496e-27
3.4 1.55 3.05676e-26
3.4 1.6 1.20274e-25
3.4 1.65 4.63874e-25
3.4 1.7 1.75366e-24
3.4 1.75 6.49842e-24
3.4 1.8 2.36041e-23
3.4 1.85 8.40393e-23
3.4 1.9 2.93288e-22
3.4 1.95 1.00328e-21
3.4 2 3.3641e-21
3.4 2.05 1.10568e-20
3.4 2.1 3.56213e-20
3.4 2.15 1.12487e-19
3.4 2.2 3.48189e-19
3.4 2.25 1.05643e-18
3.4 2.3 3.14184e-18
3.4 2.35 9.1589e-18
3.4 2.4 2.61709e-17
3.4 2.45 7.33008e-17
3.4 2.5 2.0124e-16
3.4 2.55 5.41548e-16
3.4 2.6 1.42848e-15
3.4 2.65 3.69341e-15
3.4 2.7 9.36045e-15
3.4 2.75 2.32531e-14
3.4 2.8 5.66214e-14
3.4 2.85 1.35144e-13
3.4 2.9 3.16174e-13
3.4 2.95 7.25055e-13
3.4 3 1.62979e-12
3.4 3.05 3.59094e-12
3.4 3.1 7.7553e-12
3.4 3.15 1.64174e-11
3.4 3.2 3.40663e-11
3.4 3.25 6.92886e-11
3.4 3.3 1.38138e-10
3.4 3.35 2.69947e-10
3.4 3.4 5.17081e-10
3.4 3.45 9.70855e-10
3.4 3.5 1.78675e-09
3.4 3.55 3.22322e-09
3.4 3.6 5.6994e-09
3.4 3.65 9.87833e-09
3.4 3.7 1.67823e-08
3.4 3.75 2.7947e-08
3.4 3.8 4.56178e-08
3.4 3.85 7.29872e-08
3.4 3.9 1.14465e-07
3.4 3.95 1.75961e-07
3.4 4 2.65138e-07
3.4 4.05 3.916e-07
3.4 4.1 5.66928e-07
3.4 4.15 8.04503e-07
3.4 4.2 1.11903e-06
3.4 4.25 1.5257e-06
3.4 4.3 2.03898e-06
3.4 4.35 2.67098e-06
3.4 4.4 3.42959e-06
3.4 4.45 4.31646e-06
3.4 4.5 5.3251e-06
3.4 4.55 6.43935e-06
3.4 4.6 7.63257e-06
3.4 4.65 8.86776e-06
3.4 4.7 1.00988e-05
3.4 4.75 1.12731e-05
3.4 4.8 1.23347e-05
3.4 4.85 1.32291e-05
3.4 4.9 1.39073e-05
3.4 4.95 1.43308e-05
3.4 5 1.44749e-05
3.4 5.05 1.43308e-05
3.4 5.1 1.39073e-05
3.4 5.15 1.32291e-05
3.4 5.2 1.23347e-05
3.4 5.25 1.12731e-05
3.4 5.3 1.00988e-05
3.4 5.35 8.86776e-06
3.4 5.4 7.63257e-06
3.4 5.45 6.43935e-06
3.4 5.5 5.3251e-06
3.4 5.55 4.31646e-06
3.4 5.6 3.42959e-06
3.4 5.65 2.67098e-06
3.4 5.7 2.03898e-06
3.4 5.75 1.5257e-06
3.4 5.8 1.11903e-06
3.4 5.85 8.04503e-07
3.4 5.9 5.66928e-07
3.4 5.95 3.916e-07
3.4 6 2.65138e-07
3.4 6.05 1.75961e-07
3.4 6.1 1.14465e-07
3.4 6.15 7.29872e-08
3.4 6.2 4.56178e-08
3.4 6.25 2.7947e-08
3.4 6.3 1.67823e-08
3.4 6.35 9.87833e-09
3.4 6.4 5.6994e-09
3.4 6.45 3.22322e-09
3.4 6.5 1.78675e-09
3.4 6.55 9.70855e-10
3.4 6.6 5.17081e-10
3.4 6.65 2.69947e-10
3.4 6.7 1.38138e-10
3.4 6.75 6.92886e-11
3.4 6.8 3.40663e-11
3.4 6.85 1.64174e-11
3.4 6.9 7.7553e-12
3.4 6.95 3.59094e-12
3.4 7 1.62979e-12
3.4 7.05 7.25055e-13
3.4 7.1 3.16174e-13
3.4 7.15 1.35144e-13
3.4 7.2 5.66214e-14
3.4 7.25 2.32531e-14
3.4 7.3 9.36045e-15
3.4 7.35 3.69341e-15
3.4 7.4 1.42848e-15
3.4 7.45 5.41548e-16
3.4 7.5 2.0124e-16
3.4 7.55 7.33008e-17
3.4 7.6 2.61709e-17
3.4 7.65 9.1589e-18
3.4 7.7 3.14184e-18
3.4 7.75 1.05643e-18
3.4 7.8 3.48189e-19
3.4 7.85 1.12487e-19
3.4 7.9 3.56213e-20
3.4 7.95 1.10568e-20
3.4 8 3.3641e-21
3.4 8.05 1.00328e-21
3.4 8.1 2.93288e-22
3.4 8.15 8.40393e-23
3.4 8.2 2.36041e-23
3.4 8.25 6.49842e-24
3.4 8.3 1.75366e-24
3.4 8.35 4.63874e-25
3.4 8.4 1.20274e-25
3.4 8.45 3.05676e-26
3.4 8.5 7.61496e-27
3.4 8.55 1.85948e-27
3.4 8.6 4.45074e-28
3.4 8.65 1.04422e-28
3.4 8.7 2.40141e-29
3.4 8.75 5.41329e-30
3.4 8.8 1.19611e-30
3.4 8.85 2.59061e-31
3.4 8.9 5.49985e-32
3.4 8.95 1.1445e-32
3.4 9 2.33454e-33
3.4 9.05 4.66772e-34
3.4 9.1 9.14802e-35
3.4 9.15 1.75739e-35
3.4 9.2 3.30923e-36
3.4 9.25 6.1081e-37
3.4 9.3 1.10511e-37
3.4 9.35 1.95984e-38
3.4 9.4 3.40689e-39
3.4 9.45 5.80516e-40
3.4 9.5 9.69594e-41
3.4 9.55 1.5874e-41
3.4 9.6 2.54743e-42
3.4 9.65 4.00718e-43
3.4 9.7 6.17868e-44
3.4 9.75 9.33842e-45
3.4 9.8 1.38348e-45
3.4 9.85 2.00905e-46
3.4 9.9 2.85977e-47
3.4 9.95 3.96236e-48
3.4 10 0
3.45 0 0
3.45 0.05 7.43904e-48
3.45 0.1 5.36879e-47
3.45 0.15 3.7717e-46
3.45 0.2 2.59728e-45
3.45 0.25 1.75316e-44
3.45 0.3 1.15997e-43
3.45 0.35 7.52297e-43
3.45 0.4 4.78249e-42
3.45 0.45 2.98016e-41
3.45 0.5 1.8203e-40
3.45 0.55 1.08986e-39
3.45 0.6 6.39608e-39
3.45 0.65 3.67941e-38
3.45 0.7 2.07473e-37
3.45 0.75 1.14674e-36
3.45 0.8 6.2128e-36
3.45 0.85 3.29935e-35
3.45 0.9 1.71747e-34
3.45 0.95 8.76332e-34
3.45 1 4.38295e-33
3.45 1.05 2.14873e-32
3.45 1.1 1.03256e-31
3.45 1.15 4.86373e-31
3.45 1.2 2.24564e-30
3.45 1.25 1.01632e-29
3.45 1.3 4.50855e-29
3.45 1.35 1.96047e-28
3.45 1.4 8.3561e-28
3.45 1.45 3.49111e-27
3.45 1.5 1.42969e-26
3.45 1.55 5.73898e-26
3.45 1.6 2.25812e-25
3.45 1.65 8.70915e-25
3.45 1.7 3.29247e-24
3.45 1.75 1.22007e-23
3.45 1.8 4.43164e-23
3.45 1.85 1.57783e-22
3.45 1.9 5.50648e-22
3.45 1.95 1.88367e-21
3.45 2 6.31612e-21
3.45 2.05 2.07593e-20
3.45 2.1 6.68793e-20
3.45 2.15 2.11197e-19
3.45 2.2 6.5373e-19
3.45 2.25 1.98347e-18
3.45 2.3 5.89888e-18
3.45 2.35 1.71961e-17
3.45 2.4 4.91365e-17
3.45 2.45 1.37624e-16
3.45 2.5 3.77835e-16
3.45 2.55 1.01677e-15
3.45 2.6 2.68203e-15
3.45 2.65 6.93452e-15
3.45 2.7 1.75746e-14
3.45 2.75 4.36587e-14
3.45 2.8 1.06309e-13
3.45 2.85 2.53738e-13
3.45 2.9 5.93631e-13
3.45 2.95 1.36133e-12
3.45 3 3.06002e-12
3.45 3.05 6.74218e-12
3.45 3.1 1.4561e-11
3.45 3.15 3.08246e-11
3.45 3.2 6.39616e-11
3.45 3.25 1.30094e-10
3.45 3.3 2.59362e-10
3.45 3.35 5.06843e-10
3.45 3.4 9.70855e-10
3.45 3.45 1.82285e-09
3.45 3.5 3.35475e-09
3.45 3.55 6.05182e-09
3.45 3.6 1.0701e-08
3.45 3.65 1.85473e-08
3.45 3.7 3.15101e-08
3.45 3.75 5.24727e-08
3.45 3.8 8.56509e-08
3.45 3.85 1.37039e-07
3.45 3.9 2.14918e-07
3.45 3.95 3.30381e-07
3.45 4 4.97819e-07
3.45 4.05 7.35262e-07
3.45 4.1 1.06446e-06
3.45 4.15 1.51052e-06
3.45 4.2 2.10107e-06
3.45 4.25 2.86464e-06
3.45 4.3 3.82836e-06
3.45 4.35 5.01499e-06
3.45 4.4 6.43935e-06
3.45 4.45 8.10453e-06
3.45 4.5 9.99835e-06
3.45 4.55 1.20905e-05
3.45 4.6 1.43308e-05
3.45 4.65 1.665e-05
3.45 4.7 1.89615e-05
3.45 4.75 2.11662e-05
3.45 4.8 2.31595e-05
3.45 4.85 2.48388e-05
3.45 4.9 2.61122e-05
3.45 4.95 2.69075e-05
3.45 5 2.71779e-05
3.45 5.05 2.69075e-05
3.45 5.1 2.61122e-05
3.45 5.15 2.48388e-05
3.45 5.2 2.31595e-05
3.45 5.25 2.11662e-05
3.45 5.3 1.89615e-05
3.45 5.35 1.665e-05
3.45 5.4 1.43308e-05
3.45 5.45 1.20905e-05
3.45 5.5 9.99835e-06
3.45 5.55 8.10453e-06
3.45 5.6 6.43935e-06
3.45 5.65 5.01499e-06
3.45 5.7 3.82836e-06
3.45 5.75 2.86464e-06
3.45 5.8 2.10107e-06
3.45 5.85 1.51052e-06
3.45 5.9 1.06446e-06
3.45 5.95 7.35262e-07
3.45 6 4.97819e-07
3.45 6.05 3.30381e-07
3.45 6.1 2.14918e-07
3.45 6.15 1.37039e-07
3.45 6.2 8.56509e-08
3.45 6.25 5.24727e-08
3.45 6.3 3.15101e-08
3.45 6.35 1.85473e-08
3.45 6.4 1.0701e-08
3.45 6.45 6.05182e-09
3.45 6.5 3.35475e-09
3.45 6.55 1.82285e-09
3.45 6.6 9.70855e-10
3.45 6.65 5.06843e-10
3.45 6.7 2.59362e-10
3.45 6.75 1.30094e-10
3.45 6.8 6.39616e-11
3.45 6.85 3.08246e-11
3.45 6.9 1.4561e-11
3.45 6.95 6.74218e-12
3.45 7 3.06002e-12
3.45 7.05 1.36133e-12
3.45 7.1 5.93631e-13
3.45 7.15 2.53738e-13
3.45 7.2 1.06309e-13
3.45 7.25 4.36587e-14
3.45 7.3 1.75746e-14
3.45 7.35 6.93452e-15
3.45 7.4 2.68203e-15
3.45 7.45 1.01677e-15
3.45 7.5 3.77835e-16
3.45 7.55 1.37624e-16
3.45 7.6 4.91365e-17
3.45 7.65 1.71961e-17
3.45 7.7 5.89888e-18
3.45 7.75 1.98347e-18
3.45 7.8 6.5373e-19
3.45 7.85 2.11197e-19
3.45 7.9 6.68793e-20
3.45 7.95 2.07593e-20
3.45 8 6.31612e-21
3.45 8.05 1.88367e-21
3.45 8.1 5.50648e-22
3.45 8.15 1.57783e-22
3.45 8.2 4.43164e-23
3.45 8.25 1.22007e-23
3.45 8.3 3.29247e-24
3.45 8.35 8.70915e-25
3.45 8.4 2.25812e-25
3.45 8.45 5.73898e-26
3.45 8.5 1.42969e-26
3.45 8.55 3.49111e-27
3.45 8.6 8.3561e-28
3.45 8.65 1.96047e-28
3.45 8.7 4.50855e-29
3.45 8.75 1.01632e-29
3.45 8.8 2.24564e-30
3.45 8.85 4.86373e-31
3.45 8.9 1.03256e-31
3.45 8.95 2.14873e-32
3.45 9 4.38295e-33
3.45 9.05 8.76332e-34
3.45 9.1 1.71747e-34
3.45 9.15 3.29935e-35
3.45 9.2 6.2128e-36
3.45 9.25 1.14674e-36
3.45 9.3 2.07473e-37
3.45 9.35 3.67941e-38
3.45 9.4 6.39608e-39
3.45 9.45 1.08986e-39
3.45 9.5 1.8203e-40
3.45 9.55 2.98016e-41
3.45 9.6 4.78249e-42
3.45 9.65 7.52297e-43
3.45 9.7 1.15997e-43
3.45 9.75 1.75316e-44
3.45 9.8 2.59728e-45
3.45 9.85 3.7717e-46
3.45 9.9 5.36879e-47
3.45 9.95 7.43904e-48
3.45 10 0
3.5 0 0
3.5 0.05 1.36898e-47
3.5 0.1 9.87955e-47
3.5 0.15 6.94063e-46
3.5 0.2 4.7795e-45
3.5 0.25 3.22616e-44
3.5 0.3 2.13457e-43
3.5 0.35 1.38438e-42
3.5 0.4 8.80079e-42
3.5 0.45 5.48413e-41
3.5 0.5 3.34976e-40
3.5 0.55 2.00558e-39
3.5 0.6 1.17703e-38
3.5 0.65 6.77098e-38
3.5 0.7 3.818e-37
3.5 0.75 2.11028e-36
3.5 0.8 1.14331e-35
3.5 0.85 6.07164e-35
3.5 0.9 3.16058e-34
3.5 0.95 1.61268e-33
3.5 1 8.06578e-33
3.5 1.05 3.95424e-32
3.5 1.1 1.9002e-31
3.5 1.15 8.95061e-31
3.5 1.2 4.13261e-30
3.5 1.25 1.87031e-29
3.5 1.3 8.29702e-29
3.5 1.35 3.60784e-28
3.5 1.4 1.53777e-27
3.5 1.45 6.42467e-27
3.5 1.5 2.63105e-26
3.5 1.55 1.05615e-25
3.5 1.6 4.15563e-25
3.5 1.65 1.60275e-24
3.5 1.7 6.05918e-24
3.5 1.75 2.24531e-23
3.5 1.8 8.15563e-23
3.5 1.85 2.90372e-22
3.5 1.9 1.01337e-21
3.5 1.95 3.46656e-21
3.5 2 1.16237e-20
3.5 2.05 3.8204e-20
3.5 2.1 1.2308e-19
3.5 2.15 3.88673e-19
3.5 2.2 1.20309e-18
3.5 2.25 3.65027e-18
3.5 2.3 1.0856e-17
3.5 2.35 3.16468e-17
3.5 2.4 9.04284e-17
3.5 2.45 2.53278e-16
3.5 2.5 6.95351e-16
3.5 2.55 1.87123e-15
3.5 2.6 4.9359e-15
3.5 2.65 1.2762e-14
3.5 2.7 3.23437e-14
3.5 2.75 8.03481e-14
3.5 2.8 1.95648e-13
3.5 2.85 4.66973e-13
3.5 2.9 1.0925e-12
3.5 2.95 2.50536e-12
3.5 3 5.63159e-12
3.5 3.05 1.24082e-11
3.5 3.1 2.67978e-11
3.5 3.15 5.67292e-11
3.5 3.2 1.17714e-10
3.5 3.25 2.39422e-10
3.5 3.3 4.77328e-10
3.5 3.35 9.32788e-10
3.5 3.4 1.78675e-09
3.5 3.45 3.35475e-09
3.5 3.5 6.17407e-09
3.5 3.55 1.11377e-08
3.5 3.6 1.96942e-08
3.5 3.65 3.41344e-08
3.5 3.7 5.79912e-08
3.5 3.75 9.65708e-08
3.5 3.8 1.57632e-07
3.5 3.85 2.52207e-07
3.5 3.9 3.95536e-07
3.5 3.95 6.08034e-07
3.5 4 9.16188e-07
3.5 4.05 1.35318e-06
3.5 4.1 1.95903e-06
3.5 4.15 2.77998e-06
3.5 4.2 3.86684e-06
3.5 4.25 5.27211e-06
3.5 4.3 7.04576e-06
3.5 4.35 9.22965e-06
3.5 4.4 1.18511e-05
3.5 4.45 1.49157e-05
3.5 4.5 1.84011e-05
3.5 4.55 2.22514e-05
3.5 4.6 2.63747e-05
3.5 4.65 3.06429e-05
3.5 4.7 3.4897e-05
3.5 4.75 3.89546e-05
3.5 4.8 4.26231e-05
3.5 4.85 4.57136e-05
3.5 4.9 4.80574e-05
3.5 4.95 4.95209e-05
3.5 5 5.00186e-05
3.5 5.05 4.95209e-05
3.5 5.1 4.80574e-05
3.5 5.15 4.57136e-05
3.5 5.2 4.26231e-05
3.5 5.25 3.89546e-05
3.5 5.3 3.4897e-05
3.5 5.35 3.06429e-05
3.5 5.4 2.63747e-05
3.5 5.45 2.22514e-05
3.5 5.5 1.84011e-05
3.5 5.55 1.49157e-05
3.5 5.6 1.18511e-05
3.5 5.65 9.22965e-06
3.5 5.7 7.04576e-06
3.5 5.75 5.27211e-06
3.5 5.8 3.86684e-06
3.5 5.85 2.77998e-06
3.5 5.9 1.95903e-06
3.5 5.95 1.35318e-06
3.5 6 9.16188e-07
3.5 6.05 6.08034e-07
3.5 6.1 3.95536e-07
3.5 6.15 2.52207e-07
3.5 6.2 1.57632e-07
3.5 6.25 9.65708e-08
3.5 6.3 5.79912e-08
3.5 6.35 3.41344e-08
3.5 6.4 1.96942e-08
3.5 6.45 1.11377e-08
3.5 6.5 6.17407e-09
3.5 6.55 3.35475e-09
3.5 6.6 1.78675e-09
3.5 6.65 9.32788e-10
3.5 6.7 4.77328e-10
3.5 6.75 2.39422e-10
3.5 6.8 1.17714e-10
3.5 6.85 5.67292e-11
3.5 6.9 2.67978e-11
3.5 6.95 1.24082e-11
3.5 7 5.63159e-12
3.5 7.05 2.50536e-12
3.5 7.1 1.0925e-12
3.5 7.15 4.66973e-13
3.5 7.2 1.95648e-13
3.5 7.25 8.03481e-14
3.5 7.3 3.23437e-14
3.5 7.35 1.2762e-14
3.5 7.4 4.9359e-15
3.5 7.45 1.87123e-15
3.5 7.5 6.95351e-16
3.5 7.55 2.53278e-16
3.5 7.6 9.04284e-17
3.5 7.65 3.16468e-17
3.5 7.7 1.0856e-17
3.5 7.75 3.65027e-18
3.5 7.8 1.20309e-18
3.5 7.85 3.88673e-19
3.5 7.9 1.2308e-19
3.5 7.95 3.8204e-20
3.5 8 1.16237e-20
3.5 8.05 3.46656e-21
3.5 8.1 1.01337e-21
3.5 8.15 2.90372e-22
3.5 8.2 8.15563e-23
3.5 8.25 2.24531e-23
3.5 8.3 6.05918e-24
3.5 8.35 1.60275e-24
3.5 8.4 4.15563e-25
3.5 8.45 1.05615e-25
3.5 8.5 2.63105e-26
3.5 8.55 6.42467e-27
3.5 8.6 1.53777e-27
3.5 8.65 3.60784e-28
3.5 8.7 8.29702e-29
3.5 8.75 1.87031e-29
3.5 8.8 4.13261e-30
3.5 8.85 8.95061e-31
3.5 8.9 1.9002e-31
3.5 8.95 3.95424e-32
3.5 9 8.06578e-33
3.5 9.05 1.61268e-33
3.5 9.1 3.16058e-34
3.5 9.15 6.07164e-35
3.5 9.2 1.14331e-35
3.5 9.25 2.11028e-36
3.5 9.3 3.818e-37
3.5 9.35 6.77098e-38
3.5 9.4 1.17703e-38
3.5 9.45 2.00558e-39
3.5 9.5 3.34976e-40
3.5 9.55 5.48413e-41
3.5 9.6 8.80079e-42
3.5 9.65 1.38438e-42
3.5 9.7 2.13457e-43
3.5 9.75 3.22616e-44
3.5 9.8 4.7795e-45
3.5 9.85 6.94063e-46
3.5 9.9 9.87955e-47
3.5 9.95 1.36898e-47
3.5 10 0
3.55 0 0
3.55 0.05 2.4694e-47
3.55 0.1 1.78203e-46
3.55 0.15 1.25192e-45
3.55 0.2 8.62108e-45
3.55 0.25 5.81925e-44
3.55 0.3 3.85028e-43
3.55 0.35 2.49712e-42
3.55 0.4 1.58747e-41
3.55 0.45 9.8922e-41
3.55 0.5 6.04227e-40
3.55 0.55 3.61765e-39
3.55 0.6 2.12312e-38
3.55 0.65 1.22135e-37
3.55 0.7 6.88694e-37
3.55 0.75 3.80655e-36
3.55 0.8 2.06232e-35
3.55 0.85 1.09521e-34
3.55 0.9 5.70114e-34
3.55 0.95 2.90899e-33
3.55 1 1.45493e-32
3.55 1.05 7.1328e-32
3.55 1.1 3.42765e-31
3.55 1.15 1.61455e-30
3.55 1.2 7.45459e-30
3.55 1.25 3.37376e-29
3.55 1.3 1.49666e-28
3.55 1.35 6.50802e-28
3.55 1.4 2.77391e-27
3.55 1.45 1.15892e-26
3.55 1.5 4.74606e-26
3.55 1.55 1.90515e-25
3.55 1.6 7.49623e-25
3.55 1.65 2.89117e-24
3.55 1.7 1.093e-23
3.55 1.75 4.05028e-23
3.55 1.8 1.47118e-22
3.55 1.85 5.23798e-22
3.55 1.9 1.82801e-21
3.55 1.95 6.25331e-21
3.55 2 2.0968e-20
3.55 2.05 6.89162e-20
3.55 2.1 2.22025e-19
3.55 2.15 7.01129e-19
3.55 2.2 2.17025e-18
3.55 2.25 6.58475e-18
3.55 2.3 1.95832e-17
3.55 2.35 5.7088e-17
3.55 2.4 1.63125e-16
3.55 2.45 4.56892e-16
3.55 2.5 1.25436e-15
3.55 2.55 3.37555e-15
3.55 2.6 8.90398e-15
3.55 2.65 2.30218e-14
3.55 2.7 5.83458e-14
3.55 2.75 1.44942e-13
3.55 2.8 3.52936e-13
3.55 2.85 8.42389e-13
3.55 2.9 1.97081e-12
3.55 2.95 4.51951e-12
3.55 3 1.0159e-11
3.55 3.05 2.23836e-11
3.55 3.1 4.83417e-11
3.55 3.15 1.02336e-10
3.55 3.2 2.1235e-10
3.55 3.25 4.31906e-10
3.55 3.3 8.61075e-10
3.55 3.35 1.6827e-09
3.55 3.4 3.22322e-09
3.55 3.45 6.05182e-09
3.55 3.5 1.11377e-08
3.55 3.55 2.0092e-08
3.55 3.6 3.55274e-08
3.55 3.65 6.1577e-08
3.55 3.7 1.04614e-07
3.55 3.75 1.7421e-07
3.55 3.8 2.84362e-07
3.55 3.85 4.54973e-07
3.55 3.9 7.13532e-07
3.55 3.95 1.09687e-06
3.55 4 1.65277e-06
3.55 4.05 2.44109e-06
3.55 4.1 3.53403e-06
3.55 4.15 5.01499e-06
3.55 4.2 6.97565e-06
3.55 4.25 9.51073e-06
3.55 4.3 1.27103e-05
3.55 4.35 1.665e-05
3.55 4.4 2.1379e-05
3.55 4.45 2.69075e-05
3.55 4.5 3.3195e-05
3.55 4.55 4.0141e-05
3.55 4.6 4.75792e-05
3.55 4.65 5.5279e-05
3.55 4.7 6.29532e-05
3.55 4.75 7.02731e-05
3.55 4.8 7.6891e-05
3.55 4.85 8.24661e-05
3.55 4.9 8.66942e-05
3.55 4.95 8.93344e-05
3.55 5 9.02322e-05
3.55 5.05 8.93344e-05
3.55 5.1 8.66942e-05
3.55 5.15 8.24661e-05
3.55 5.2 7.6891e-05
3.55 5.25 7.02731e-05
3.55 5.3 6.29532e-05
3.55 5.35 5.5279e-05
3.55 5.4 4.75792e-05
3.55 5.45 4.0141e-05
3.55 5.5 3.3195e-05
3.55 5.55 2.69075e-05
3.55 5.6 2.1379e-05
3.55 5.65 1.665e-05
3.55 5.7 1.27103e-05
3.55 5.75 9.51073e-06
3.55 5.8 6.97565e-06
3.55 5.85 5.01499e-06
3.55 5.9 3.53403e-06
3.55 5.95 2.44109e-06
3.55 6 1.65277e-06
3.55 6.05 1.09687e-06
3.55 6.1 7.13532e-07
3.55 6.15 4.54973e-07
3.55 6.2 2.84362e-07
3.55 6.25 1.7421e-07
3.55 6.3 1.04614e-07
3.55 6.35 6.1577e-08
3.55 6.4 3.55274e-08
3.55 6.45 2.0092e-08
3.55 6.5 1.11377e-08
3.55 6.55 6.05182e-09
3.55 6.6 3.22322e-09
3.55 6.65 1.6827e-09
3.55 6.7 8.61075e-10
3.55 6.75 4.31906e-10
3.55 6.8 2.1235e-10
3.55 6.85 1.02336e-10
3.55 6.9 4.83417e-11
3.55 6.95 2.23836e-11
3.55 7 1.0159e-11
3.55 7.05 4.51951e-12
3.55 7.1 1.97081e-12
3.55 7.15 8.42389e-13
3.55 7.2 3.52936e-13
3.55 7.25 1.44942e-13
3.55 7.3 5.83458e-14
3.55 7.35 2.30218e-14
3.55 7.4 8.90398e-15
3.55 7.45 3.37555e-15
3.55 7.5 1.25436e-15
3.55 7.55 4.56892e-16
3.55 7.6 1.63125e-16
3.55 7.65 5.7088e-17
3.55 7.7 1.95832e-17
3.55 7.75 6.58475e-18
3.55 7.8 2.17025e-18
3.55 7.85 7.01129e-19
3.55 7.9 2.22025e-19
3.55 7.95 6.89162e-20
3.55 8 2.0968e-20
3.55 8.05 6.25331e-21
3.55 8.1 1.82801e-21
3.55 8.15 5.23798e-22
3.55 8.2 1.47118e-22
3.55 8.25 4.05028e-23
3.55 8.3 1.093e-23
3.55 8.35 2.89117e-24
3.55 8.4 7.49623e-25
3.55 8.45 1.90515e-25
3.55 8.5 4.74606e-26
3.55 8.55 1.15892e-26
3.55 8.6 2.77391e-27
3.55 8.65 6.50802e-28
3.55 8.7 1.49666e-28
3.55 8.75 3.37376e-29
3.55 8.8 7.45459e-30
3.55 8.85 1.61455e-30
3.55 8.9 3.42765e-31
3.55 8.95 7.1328e-32
3.55 9 1.45493e-32
3.55 9.05 2.90899e-33
3.55 9.1 5.70114e-34
3.55 9.15 1.09521e-34
3.55 9.2 2.06232e-35
3.55 9.25 3.80655e-36
3.55 9.3 6.88694e-37
3.55 9.35 1.22135e-37
3.55 9.4 2.12312e-38
3.55 9.45 3.61765e-39
3.55 9.5 6.04227e-40
3.55 9.55 9.8922e-41
3.55 9.6 1.58747e-41
3.55 9.65 2.49712e-42
3.55 9.7 3.85028e-43
3.55 9.75 5.81925e-44
3.55 9.8 8.62108e-45
3.55 9.85 1.25192e-45
3.55 9.9 1.78203e-46
3.55 9.95 2.4694e-47
3.55 10 0
3.6 0 0
3.6 0.05 4.36618e-47
3.6 0.1 3.15071e-46
3.6 0.15 2.21346e-45
3.6 0.2 1.52426e-44
3.6 0.25 1.02888e-43
3.6 0.3 6.80755e-43
3.6 0.35 4.41508e-42
3.6 0.4 2.80676e-41
3.6 0.45 1.74902e-40
3.6 0.5 1.06832e-39
3.6 0.55 6.39632e-39
3.6 0.6 3.75386e-38
3.6 0.65 2.15946e-37
3.6 0.7 1.21768e-36
3.6 0.75 6.73036e-36
3.6 0.8 3.64639e-35
3.6 0.85 1.93646e-34
3.6 0.9 1.00802e-33
3.6 0.95 5.14343e-33
3.6 1 2.57249e-32
3.6 1.05 1.26117e-31
3.6 1.1 6.06051e-31
3.6 1.15 2.85473e-30
3.6 1.2 1.31807e-29
3.6 1.25 5.96527e-29
3.6 1.3 2.6463e-28
3.6 1.35 1.15071e-27
3.6 1.4 4.90468e-27
3.6 1.45 2.04915e-26
3.6 1.5 8.39175e-26
3.6 1.55 3.3686e-25
3.6 1.6 1.32545e-24
3.6 1.65 5.11205e-24
3.6 1.7 1.9326e-23
3.6 1.75 7.16157e-23
3.6 1.8 2.6013e-22
3.6 1.85 9.26165e-22
3.6 1.9 3.23224e-21
3.6 1.95 1.1057e-20
3.6 2 3.70752e-20
3.6 2.05 1.21856e-19
3.6 2.1 3.92581e-19
3.6 2.15 1.23973e-18
3.6 2.2 3.83742e-18
3.6 2.25 1.16431e-17
3.6 2.3 3.46269e-17
3.6 2.35 1.00943e-16
3.6 2.4 2.88438e-16
3.6 2.45 8.07877e-16
3.6 2.5 2.21796e-15
3.6 2.55 5.96867e-15
3.6 2.6 1.57441e-14
3.6 2.65 4.07073e-14
3.6 2.7 1.03168e-13
3.6 2.75 2.56289e-13
3.6 2.8 6.24067e-13
3.6 2.85 1.48953e-12
3.6 2.9 3.48482e-12
3.6 2.95 7.99148e-12
3.6 3 1.79635e-11
3.6 3.05 3.95792e-11
3.6 3.1 8.54791e-11
3.6 3.15 1.80954e-10
3.6 3.2 3.75483e-10
3.6 3.25 7.63708e-10
3.6 3.3 1.52258e-09
3.6 3.35 2.97541e-09
3.6 3.4 5.6994e-09
3.6 3.45 1.0701e-08
3.6 3.5 1.96942e-08
3.6 3.55 3.55274e-08
3.6 3.6 6.28209e-08
3.6 3.65 1.08883e-07
3.6 3.7 1.84982e-07
3.6 3.75 3.08045e-07
3.6 3.8 5.02822e-07
3.6 3.85 8.04503e-07
3.6 3.9 1.2617e-06
3.6 3.95 1.93954e-06
3.6 4 2.92251e-06
3.6 4.05 4.31646e-06
3.6 4.1 6.24904e-06
3.6 4.15 8.86775e-06
3.6 4.2 1.23347e-05
3.6 4.25 1.68173e-05
3.6 4.3 2.24751e-05
3.6 4.35 2.94414e-05
3.6 4.4 3.78034e-05
3.6 4.45 4.75792e-05
3.6 4.5 5.86972e-05
3.6 4.55 7.09794e-05
3.6 4.6 8.4132e-05
3.6 4.65 9.77473e-05
3.6 4.7 0.000111317
3.6 4.75 0.000124261
3.6 4.8 0.000135963
3.6 4.85 0.000145821
3.6 4.9 0.000153297
3.6 4.95 0.000157966
3.6 5 0.000159554
3.6 5.05 0.000157966
3.6 5.1 0.000153297
3.6 5.15 0.000145821
3.6 5.2 0.000135963
3.6 5.25 0.000124261
3.6 5.3 0.000111317
3.6 5.35 9.77473e-05
3.6 5.4 8.4132e-05
3.6 5.45 7.09794e-05
3.6 5.5 5.86972e-05
3.6 5.55 4.75792e-05
3.6 5.6 3.78034e-05
3.6 5.65 2.94414e-05
3.6 5.7 2.24751e-05
3.6 5.75 1.68173e-05
3.6 5.8 1.23347e-05
3.6 5.85 8.86775e-06
3.6 5.9 6.24904e-06
3.6 5.95 4.31646e-06
3.6 6 2.92251e-06
3.6 6.05 1.93954e-06
3.6 6.1 1.2617e-06
3.6 6.15 8.04503e-07
3.6 6.2 5.02822e-07
3.6 6.25 3.08045e-07
3.6 6.3 1.84982e-07
3.6 6.35 1.08883e-07
3.6 6.4 6.28209e-08
3.6 6.45 3.55274e-08
3.6 6.5 1.96942e-08
3.6 6.55 1.0701e-08
3.6 6.6 5.6994e-09
3.6 6.65 2.97541e-09
3.6 6.7 1.52258e-09
3.6 6.75 7.63708e-10
3.6 6.8 3.75483e-10
3.6 6.85 1.80954e-10
3.6 6.9 8.54791e-11
3.6 6.95 3.95792e-11
3.6 7 1.79635e-11
3.6 7.05 7.99148e-12
3.6 7.1 3.48482e-12
3.6 7.15 1.48953e-12
3.6 7.2 6.24067e-13
3.6 7.25 2.56289e-13
3.6 7.3 1.03168e-13
3.6 7.35 4.07073e-14
3.6 7.4 1.57441e-14
3.6 7.45 5.96867e-15
3.6 7.5 2.21796e-15
3.6 7.55 8.07877e-16
3.6 7.6 2.88438e-16
3.6 7.65 1.00943e-16
3.6 7.7 3.46269e-17
3.6 7.75 1.16431e-17
3.6 7.8 3.83742e-18
3.6 7.85 1.23973e-18
3.6 7.9 3.92581e-19
3.6 7.95 1.21856e-19
3.6 8 3.70752e-20
3.6 8.05 1.1057e-20
3.6 8.1 3.23224e-21
3.6 8.15 9.26165e-22
3.6 8.2 2.6013e-22
3.6 8.25 7.16157e-23
3.6 8.3 1.9326e-23
3.6 8.35 5.11205e-24
3.6 8.4 1.32545e-24
3.6 8.45 3.3686e-25
3.6 8.5 8.39175e-26
3.6 8.55 2.04915e-26
3.6 8.6 4.90468e-27
3.6 8.65 1.15071e-27
3.6 8.7 2.6463e-28
3.6 8.75 5.96527e-29
3.6 8.8 1.31807e-29
3.6 8.85 2.85473e-30
3.6 8.9 6.06051e-31
3.6 8.95 1.26117e-31
3.6 9 2.57249e-32
3.6 9.05 5.14343e-33
3.6 9.1 1.00802e-33
3.6 9.15 1.93646e-34
3.6 9.2 3.64639e-35
3.6 9.25 6.73036e-36
3.6 9.3 1.21768e-36
3.6 9.35 2.15946e-37
3.6 9.4 3.75386e-38
3.6 9.45 6.39632e-39
3.6 9.5 1.06832e-39
3.6 9.55 1.74902e-40
3.6 9.6 2.80676e-41
3.6 9.65 4.41508e-42
3.6 9.7 6.80755e-43
3.6 9.75 1.02888e-43
3.6 9.8 1.52426e-44
3.6 9.85 2.21346e-45
3.6 9.9 3.15071e-46
3.6 9.95 4.36618e-47
3.6 10 0
3.65 0 0
3.65 0.05 7.56708e-47
3.65 0.1 5.46033e-46
3.65 0.15 3.83604e-45
3.65 0.2 2.64162e-44
3.65 0.25 1.78311e-43
3.65 0.3 1.17979e-42
3.65 0.35 7.65162e-42
3.65 0.4 4.86432e-41
3.65 0.45 3.03118e-40
3.65 0.5 1.85149e-39
3.65 0.55 1.10853e-38
3.65 0.6 6.50576e-38
3.65 0.65 3.74254e-37
3.65 0.7 2.11035e-36
3.65 0.75 1.16644e-35
3.65 0.8 6.31957e-35
3.65 0.85 3.35608e-34
3.65 0.9 1.74701e-33
3.65 0.95 8.91413e-33
3.65 1 4.45841e-32
3.65 1.05 2.18575e-31
3.65 1.1 1.05036e-30
3.65 1.15 4.9476e-30
3.65 1.2 2.28438e-29
3.65 1.25 1.03386e-28
3.65 1.3 4.58639e-28
3.65 1.35 1.99434e-27
3.65 1.4 8.5005e-27
3.65 1.45 3.55146e-26
3.65 1.5 1.45441e-25
3.65 1.55 5.83828e-25
3.65 1.6 2.29721e-24
3.65 1.65 8.85996e-24
3.65 1.7 3.34951e-23
3.65 1.75 1.24121e-22
3.65 1.8 4.50847e-22
3.65 1.85 1.6052e-21
3.65 1.9 5.60201e-21
3.65 1.95 1.91636e-20
3.65 2 6.42577e-20
3.65 2.05 2.11198e-19
3.65 2.1 6.80412e-19
3.65 2.15 2.14867e-18
3.65 2.2 6.65094e-18
3.65 2.25 2.01796e-17
3.65 2.3 6.00149e-17
3.65 2.35 1.74953e-16
3.65 2.4 4.99917e-16
3.65 2.45 1.4002e-15
3.65 2.5 3.84415e-15
3.65 2.55 1.03449e-14
3.65 2.6 2.72876e-14
3.65 2.65 7.05539e-14
3.65 2.7 1.7881e-13
3.65 2.75 4.44201e-13
3.65 2.8 1.08164e-12
3.65 2.85 2.58166e-12
3.65 2.9 6.03991e-12
3.65 2.95 1.38509e-11
3.65 3 3.11345e-11
3.65 3.05 6.85992e-11
3.65 3.1 1.48154e-10
3.65 3.15 3.13632e-10
3.65 3.2 6.50793e-10
3.65 3.25 1.32367e-09
3.65 3.3 2.63896e-09
3.65 3.35 5.15705e-09
3.65 3.4 9.87833e-09
3.65 3.45 1.85473e-08
3.65 3.5 3.41344e-08
3.65 3.55 6.1577e-08
3.65 3.6 1.08883e-07
3.65 3.65 1.88719e-07
3.65 3.7 3.20617e-07
3.65 3.75 5.33914e-07
3.65 3.8 8.71506e-07
3.65 3.85 1.39439e-06
3.65 3.9 2.18682e-06
3.65 3.95 3.36168e-06
3.65 4 5.06539e-06
3.65 4.05 7.48143e-06
3.65 4.1 1.08311e-05
3.65 4.15 1.53699e-05
3.65 4.2 2.1379e-05
3.65 4.25 2.91485e-05
3.65 4.3 3.89546e-05
3.65 4.35 5.1029e-05
3.65 4.4 6.55223e-05
3.65 4.45 8.24661e-05
3.65 4.5 0.000101736
3.65 4.55 0.000123024
3.65 4.6 0.000145821
3.65 4.65 0.00016942
3.65 4.7 0.00019294
3.65 4.75 0.000215374
3.65 4.8 0.000235656
3.65 4.85 0.000252743
3.65 4.9 0.000265702
3.65 4.95 0.000273793
3.65 5 0.000276545
3.65 5.05 0.000273793
3.65 5.1 0.000265702
3.65 5.15 0.000252743
3.65 5.2 0.000235656
3.65 5.25 0.000215374
3.65 5.3 0.00019294
3.65 5.35 0.00016942
3.65 5.4 0.000145821
3.65 5.45 0.000123024
3.65 5.5 0.000101736
3.65 5.55 8.24661e-05
3.65 5.6 6.55223e-05
3.65 5.65 5.1029e-05
3.65 5.7 3.89546e-05
3.65 5.75 2.91485e-05
3.65 5.8 2.1379e-05
3.65 5.85 1.53699e-05
3.65 5.9 1.08311e-05
3.65 5.95 7.48143e-06
3.65 6 5.06539e-06
3.65 6.05 3.36168e-06
3.65 6.1 2.18682e-06
3.65 6.15 1.39439e-06
3.65 6.2 8.71506e-07
3.65 6.25 5.33914e-07
3.65 6.3 3.20617e-07
3.65 6.35 1.88719e-07
3.65 6.4 1.08883e-07
3.65 6.45 6.1577e-08
3.65 6.5 3.41344e-08
3.65 6.55 1.85473e-08
3.65 6.6 9.87833e-09
3.65 6.65 5.15705e-09
3.65 6.7 2.63896e-09
3.65 6.75 1.32367e-09
3.65 6.8 6.50793e-10
3.65 6.85 3.13632e-10
3.65 6.9 1.48154e-10
3.65 6.95 6.85992e-11
3.65 7 3.11345e-11
3.65 7.05 1.38509e-11
3.65 7.1 6.03991e-12
3.65 7.15 2.58166e-12
3.65 7.2 1.08164e-12
3.65 7.25 4.44201e-13
3.65 7.3 1.7881e-13
3.65 7.35 7.05539e-14
3.65 7.4 2.72876e-14
3.65 7.45 1.03449e-14
3.65 7.5 3.84415e-15
3.65 7.55 1.4002e-15
3.65 7.6 4.99917e-16
3.65 7.65 1.74953e-16
3.65 7.7 6.00149e-17
3.65 7.75 2.01796e-17
3.65 7.8 6.65094e-18
3.65 7.85 2.14867e-18
3.65 7.9 6.80412e-19
3.65 7.95 2.11198e-19
3.65 8 6.42577e-20
3.65 8.05 1.91636e-20
3.65 8.1 5.60201e-21
3.65 8.15 1.6052e-21
3.65 8.2 4.50847e-22
3.65 8.25 1.24121e-22
3.65 8.3 3.34951e-23
3.65 8.35 8.85996e-24
3.65 8.4 2.29721e-24
3.65 8.45 5.83828e-25
3.65 8.5 1.45441e-25
3.65 8.55 3.55146e-26
3.65 8.6 8.5005e-27
3.65 8.65 1.99434e-27
3.65 8.7 4.58639e-28
3.65 8.75 1.03386e-28
3.65 8.8 2.28438e-29
3.65 8.85 4.9476e-30
3.65 8.9 1.05036e-30
3.65 8.95 2.18575e-31
3.65 9 4.45841e-32
3.65 9.05 8.91413e-33
3.65 9.1 1.74701e-33
3.65 9.15 3.35608e-34
3.65 9.2 6.31957e-35
3.65 9.25 1.16644e-35
3.65 9.3 2.11035e-36
3.65 9.35 3.74254e-37
3.65 9.4 6.50576e-38
3.65 9.45 1.10853e-38
3.65 9.5 1.85149e-39
3.65 9.55 3.03118e-40
3.65 9.6 4.86432e-41
3.65 9.65 7.65162e-42
3.65 9.7 1.17979e-42
3.65 9.75 1.78311e-43
3.65 9.8 2.64162e-44
3.65 9.85 3.83604e-45
3.65 9.9 5.46033e-46
3.65 9.95 7.56708e-47
3.65 10 0
3.7 0 0
3.7 0.05 1.28549e-46
3.7 0.1 9.27566e-46
3.7 0.15 6.51645e-45
3.7 0.2 4.48744e-44
3.7 0.25 3.02905e-43
3.7 0.3 2.00417e-42
3.7 0.35 1.29982e-41
3.7 0.4 8.26332e-41
3.7 0.45 5.14926e-40
3.7 0.5 3.14525e-39
3.7 0.55 1.88315e-38
3.7 0.6 1.10518e-37
3.7 0.65 6.35775e-37
3.7 0.7 3.58502e-36
3.7 0.75 1.98153e-35
3.7 0.8 1.07356e-34
3.7 0.85 5.70129e-34
3.7 0.9 2.96782e-33
3.7 0.95 1.51433e-32
3.7 1 7.57396e-32
3.7 1.05 3.71316e-31
3.7 1.1 1.78436e-30
3.7 1.15 8.40504e-30
3.7 1.2 3.88074e-29
3.7 1.25 1.75634e-28
3.7 1.3 7.79146e-28
3.7 1.35 3.38803e-27
3.7 1.4 1.44409e-26
3.7 1.45 6.03333e-26
3.7 1.5 2.4708e-25
3.7 1.55 9.91828e-25
3.7 1.6 3.90258e-24
3.7 1.65 1.50517e-23
3.7 1.7 5.69028e-23
3.7 1.75 2.10863e-22
3.7 1.8 7.6592e-22
3.7 1.85 2.72699e-21
3.7 1.9 9.51699e-21
3.7 1.95 3.25561e-20
3.7 2 1.09165e-19
3.7 2.05 3.58796e-19
3.7 2.1 1.15593e-18
3.7 2.15 3.65029e-18
3.7 2.2 1.12991e-17
3.7 2.25 3.42825e-17
3.7 2.3 1.01957e-16
3.7 2.35 2.97222e-16
3.7 2.4 8.49296e-16
3.7 2.45 2.37877e-15
3.7 2.5 6.53074e-15
3.7 2.55 1.75747e-14
3.7 2.6 4.63584e-14
3.7 2.65 1.19863e-13
3.7 2.7 3.03778e-13
3.7 2.75 7.54646e-13
3.7 2.8 1.83758e-12
3.7 2.85 4.38595e-12
3.7 2.9 1.02612e-11
3.7 2.95 2.35312e-11
3.7 3 5.28941e-11
3.7 3.05 1.16543e-10
3.7 3.1 2.51698e-10
3.7 3.15 5.32829e-10
3.7 3.2 1.10563e-09
3.7 3.25 2.24879e-09
3.7 3.3 4.48334e-09
3.7 3.35 8.76132e-09
3.7 3.4 1.67823e-08
3.7 3.45 3.15101e-08
3.7 3.5 5.79912e-08
3.7 3.55 1.04614e-07
3.7 3.6 1.84982e-07
3.7 3.65 3.20617e-07
3.7 3.7 5.44699e-07
3.7 3.75 9.07072e-07
3.7 3.8 1.48061e-06
3.7 3.85 2.36895e-06
3.7 3.9 3.71522e-06
3.7 3.95 5.7112e-06
3.7 4 8.60568e-06
3.7 4.05 1.27103e-05
3.7 4.1 1.84011e-05
3.7 4.15 2.61122e-05
3.7 4.2 3.63211e-05
3.7 4.25 4.95209e-05
3.7 4.3 6.61808e-05
3.7 4.35 8.66942e-05
3.7 4.4 0.000111317
3.7 4.45 0.000140103
3.7 4.5 0.000172842
3.7 4.55 0.000209009
3.7 4.6 0.000247739
3.7 4.65 0.000287831
3.7 4.7 0.000327789
3.7 4.75 0.000365904
3.7 4.8 0.000400362
3.7 4.85 0.000429391
3.7 4.9 0.000451407
3.7 4.95 0.000465154
3.7 5 0.000469829
3.7 5.05 0.000465154
3.7 5.1 0.000451407
3.7 5.15 0.000429391
3.7 5.2 0.000400362
3.7 5.25 0.000365904
3.7 5.3 0.000327789
3.7 5.35 0.000287831
3.7 5.4 0.000247739
3.7 5.45 0.000209009
3.7 5.5 0.000172842
3.7 5.55 0.000140103
3.7 5.6 0.000111317
3.7 5.65 8.66942e-05
3.7 5.7 6.61808e-05
3.7 5.75 4.95209e-05
3.7 5.8 3.63211e-05
3.7 5.85 2.61122e-05
3.7 5.9 1.84011e-05
3.7 5.95 1.27103e-05
3.7 6 8.60568e-06
3.7 6.05 5.7112e-06
3.7 6.1 3.71522e-06
3.7 6.15 2.36895e-06
3.7 6.2 1.48061e-06
3.7 6.25 9.07072e-07
3.7 6.3 5.44699e-07
3.7 6.35 3.20617e-07
3.7 6.4 1.84982e-07
3.7 6.45 1.04614e-07
3.7 6.5 5.79912e-08
3.7 6.55 3.15101e-08
3.7 6.6 1.67823e-08
3.7 6.65 8.76132e-09
3.7 6.7 4.48334e-09
3.7 6.75 2.24879e-09
3.7 6.8 1.10563e-09
3.7 6.85 5.32829e-10
3.7 6.9 2.51698e-10
3.7 6.95 1.16543e-10
3.7 7 5.28941e-11
3.7 7.05 2.35312e-11
3.7 7.1 1.02612e-11
3.7 7.15 4.38595e-12
3.7 7.2 1.83758e-12
3.7 7.25 7.54646e-13
3.7 7.3 3.03778e-13
3.7 7.35 1.19863e-13
3.7 7.4 4.63584e-14
3.7 7.45 1.75747e-14
3.7 7.5 6.53074e-15
3.7 7.55 2.37877e-15
3.7 7.6 8.49296e-16
3.7 7.65 2.97222e-16
3.7 7.7 1.01957e-16
3.7 7.75 3.42825e-17
3.7 7.8 1.12991e-17
3.7 7.85 3.65029e-18
3.7 7.9 1.15593e-18
3.7 7.95 3.58796e-19
3.7 8 1.09165e-19
3.7 8.05 3.25561e-20
3.7 8.1 9.51699e-21
3.7 8.15 2.72699e-21
3.7 8.2 7.6592e-22
3.7 8.25 2.10863e-22
3.7 8.3 5.69028e-23
3.7 8.35 1.50517e-23
3.7 8.4 3.90258e-24
3.7 8.45 9.91828e-25
3.7 8.5 2.4708e-25
3.7 8.55 6.03333e-26
3.7 8.6 1.44409e-26
3.7 8.65 3.38803e-27
3.7 8.7 7.79146e-28
3.7 8.75 1.75634e-28
3.7 8.8 3.88074e-29
3.7 8.85 8.40504e-30
3.7 8.9 1.78436e-30
3.7 8.95 3.71316e-31
3.7 9 7.57396e-32
3.7 9.05 1.51433e-32
3.7 9.1 2.96782e-33
3.7 9.15 5.70129e-34
3.7 9.2 1.07356e-34
3.7 9.25 1.98153e-35
3.7 9.3 3.58502e-36
3.7 9.35 6.35775e-37
3.7 9.4 1.10518e-37
3.7 9.45 1.88315e-38
3.7 9.5 3.14525e-39
3.7 9.55 5.14926e-40
3.7 9.6 8.26332e-41
3.7 9.65 1.29982e-41
3.7 9.7 2.00417e-42
3.7 9.75 3.02905e-43
3.7 9.8 4.48744e-44
3.7 9.85 6.51645e-45
3.7 9.9 9.27566e-46
3.7 9.95 1.28549e-46
3.7 10 0
3.75 0 0
3.75 0.05 2.14056e-46
3.75 0.1 1.5445e-45
3.75 0.15 1.08506e-44
3.75 0.2 7.4721e-44
3.75 0.25 5.04373e-43
3.75 0.3 3.3372e-42
3.75 0.35 2.16437e-41
3.75 0.4 1.37595e-40
3.75 0.45 8.5742e-40
3.75 0.5 5.23727e-39
3.75 0.55 3.13571e-38
3.75 0.6 1.84029e-37
3.75 0.65 1.05866e-36
3.75 0.7 5.9696e-36
3.75 0.75 3.29955e-35
3.75 0.8 1.78765e-34
3.75 0.85 9.49355e-34
3.75 0.9 4.94191e-33
3.75 0.95 2.52162e-32
3.75 1 1.26119e-31
3.75 1.05 6.18305e-31
3.75 1.1 2.97127e-30
3.75 1.15 1.39959e-29
3.75 1.2 6.46214e-29
3.75 1.25 2.92462e-28
3.75 1.3 1.29742e-27
3.75 1.35 5.64171e-27
3.75 1.4 2.40468e-26
3.75 1.45 1.00467e-25
3.75 1.5 4.11437e-25
3.75 1.55 1.65159e-24
3.75 1.6 6.49858e-24
3.75 1.65 2.50641e-23
3.75 1.7 9.47549e-23
3.75 1.75 3.51131e-22
3.75 1.8 1.27542e-21
3.75 1.85 4.54102e-21
3.75 1.9 1.58478e-20
3.75 1.95 5.4213e-20
3.75 2 1.81783e-19
3.75 2.05 5.97475e-19
3.75 2.1 1.92488e-18
3.75 2.15 6.07857e-18
3.75 2.2 1.88155e-17
3.75 2.25 5.70883e-17
3.75 2.3 1.69783e-16
3.75 2.35 4.94945e-16
3.75 2.4 1.41428e-15
3.75 2.45 3.96122e-15
3.75 2.5 1.08753e-14
3.75 2.55 2.92661e-14
3.75 2.6 7.7198e-14
3.75 2.65 1.99601e-13
3.75 2.7 5.05865e-13
3.75 2.75 1.25667e-12
3.75 2.8 3.06003e-12
3.75 2.85 7.30371e-12
3.75 2.9 1.70874e-11
3.75 2.95 3.91855e-11
3.75 3 8.80823e-11
3.75 3.05 1.94074e-10
3.75 3.1 4.19142e-10
3.75 3.15 8.87298e-10
3.75 3.2 1.84117e-09
3.75 3.25 3.74483e-09
3.75 3.3 7.46595e-09
3.75 3.35 1.45899e-08
3.75 3.4 2.7947e-08
3.75 3.45 5.24727e-08
3.75 3.5 9.65708e-08
3.75 3.55 1.7421e-07
3.75 3.6 3.08045e-07
3.75 3.65 5.33914e-07
3.75 3.7 9.07072e-07
3.75 3.75 1.51052e-06
3.75 3.8 2.46563e-06
3.75 3.85 3.94495e-06
3.75 3.9 6.18686e-06
3.75 3.95 9.51073e-06
3.75 4 1.43308e-05
3.75 4.05 2.11662e-05
3.75 4.1 3.06429e-05
3.75 4.15 4.34841e-05
3.75 4.2 6.04848e-05
3.75 4.25 8.24661e-05
3.75 4.3 0.00011021
3.75 4.35 0.00014437
3.75 4.4 0.000185374
3.75 4.45 0.000233312
3.75 4.5 0.000287831
3.75 4.55 0.000348059
3.75 4.6 0.000412555
3.75 4.65 0.00047932
3.75 4.7 0.000545862
3.75 4.75 0.000609333
3.75 4.8 0.000666716
3.75 4.85 0.000715058
3.75 4.9 0.00075172
3.75 4.95 0.000774613
3.75 5 0.000782398
3.75 5.05 0.000774613
3.75 5.1 0.00075172
3.75 5.15 0.000715058
3.75 5.2 0.000666716
3.75 5.25 0.000609333
3.75 5.3 0.000545862
3.75 5.35 0.00047932
3.75 5.4 0.000412555
3.75 5.45 0.000348059
3.75 5.5 0.000287831
3.75 5.55 0.000233312
3.75 5.6 0.000185374
3.75 5.65 0.00014437
3.75 5.7 0.00011021
3.75 5.75 8.24661e-05
3.75 5.8 6.04848e-05
3.75 5.85 4.34841e-05
3.75 5.9 3.06429e-05
3.75 5.95 2.11662e-05
3.75 6 1.43308e-05
3.75 6.05 9.51073e-06
3.75 6.1 6.18686e-06
3.75 6.15 3.94495e-06
3.75 6.2 2.46563e-06
3.75 6.25 1.51052e-06
3.75 6.3 9.07072e-07
3.75 6.35 5.33914e-07
3.75 6.4 3.08045e-07
3.75 6.45 1.7421e-07
3.75 6.5 9.65708e-08
3.75 6.55 5.24727e-08
3.75 6.6 2.7947e-08
3.75 6.65 1.45899e-08
3.75 6.7 7.46595e-09
3.75 6.75 3.74483e-09
3.75 6.8 1.84117e-09
3.75 6.85 8.87298e-10
3.75 6.9 4.19142e-10
3.75 6.95 1.94074e-10
3.75 7 8.80823e-11
3.75 7.05 3.91855e-11
3.75 7.1 1.70874e-11
3.75 7.15 7.30371e-12
3.75 7.2 3.06003e-12
3.75 7.25 1.25667e-12
3.75 7.3 5.05865e-13
3.75 7.35 1.99601e-13
3.75 7.4 7.7198e-14
3.75 7.45 2.92661e-14
3.75 7.5 1.08753e-14
3.75 7.55 3.96122e-15
3.75 7.6 1.41428e-15
3.75 7.65 4.94945e-16
3.75 7.7 1.69783e-16
3.75 7.75 5.70883e-17
3.75 7.8 1.88155e-17
3.75 7.85 6.07857e-18
3.75 7.9 1.92488e-18
3.75 7.95 5.97475e-19
3.75 8 1.81783e-19
3.75 8.05 5.4213e-20
3.75 8.1 1.58478e-20
3.75 8.15 4.54102e-21
3.75 8.2 1.27542e-21
3.75 8.25 3.51131e-22
3.75 8.3 9.47549e-23
3.75 8.35 2.50641e-23
3.75 8.4 6.49858e-24
3.75 8.45 1.65159e-24
3.75 8.5 4.11437e-25
3.75 8.55 1.00467e-25
3.75 8.6 2.40468e-26
3.75 8.65 5.64171e-27
3.75 8.7 1.29742e-27
3.75 8.75 2.92462e-28
3.75 8.8 6.46214e-29
3.75 8.85 1.39959e-29
3.75 8.9 2.97127e-30
3.75 8.95 6.18305e-31
3.75 9 1.26119e-31
3.75 9.05 2.52162e-32
3.75 9.1 4.94191e-33
3.75 9.15 9.49355e-34
3.75 9.2 1.78765e-34
3.75 9.25 3.29955e-35
3.75 9.3 5.9696e-36
3.75 9.35 1.05866e-36
3.75 9.4 1.84029e-37
3.75 9.45 3.13571e-38
3.75 9.5 5.23727e-39
3.75 9.55 8.5742e-40
3.75 9.6 1.37595e-40
3.75 9.65 2.16437e-41
3.75 9.7 3.3372e-42
3.75 9.75 5.04373e-43
3.75 9.8 7.4721e-44
3.75 9.85 1.08506e-44
3.75 9.9 1.5445e-45
3.75 9.95 2.14056e-46
3.75 10 0
3.8 0 0
3.8 0.05 3.49383e-46
3.8 0.1 2.52085e-45
3.8 0.15 1.77098e-44
3.8 0.2 1.21956e-43
3.8 0.25 8.23216e-43
3.8 0.3 5.44684e-42
3.8 0.35 3.53261e-41
3.8 0.4 2.24578e-40
3.8 0.45 1.39945e-39
3.8 0.5 8.54812e-39
3.8 0.55 5.11802e-38
3.8 0.6 3.00368e-37
3.8 0.65 1.72792e-36
3.8 0.7 9.7435e-36
3.8 0.75 5.38548e-35
3.8 0.8 2.91778e-34
3.8 0.85 1.54953e-33
3.8 0.9 8.06616e-33
3.8 0.95 4.11578e-32
3.8 1 2.05852e-31
3.8 1.05 1.0092e-30
3.8 1.1 4.84974e-30
3.8 1.15 2.28442e-29
3.8 1.2 1.05476e-28
3.8 1.25 4.77362e-28
3.8 1.3 2.11768e-27
3.8 1.35 9.20852e-27
3.8 1.4 3.92498e-26
3.8 1.45 1.63984e-25
3.8 1.5 6.7156e-25
3.8 1.55 2.69578e-24
3.8 1.6 1.06072e-23
3.8 1.65 4.09105e-23
3.8 1.7 1.54663e-22
3.8 1.75 5.7313e-22
3.8 1.8 2.08179e-21
3.8 1.85 7.41205e-21
3.8 1.9 2.58676e-20
3.8 1.95 8.84891e-20
3.8 2 2.96716e-19
3.8 2.05 9.75231e-19
3.8 2.1 3.14189e-18
3.8 2.15 9.92178e-18
3.8 2.2 3.07118e-17
3.8 2.25 9.31829e-17
3.8 2.3 2.7713e-16
3.8 2.35 8.0788e-16
3.8 2.4 2.30848e-15
3.8 2.45 6.46578e-15
3.8 2.5 1.77513e-14
3.8 2.55 4.77702e-14
3.8 2.6 1.26008e-13
3.8 2.65 3.25804e-13
3.8 2.7 8.25711e-13
3.8 2.75 2.05124e-12
3.8 2.8 4.99481e-12
3.8 2.85 1.19217e-11
3.8 2.9 2.78915e-11
3.8 2.95 6.39617e-11
3.8 3 1.43775e-10
3.8 3.05 3.16784e-10
3.8 3.1 6.84159e-10
3.8 3.15 1.44833e-09
3.8 3.2 3.00532e-09
3.8 3.25 6.11264e-09
3.8 3.3 1.21866e-08
3.8 3.35 2.3815e-08
3.8 3.4 4.56178e-08
3.8 3.45 8.56509e-08
3.8 3.5 1.57632e-07
3.8 3.55 2.84362e-07
3.8 3.6 5.02822e-07
3.8 3.65 8.71506e-07
3.8 3.7 1.48061e-06
3.8 3.75 2.46563e-06
3.8 3.8 4.02464e-06
3.8 3.85 6.43935e-06
3.8 3.9 1.00988e-05
3.8 3.95 1.55244e-05
3.8 4 2.33923e-05
3.8 4.05 3.45497e-05
3.8 4.1 5.00186e-05
3.8 4.15 7.09794e-05
3.8 4.2 9.87296e-05
3.8 4.25 0.00013461
3.8 4.3 0.000179896
3.8 4.35 0.000235656
3.8 4.4 0.000302588
3.8 4.45 0.000380836
3.8 4.5 0.000469829
3.8 4.55 0.000568139
3.8 4.6 0.000673417
3.8 4.65 0.000782398
3.8 4.7 0.000891016
3.8 4.75 0.00099462
3.8 4.8 0.00108829
3.8 4.85 0.0011672
3.8 4.9 0.00122704
3.8 4.95 0.00126441
3.8 5 0.00127712
3.8 5.05 0.00126441
3.8 5.1 0.00122704
3.8 5.15 0.0011672
3.8 5.2 0.00108829
3.8 5.25 0.00099462
3.8 5.3 0.000891016
3.8 5.35 0.000782398
3.8 5.4 0.000673417
3.8 5.45 0.000568139
3.8 5.5 0.000469829
3.8 5.55 0.000380836
3.8 5.6 0.000302588
3.8 5.65 0.000235656
3.8 5.7 0.000179896
3.8 5.75 0.00013461
3.8 5.8 9.87296e-05
3.8 5.85 7.09794e-05
3.8 5.9 5.00186e-05
3.8 5.95 3.45497e-05
3.8 6 2.33923e-05
3.8 6.05 1.55244e-05
3.8 6.1 1.00988e-05
3.8 6.15 6.43935e-06
3.8 6.2 4.02464e-06
3.8 6.25 2.46563e-06
3.8 6.3 1.48061e-06
3.8 6.35 8.71506e-07
3.8 6.4 5.02822e-07
3.8 6.45 2.84362e-07
3.8 6.5 1.57632e-07
3.8 6.55 8.56509e-08
3.8 6.6 4.56178e-08
3.8 6.65 2.3815e-08
3.8 6.7 1.21866e-08
3.8 6.75 6.11264e-09
3.8 6.8 3.00532e-09
3.8 6.85 1.44833e-09
3.8 6.9 6.84159e-10
3.8 6.95 3.16784e-10
3.8 7 1.43775e-10
3.8 7.05 6.39617e-11
3.8 7.1 2.78915e-11
3.8 7.15 1.19217e-11
3.8 7.2 4.99481e-12
3.8 7.25 2.05124e-12
3.8 7.3 8.25711e-13
3.8 7.35 3.25804e-13
3.8 7.4 1.26008e-13
3.8 7.45 4.77702e-14
3.8 7.5 1.77513e-14
3.8 7.55 6.46578e-15
3.8 7.6 2.30848e-15
3.8 7.65 8.0788e-16
3.8 7.7 2.7713e-16
3.8 7.75 9.31829e-17
3.8 7.8 3.07118e-17
3.8 7.85 9.92178e-18
3.8 7.9 3.14189e-18
3.8 7.95 9.75231e-19
3.8 8 2.96716e-19
3.8 8.05 8.84891e-20
3.8 8.1 2.58676e-20
3.8 8.15 7.41205e-21
3.8 8.2 2.08179e-21
3.8 8.25 5.7313e-22
3.8 8.3 1.54663e-22
3.8 8.35 4.09105e-23
3.8 8.4 1.06072e-23
3.8 8.45 2.69578e-24
3.8 8.5 6.7156e-25
3.8 8.55 1.63984e-25
3.8 8.6 3.92498e-26
3.8 8.65 9.20852e-27
3.8 8.7 2.11768e-27
3.8 8.75 4.77362e-28
3.8 8.8 1.05476e-28
3.8 8.85 2.28442e-29
3.8 8.9 4.84974e-30
3.8 8.95 1.0092e-30
3.8 9 2.05852e-31
3.8 9.05 4.11578e-32
3.8 9.1 8.06616e-33
3.8 9.15 1.54953e-33
3.8 9.2 2.91778e-34
3.8 9.25 5.38548e-35
3.8 9.3 9.7435e-36
3.8 9.35 1.72792e-36
3.8 9.4 3.00368e-37
3.8 9.45 5.11802e-38
3.8 9.5 8.54812e-39
3.8 9.55 1.39945e-39
3.8 9.6 2.24578e-40
3.8 9.65 3.53261e-41
3.8 9.7 5.44684e-42
3.8 9.75 8.23216e-43
3.8 9.8 1.21956e-43
3.8 9.85 1.77098e-44
3.8 9.9 2.52085e-45
3.8 9.95 3.49383e-46
3.8 10 0
3.85 0 0
3.85 0.05 5.58972e-46
3.85 0.1 4.03294e-45
3.85 0.15 2.83329e-44
3.85 0.2 1.9511e-43
3.85 0.25 1.31702e-42
3.85 0.3 8.71411e-42
3.85 0.35 5.65165e-41
3.85 0.4 3.59292e-40
3.85 0.45 2.23893e-39
3.85 0.5 1.36758e-38
3.85 0.55 8.18814e-38
3.85 0.6 4.80548e-37
3.85 0.65 2.76445e-36
3.85 0.7 1.55883e-35
3.85 0.75 8.61609e-35
3.85 0.8 4.66809e-34
3.85 0.85 2.47907e-33
3.85 0.9 1.29049e-32
3.85 0.95 6.58477e-32
3.85 1 3.29341e-31
3.85 1.05 1.61461e-30
3.85 1.1 7.75906e-30
3.85 1.15 3.65484e-29
3.85 1.2 1.68751e-28
3.85 1.25 7.63731e-28
3.85 1.3 3.38808e-27
3.85 1.35 1.47328e-26
3.85 1.4 6.2796e-26
3.85 1.45 2.6236e-25
3.85 1.5 1.07444e-24
3.85 1.55 4.31301e-24
3.85 1.6 1.69706e-23
3.85 1.65 6.54535e-23
3.85 1.7 2.47448e-22
3.85 1.75 9.16964e-22
3.85 1.8 3.33071e-21
3.85 1.85 1.18587e-20
3.85 1.9 4.13863e-20
3.85 1.95 1.41577e-19
3.85 2 4.74725e-19
3.85 2.05 1.56031e-18
3.85 2.1 5.02682e-18
3.85 2.15 1.58742e-17
3.85 2.2 4.9137e-17
3.85 2.25 1.49087e-16
3.85 2.3 4.43393e-16
3.85 2.35 1.29256e-15
3.85 2.4 3.69345e-15
3.85 2.45 1.03449e-14
3.85 2.5 2.84013e-14
3.85 2.55 7.64301e-14
3.85 2.6 2.01607e-13
3.85 2.65 5.21271e-13
3.85 2.7 1.3211e-12
3.85 2.75 3.2819e-12
3.85 2.8 7.9915e-12
3.85 2.85 1.90742e-11
3.85 2.9 4.46253e-11
3.85 2.95 1.02336e-10
3.85 3 2.30035e-10
3.85 3.05 5.06844e-10
3.85 3.1 1.09463e-09
3.85 3.15 2.31727e-09
3.85 3.2 4.80841e-09
3.85 3.25 9.78004e-09
3.85 3.3 1.94982e-08
3.85 3.35 3.81034e-08
3.85 3.4 7.29872e-08
3.85 3.45 1.37039e-07
3.85 3.5 2.52207e-07
3.85 3.55 4.54973e-07
3.85 3.6 8.04503e-07
3.85 3.65 1.39439e-06
3.85 3.7 2.36895e-06
3.85 3.75 3.94495e-06
3.85 3.8 6.43935e-06
3.85 3.85 1.03028e-05
3.85 3.9 1.61579e-05
3.85 3.95 2.48387e-05
3.85 4 3.74272e-05
3.85 4.05 5.5279e-05
3.85 4.1 8.00289e-05
3.85 4.15 0.000113566
3.85 4.2 0.000157966
3.85 4.25 0.000215374
3.85 4.3 0.000287831
3.85 4.35 0.000377047
3.85 4.4 0.000484137
3.85 4.45 0.000609333
3.85 4.5 0.00075172
3.85 4.55 0.000909015
3.85 4.6 0.00107746
3.85 4.65 0.00125183
3.85 4.7 0.00142561
3.85 4.75 0.00159138
3.85 4.8 0.00174125
3.85 4.85 0.0018675
3.85 4.9 0.00196325
3.85 4.95 0.00202304
3.85 5 0.00204337
3.85 5.05 0.00202304
3.85 5.1 0.00196325
3.85 5.15 0.0018675
3.85 5.2 0.00174125
3.85 5.25 0.00159138
3.85 5.3 0.00142561
3.85 5.35 0.00125183
3.85 5.4 0.00107746
3.85 5.45 0.000909015
3.85 5.5 0.00075172
3.85 5.55 0.000609333
3.85 5.6 0.000484137
3.85 5.65 0.000377047
3.85 5.7 0.000287831
3.85 5.75 0.000215374
3.85 5.8 0.000157966
3.85 5.85 0.000113566
3.85 5.9 8.00289e-05
3.85 5.95 5.5279e-05
3.85 6 3.74272e-05
3.85 6.05 2.48387e-05
3.85 6.1 1.61579e-05
3.85 6.15 1.03028e-05
3.85 6.2 6.43935e-06
3.85 6.25 3.94495e-06
3.85 6.3 2.36895e-06
3.85 6.35 1.39439e-06
3.85 6.4 8.04503e-07
3.85 6.45 4.54973e-07
3.85 6.5 2.52207e-07
3.85 6.55 1.37039e-07
3.85 6.6 7.29872e-08
3.85 6.65 3.81034e-08
3.85 6.7 1.94982e-08
3.85 6.75 9.78004e-09
3.85 6.8 4.80841e-09
3.85 6.85 2.31727e-09
3.85 6.9 1.09463e-09
3.85 6.95 5.06844e-10
3.85 7 2.30035e-10
3.85 7.05 1.02336e-10
3.85 7.1 4.46253e-11
3.85 7.15 1.90742e-11
3.85 7.2 7.9915e-12
3.85 7.25 3.2819e-12
3.85 7.3 1.3211e-12
3.85 7.35 5.21271e-13
3.85 7.4 2.01607e-13
3.85 7.45 7.64301e-14
3.85 7.5 2.84013e-14
3.85 7.55 1.03449e-14
3.85 7.6 3.69345e-15
3.85 7.65 1.29256e-15
3.85 7.7 4.43393e-16
3.85 7.75 1.49087e-16
3.85 7.8 4.9137e-17
3.85 7.85 1.58742e-17
3.85 7.9 5.02682e-18
3.85 7.95 1.56031e-18
3.85 8 4.74725e-19
3.85 8.05 1.41577e-19
3.85 8.1 4.13863e-20
3.85 8.15 1.18587e-20
3.85 8.2 3.33071e-21
3.85 8.25 9.16964e-22
3.85 8.3 2.47448e-22
3.85 8.35 6.54535e-23
3.85 8.4 1.69706e-23
3.85 8.45 4.31301e-24
3.85 8.5 1.07444e-24
3.85 8.55 2.6236e-25
3.85 8.6 6.2796e-26
3.85 8.65 1.47328e-26
3.85 8.7 3.38808e-27
3.85 8.75 7.63731e-28
3.85 8.8 1.68751e-28
3.85 8.85 3.65484e-29
3.85 8.9 7.75906e-30
3.85 8.95 1.61461e-30
3.85 9 3.29341e-31
3.85 9.05 6.58477e-32
3.85 9.1 1.29049e-32
3.85 9.15 2.47907e-33
3.85 9.2 4.66809e-34
3.85 9.25 8.61609e-35
3.85 9.3 1.55883e-35
3.85 9.35 2.76445e-36
3.85 9.4 4.80548e-37
3.85 9.45 8.18814e-38
3.85 9.5 1.36758e-38
3.85 9.55 2.23893e-39
3.85 9.6 3.59292e-40
3.85 9.65 5.65165e-41
3.85 9.7 8.71411e-42
3.85 9.75 1.31702e-42
3.85 9.8 1.9511e-43
3.85 9.85 2.83329e-44
3.85 9.9 4.03294e-45
3.85 9.95 5.58972e-46
3.85 10 0
3.9 0 0
3.9 0.05 8.76586e-46
3.9 0.1 6.3243e-45
3.9 0.15 4.44306e-44
3.9 0.2 3.05966e-43
3.9 0.25 2.06531e-42
3.9 0.3 1.36652e-41
3.9 0.35 8.86279e-41
3.9 0.4 5.63435e-40
3.9 0.45 3.51105e-39
3.9 0.5 2.14462e-38
3.9 0.55 1.28405e-37
3.9 0.6 7.53592e-37
3.9 0.65 4.3352e-36
3.9 0.7 2.44456e-35
3.9 0.75 1.35118e-34
3.9 0.8 7.32052e-34
3.9 0.85 3.88768e-33
3.9 0.9 2.02376e-32
3.9 0.95 1.03263e-31
3.9 1 5.16476e-31
3.9 1.05 2.53206e-30
3.9 1.1 1.21679e-29
3.9 1.15 5.73159e-29
3.9 1.2 2.64639e-28
3.9 1.25 1.1977e-27
3.9 1.3 5.31328e-27
3.9 1.35 2.31043e-26
3.9 1.4 9.84787e-26
3.9 1.45 4.11442e-25
3.9 1.5 1.68497e-24
3.9 1.55 6.76383e-24
3.9 1.6 2.6614e-23
3.9 1.65 1.02647e-22
3.9 1.7 3.88059e-22
3.9 1.75 1.43802e-21
3.9 1.8 5.22338e-21
3.9 1.85 1.85975e-20
3.9 1.9 6.49042e-20
3.9 1.95 2.22028e-19
3.9 2 7.44491e-19
3.9 2.05 2.44696e-18
3.9 2.1 7.88336e-18
3.9 2.15 2.4895e-17
3.9 2.2 7.70598e-17
3.9 2.25 2.33808e-16
3.9 2.3 6.95358e-16
3.9 2.35 2.02709e-15
3.9 2.4 5.79232e-15
3.9 2.45 1.62236e-14
3.9 2.5 4.45409e-14
3.9 2.55 1.19863e-13
3.9 2.6 3.16176e-13
3.9 2.65 8.17497e-13
3.9 2.7 2.07186e-12
3.9 2.75 5.14693e-12
3.9 2.8 1.25329e-11
3.9 2.85 2.99138e-11
3.9 2.9 6.99851e-11
3.9 2.95 1.60493e-10
3.9 3 3.60761e-10
3.9 3.05 7.94876e-10
3.9 3.1 1.7167e-09
3.9 3.15 3.63415e-09
3.9 3.2 7.54098e-09
3.9 3.25 1.53379e-08
3.9 3.3 3.05789e-08
3.9 3.35 5.97572e-08
3.9 3.4 1.14465e-07
3.9 3.45 2.14918e-07
3.9 3.5 3.95536e-07
3.9 3.55 7.13532e-07
3.9 3.6 1.2617e-06
3.9 3.65 2.18682e-06
3.9 3.7 3.71522e-06
3.9 3.75 6.18686e-06
3.9 3.8 1.00988e-05
3.9 3.85 1.61579e-05
3.9 3.9 2.53405e-05
3.9 3.95 3.89546e-05
3.9 4 5.86972e-05
3.9 4.05 8.66942e-05
3.9 4.1 0.00012551
3.9 4.15 0.000178106
3.9 4.2 0.000247739
3.9 4.25 0.000337772
3.9 4.3 0.000451406
3.9 4.35 0.000591325
3.9 4.4 0.000759275
3.9 4.45 0.000955621
3.9 4.5 0.00117893
3.9 4.55 0.00142561
3.9 4.6 0.00168979
3.9 4.65 0.00196325
3.9 4.7 0.0022358
3.9 4.75 0.00249578
3.9 4.8 0.00273081
3.9 4.85 0.00292882
3.9 4.9 0.00307898
3.9 4.95 0.00317275
3.9 5 0.00320463
3.9 5.05 0.00317275
3.9 5.1 0.00307898
3.9 5.15 0.00292882
3.9 5.2 0.00273081
3.9 5.25 0.00249578
3.9 5.3 0.0022358
3.9 5.35 0.00196325
3.9 5.4 0.00168979
3.9 5.45 0.00142561
3.9 5.5 0.00117893
3.9 5.55 0.000955621
3.9 5.6 0.000759275
3.9 5.65 0.000591325
3.9 5.7 0.000451406
3.9 5.75 0.000337772
3.9 5.8 0.000247739
3.9 5.85 0.000178106
3.9 5.9 0.00012551
3.9 5.95 8.66942e-05
3.9 6 5.86972e-05
3.9 6.05 3.89546e-05
3.9 6.1 2.53405e-05
3.9 6.15 1.61579e-05
3.9 6.2 1.00988e-05
3.9 6.25 6.18686e-06
3.9 6.3 3.71522e-06
3.9 6.35 2.18682e-06
3.9 6.4 1.2617e-06
3.9 6.45 7.13532e-07
3.9 6.5 3.95536e-07
3.9 6.55 2.14918e-07
3.9 6.6 1.14465e-07
3.9 6.65 5.97572e-08
3.9 6.7 3.05789e-08
3.9 6.75 1.53379e-08
3.9 6.8 7.54098e-09
3.9 6.85 3.63415e-09
3.9 6.9 1.7167e-09
3.9 6.95 7.94876e-10
3.9 7 3.60761e-10
3.9 7.05 1.60493e-10
3.9 7.1 6.99851e-11
3.9 7.15 2.99138e-11
3.9 7.2 1.25329e-11
3.9 7.25 5.14693e-12
3.9 7.3 2.07186e-12
3.9 7.35 8.17497e-13
3.9 7.4 3.16176e-13
3.9 7.45 1.19863e-13
3.9 7.5 4.45409e-14
3.9 7.55 1.62236e-14
3.9 7.6 5.79232e-15
3.9 7.65 2.02709e-15
3.9 7.7 6.95358e-16
3.9 7.75 2.33808e-16
3.9 7.8 7.70598e-17
3.9 7.85 2.4895e-17
3.9 7.9 7.88336e-18
3.9 7.95 2.44696e-18
3.9 8 7.44491e-19
3.9 8.05 2.22028e-19
3.9 8.1 6.49042e-20
3.9 8.15 1.85975e-20
3.9 8.2 5.22338e-21
3.9 8.25 1.43802e-21
3.9 8.3 3.88059e-22
3.9 8.35 1.02647e-22
3.9 8.4 2.6614e-23
3.9 8.45 6.76383e-24
3.9 8.5 1.68497e-24
3.9 8.55 4.11442e-25
3.9 8.6 9.84787e-26
3.9 8.65 2.31043e-26
3.9 8.7 5.31328e-27
3.9 8.75 1.1977e-27
3.9 8.8 2.64639e-28
3.9 8.85 5.73159e-29
3.9 8.9 1.21679e-29
3.9 8.95 2.53206e-30
3.9 9 5.16476e-31
3.9 9.05 1.03263e-31
3.9 9.1 2.02376e-32
3.9 9.15 3.88768e-33
3.9 9.2 7.32052e-34
3.9 9.25 1.35118e-34
3.9 9.3 2.44456e-35
3.9 9.35 4.3352e-36
3.9 9.4 7.53592e-37
3.9 9.45 1.28405e-37
3.9 9.5 2.14462e-38
3.9 9.55 3.51105e-39
3.9 9.6 5.63435e-40
3.9 9.65 8.86279e-41
3.9 9.7 1.36652e-41
3.9 9.75 2.06531e-42
3.9 9.8 3.05966e-43
3.9 9.85 4.44306e-44
3.9 9.9 6.3243e-45
3.9 9.95 8.76586e-46
3.9 10 0
3.95 0 0
3.95 0.05 1.34746e-45
3.95 0.1 9.7212e-45
3.95 0.15 6.82953e-44
3.95 0.2 4.70308e-43
3.95 0.25 3.17464e-42
3.95 0.3 2.10053e-41
3.95 0.35 1.36233e-40
3.95 0.4 8.66075e-40
3.95 0.45 5.39697e-39
3.95 0.5 3.29658e-38
3.95 0.55 1.97378e-37
3.95 0.6 1.15838e-36
3.95 0.65 6.66384e-36
3.95 0.7 3.75766e-35
3.95 0.75 2.07696e-34
3.95 0.8 1.12528e-33
3.95 0.85 5.97599e-33
3.95 0.9 3.11084e-32
3.95 0.95 1.58732e-31
3.95 1 7.9391e-31
3.95 1.05 3.8922e-30
3.95 1.1 1.87041e-29
3.95 1.15 8.81045e-29
3.95 1.2 4.06796e-28
3.95 1.25 1.84108e-27
3.95 1.3 8.16746e-27
3.95 1.35 3.55156e-26
3.95 1.4 1.5138e-25
3.95 1.45 6.32462e-25
3.95 1.5 2.59011e-24
3.95 1.55 1.03973e-23
3.95 1.6 4.09109e-23
3.95 1.65 1.57788e-22
3.95 1.7 5.96522e-22
3.95 1.75 2.21053e-21
3.95 1.8 8.02937e-21
3.95 1.85 2.8588e-20
3.95 1.9 9.97708e-20
3.95 1.95 3.41302e-19
3.95 2 1.14443e-18
3.95 2.05 3.76149e-18
3.95 2.1 1.21184e-17
3.95 2.15 3.82688e-17
3.95 2.2 1.18457e-16
3.95 2.25 3.59413e-16
3.95 2.3 1.06891e-15
3.95 2.35 3.11607e-15
3.95 2.4 8.90405e-15
3.95 2.45 2.49393e-14
3.95 2.5 6.84692e-14
3.95 2.55 1.84256e-13
3.95 2.6 4.86032e-13
3.95 2.65 1.25668e-12
3.95 2.7 3.18491e-12
3.95 2.75 7.912e-12
3.95 2.8 1.92659e-11
3.95 2.85 4.59843e-11
3.95 2.9 1.07583e-10
3.95 2.95 2.46714e-10
3.95 3 5.54574e-10
3.95 3.05 1.22191e-09
3.95 3.1 2.63897e-09
3.95 3.15 5.58655e-09
3.95 3.2 1.15923e-08
3.95 3.25 2.35781e-08
3.95 3.3 4.7007e-08
3.95 3.35 9.18612e-08
3.95 3.4 1.75961e-07
3.95 3.45 3.30381e-07
3.95 3.5 6.08034e-07
3.95 3.55 1.09687e-06
3.95 3.6 1.93954e-06
3.95 3.65 3.36168e-06
3.95 3.7 5.7112e-06
3.95 3.75 9.51073e-06
3.95 3.8 1.55244e-05
3.95 3.85 2.48387e-05
3.95 3.9 3.89546e-05
3.95 3.95 5.98829e-05
3.95 4 9.02322e-05
3.95 4.05 0.000133271
3.95 4.1 0.00019294
3.95 4.15 0.000273793
3.95 4.2 0.000380836
3.95 4.25 0.00051924
3.95 4.3 0.000693925
3.95 4.35 0.000909015
3.95 4.4 0.0011672
3.95 4.45 0.00146903
3.95 4.5 0.00181231
3.95 4.55 0.00219153
3.95 4.6 0.00259763
3.95 4.65 0.00301801
3.95 4.7 0.00343699
3.95 4.75 0.00383664
3.95 4.8 0.00419795
3.95 4.85 0.00450233
3.95 4.9 0.00473317
3.95 4.95 0.00487732
3.95 5 0.00492634
3.95 5.05 0.00487732
3.95 5.1 0.00473317
3.95 5.15 0.00450233
3.95 5.2 0.00419795
3.95 5.25 0.00383664
3.95 5.3 0.00343699
3.95 5.35 0.00301801
3.95 5.4 0.00259763
3.95 5.45 0.00219153
3.95 5.5 0.00181231
3.95 5.55 0.00146903
3.95 5.6 0.0011672
3.95 5.65 0.000909015
3.95 5.7 0.000693925
3.95 5.75 0.00051924
3.95 5.8 0.000380836
3.95 5.85 0.000273793
3.95 5.9 0.00019294
3.95 5.95 0.000133271
3.95 6 9.02322e-05
3.95 6.05 5.98829e-05
3.95 6.1 3.89546e-05
3.95 6.15 2.48387e-05
3.95 6.2 1.55244e-05
3.95 6.25 9.51073e-06
3.95 6.3 5.7112e-06
3.95 6.35 3.36168e-06
3.95 6.4 1.93954e-06
3.95 6.45 1.09687e-06
3.95 6.5 6.08034e-07
3.95 6.55 3.30381e-07
3.95 6.6 1.75961e-07
3.95 6.65 9.18612e-08
3.95 6.7 4.7007e-08
3.95 6.75 2.35781e-08
3.95 6.8 1.15923e-08
3.95 6.85 5.58655e-09
3.95 6.9 2.63897e-09
3.95 6.95 1.22191e-09
3.95 7 5.54574e-10
3.95 7.05 2.46714e-10
3.95 7.1 1.07583e-10
3.95 7.15 4.59843e-11
3.95 7.2 1.92659e-11
3.95 7.25 7.912e-12
3.95 7.3 3.18491e-12
3.95 7.35 1.25668e-12
3.95 7.4 4.86032e-13
3.95 7.45 1.84256e-13
3.95 7.5 6.84692e-14
3.95 7.55 2.49393e-14
3.95 7.6 8.90405e-15
3.95 7.65 3.11607e-15
3.95 7.7 1.06891e-15
3.95 7.75 3.59413e-16
3.95 7.8 1.18457e-16
3.95 7.85 3.82688e-17
3.95 7.9 1.21184e-17
3.95 7.95 3.76149e-18
3.95 8 1.14443e-18
3.95 8.05 3.41302e-19
3.95 8.1 9.97708e-20
3.95 8.15 2.8588e-20
3.95 8.2 8.02937e-21
3.95 8.25 2.21053e-21
3.95 8.3 5.96522e-22
3.95 8.35 1.57788e-22
3.95 8.4 4.09109e-23
3.95 8.45 1.03973e-23
3.95 8.5 2.59011e-24
3.95 8.55 6.32462e-25
3.95 8.6 1.5138e-25
3.95 8.65 3.55156e-26
3.95 8.7 8.16746e-27
3.95 8.75 1.84108e-27
3.95 8.8 4.06796e-28
3.95 8.85 8.81045e-29
3.95 8.9 1.87041e-29
3.95 8.95 3.8922e-30
3.95 9 7.9391e-31
3.95 9.05 1.58732e-31
3.95 9.1 3.11084e-32
3.95 9.15 5.97599e-33
3.95 9.2 1.12528e-33
3.95 9.25 2.07696e-34
3.95 9.3 3.75766e-35
3.95 9.35 6.66384e-36
3.95 9.4 1.15838e-36
3.95 9.45 1.97378e-37
3.95 9.5 3.29658e-38
3.95 9.55 5.39697e-39
3.95 9.6 8.66075e-40
3.95 9.65 1.36233e-40
3.95 9.7 2.10053e-41
3.95 9.75 3.17464e-42
3.95 9.8 4.70308e-43
3.95 9.85 6.82953e-44
3.95 9.9 9.7212e-45
3.95 9.95 1.34746e-45
3.95 10 0
4 0 0
4 0.05 2.03025e-45
4 0.1 1.46468e-44
4 0.15 1.029e-43
4 0.2 7.0861e-43
4 0.25 4.78322e-42
4 0.3 3.16486e-41
4 0.35 2.05262e-40
4 0.4 1.30492e-39
4 0.45 8.13165e-39
4 0.5 4.96699e-38
4 0.55 2.97391e-37
4 0.6 1.74535e-36
4 0.65 1.00405e-35
4 0.7 5.66174e-35
4 0.75 3.12941e-34
4 0.8 1.69548e-33
4 0.85 9.00417e-33
4 0.9 4.68719e-32
4 0.95 2.39167e-31
4 1 1.19621e-30
4 1.05 5.86451e-30
4 1.1 2.81822e-29
4 1.15 1.3275e-28
4 1.2 6.12936e-28
4 1.25 2.77403e-27
4 1.3 1.23063e-26
4 1.35 5.35129e-26
4 1.4 2.28091e-25
4 1.45 9.52963e-25
4 1.5 3.90266e-24
4 1.55 1.56662e-23
4 1.6 6.16427e-23
4 1.65 2.37748e-22
4 1.7 8.98815e-22
4 1.75 3.33074e-21
4 1.8 1.20984e-20
4 1.85 4.30754e-20
4 1.9 1.50331e-19
4 1.95 5.14263e-19
4 2 1.7244e-18
4 2.05 5.6677e-18
4 2.1 1.82596e-17
4 2.15 5.76624e-17
4 2.2 1.78488e-16
4 2.25 5.41556e-16
4 2.3 1.61062e-15
4 2.35 4.69523e-15
4 2.4 1.34165e-14
4 2.45 3.7578e-14
4 2.5 1.03168e-13
4 2.55 2.77635e-13
4 2.6 7.32347e-13
4 2.65 1.89354e-12
4 2.7 4.79898e-12
4 2.75 1.19217e-11
4 2.8 2.90297e-11
4 2.85 6.92888e-11
4 2.9 1.62106e-10
4 2.95 3.71748e-10
4 3 8.35629e-10
4 3.05 1.84117e-09
4 3.1 3.97639e-09
4 3.15 8.41781e-09
4 3.2 1.74672e-08
4 3.25 3.55274e-08
4 3.3 7.08302e-08
4 3.35 1.38417e-07
4 3.4 2.65138e-07
4 3.45 4.97819e-07
4 3.5 9.16188e-07
4 3.55 1.65277e-06
4 3.6 2.92251e-06
4 3.65 5.06539e-06
4 3.7 8.60568e-06
4 3.75 1.43308e-05
4 3.8 2.33923e-05
4 3.85 3.74272e-05
4 3.9 5.86972e-05
4 3.95 9.02322e-05
4 4 0.000135963
4 4.05 0.000200813
4 4.1 0.000290723
4 4.15 0.000412555
4 4.2 0.000573849
4 4.25 0.000782398
4 4.3 0.00104562
4 4.35 0.00136972
4 4.4 0.00175875
4 4.45 0.00221356
4 4.5 0.00273081
4 4.55 0.00330223
4 4.6 0.00391414
4 4.65 0.00454758
4 4.7 0.00517891
4 4.75 0.00578111
4 4.8 0.00632553
4 4.85 0.00678419
4 4.9 0.00713202
4 4.95 0.00734922
4 5 0.00742308
4 5.05 0.00734922
4 5.1 0.00713202
4 5.15 0.00678419
4 5.2 0.00632553
4 5.25 0.00578111
4 5.3 0.00517891
4 5.35 0.00454758
4 5.4 0.00391414
4 5.45 0.00330223
4 5.5 0.00273081
4 5.55 0.00221356
4 5.6 0.00175875
4 5.65 0.00136972
4 5.7 0.00104562
4 5.75 0.000782398
4 5.8 0.000573849
4 5.85 0.000412555
4 5.9 0.000290723
4 5.95 0.000200813
4 6 0.000135963
4 6.05 9.02322e-05
4 6.1 5.86972e-05
4 6.15 3.74272e-05
4 6.2 2.33923e-05
4 6.25 1.43308e-05
4 6.3 8.60568e-06
4 6.35 5.06539e-06
4 6.4 2.92251e-06
4 6.45 1.65277e-06
4 6.5 9.16188e-07
4 6.55 4.97819e-07
4 6.6 2.65138e-07
4 6.65 1.38417e-07
4 6.7 7.08302e-08
4 6.75 3.55274e-08
4 6.8 1.74672e-08
4 6.85 8.41781e-09
4 6.9 3.97639e-09
4 6.95 1.84117e-09
4 7 8.35629e-10
4 7.05 3.71748e-10
4 7.1 1.62106e-10
4 7.15 6.92888e-11
4 7.2 2.90297e-11
4 7.25 1.19217e-11
4 7.3 4.79898e-12
4 7.35 1.89354e-12
4 7.4 7.32347e-13
4 7.45 2.77635e-13
4 7.5 1.03168e-13
4 7.55 3.7578e-14
4 7.6 1.34165e-14
4 7.65 4.69523e-15
4 7.7 1.61062e-15
4 7.75 5.41556e-16
4 7.8 1.78488e-16
4 7.85 5.76624e-17
4 7.9 1.82596e-17
4 7.95 5.6677e-18
4 8 1.7244e-18
4 8.05 5.14263e-19
4 8.1 1.50331e-19
4 8.15 4.30754e-20
4 8.2 1.20984e-20
4 8.25 3.33074e-21
4 8.3 8.98815e-22
4 8.35 2.37748e-22
4 8.4 6.16427e-23
4 8.45 1.56662e-23
4 8.5 3.90266e-24
4 8.55 9.52963e-25
4 8.6 2.28091e-25
4 8.65 5.35129e-26
4 8.7 1.23063e-26
4 8.75 2.77403e-27
4 8.8 6.12936e-28
4 8.85 1.3275e-28
4 8.9 2.81822e-29
4 8.95 5.86451e-30
4 9 1.19621e-30
4 9.05 2.39167e-31
4 9.1 4.68719e-32
4 9.15 9.00417e-33
4 9.2 1.69548e-33
4 9.25 3.12941e-34
4 9.3 5.66174e-35
4 9.35 1.00405e-35
4 9.4 1.74535e-36
4 9.45 2.97391e-37
4 9.5 4.96699e-38
4 9.55 8.13165e-39
4 9.6 1.30492e-39
4 9.65 2.05262e-40
4 9.7 3.16486e-41
4 9.75 4.78322e-42
4 9.8 7.0861e-43
4 9.85 1.029e-43
4 9.9 1.46468e-44
4 9.95 2.03025e-45
4 10 0
4.05 0 0
4.05 0.05 2.99848e-45
4.05 0.1 2.16313e-44
4.05 0.15 1.51969e-43
4.05 0.2 1.04652e-42
4.05 0.25 7.06419e-42
4.05 0.3 4.67409e-41
4.05 0.35 3.03146e-40
4.05 0.4 1.9272e-39
4.05 0.45 1.20095e-38
4.05 0.5 7.33565e-38
4.05 0.55 4.39212e-37
4.05 0.6 2.57768e-36
4.05 0.65 1.48287e-35
4.05 0.7 8.36175e-35
4.05 0.75 4.62179e-34
4.05 0.8 2.50405e-33
4.05 0.85 1.32982e-32
4.05 0.9 6.92251e-32
4.05 0.95 3.53225e-31
4.05 1 1.76668e-30
4.05 1.05 8.66132e-30
4.05 1.1 4.16224e-29
4.05 1.15 1.9606e-28
4.05 1.2 9.0525e-28
4.05 1.25 4.097e-27
4.05 1.3 1.81753e-26
4.05 1.35 7.90341e-26
4.05 1.4 3.36872e-25
4.05 1.45 1.40745e-24
4.05 1.5 5.76392e-24
4.05 1.55 2.31377e-23
4.05 1.6 9.10415e-23
4.05 1.65 3.51137e-22
4.05 1.7 1.32748e-21
4.05 1.75 4.91926e-21
4.05 1.8 1.78684e-20
4.05 1.85 6.36195e-20
4.05 1.9 2.22029e-19
4.05 1.95 7.59533e-19
4.05 2 2.54683e-18
4.05 2.05 8.37084e-18
4.05 2.1 2.69683e-17
4.05 2.15 8.51639e-17
4.05 2.2 2.63617e-16
4.05 2.25 7.99847e-16
4.05 2.3 2.37879e-15
4.05 2.35 6.9346e-15
4.05 2.4 1.98154e-14
4.05 2.45 5.55008e-14
4.05 2.5 1.52374e-13
4.05 2.55 4.10053e-13
4.05 2.6 1.08164e-12
4.05 2.65 2.79668e-12
4.05 2.7 7.08788e-12
4.05 2.75 1.76078e-11
4.05 2.8 4.28757e-11
4.05 2.85 1.02337e-10
4.05 2.9 2.39423e-10
4.05 2.95 5.49056e-10
4.05 3 1.23419e-09
4.05 3.05 2.71933e-09
4.05 3.1 5.87297e-09
4.05 3.15 1.24328e-08
4.05 3.2 2.57985e-08
4.05 3.25 5.24728e-08
4.05 3.3 1.04614e-07
4.05 3.35 2.04437e-07
4.05 3.4 3.916e-07
4.05 3.45 7.35262e-07
4.05 3.5 1.35318e-06
4.05 3.55 2.44109e-06
4.05 3.6 4.31646e-06
4.05 3.65 7.48143e-06
4.05 3.7 1.27103e-05
4.05 3.75 2.11662e-05
4.05 3.8 3.45497e-05
4.05 3.85 5.5279e-05
4.05 3.9 8.66942e-05
4.05 3.95 0.000133271
4.05 4 0.000200813
4.05 4.05 0.000296596
4.05 4.1 0.000429391
4.05 4.15 0.000609333
4.05 4.2 0.000847561
4.05 4.25 0.00115558
4.05 4.3 0.00154435
4.05 4.35 0.00202304
4.05 4.4 0.00259763
4.05 4.45 0.00326937
4.05 4.5 0.00403335
4.05 4.55 0.00487732
4.05 4.6 0.00578111
4.05 4.65 0.00671668
4.05 4.7 0.00764914
4.05 4.75 0.00853857
4.05 4.8 0.00934268
4.05 4.85 0.0100201
4.05 4.9 0.0105338
4.05 4.95 0.0108546
4.05 5 0.0109637
4.05 5.05 0.0108546
4.05 5.1 0.0105338
4.05 5.15 0.0100201
4.05 5.2 0.00934268
4.05 5.25 0.00853857
4.05 5.3 0.00764914
4.05 5.35 0.00671668
4.05 5.4 0.00578111
4.05 5.45 0.00487732
4.05 5.5 0.00403335
4.05 5.55 0.00326937
4.05 5.6 0.00259763
4.05 5.65 0.00202304
4.05 5.7 0.00154435
4.05 5.75 0.00115558
4.05 5.8 0.000847561
4.05 5.85 0.000609333
4.05 5.9 0.000429391
4.05 5.95 0.000296596
4.05 6 0.000200813
4.05 6.05 0.000133271
4.05 6.1 8.66942e-05
4.05 6.15 5.5279e-05
4.05 6.2 3.45497e-05
4.05 6.25 2.11662e-05
4.05 6.3 1.27103e-05
4.05 6.35 7.48143e-06
4.05 6.4 4.31646e-06
4.05 6.45 2.44109e-06
4.05 6.5 1.35318e-06
4.05 6.55 7.35262e-07
4.05 6.6 3.916e-07
4.05 6.65 2.04437e-07
4.05 6.7 1.04614e-07
4.05 6.75 5.24728e-08
4.05 6.8 2.57985e-08
4.05 6.85 1.24328e-08
4.05 6.9 5.87297e-09
4.05 6.95 2.71933e-09
4.05 7 1.23419e-09
4.05 7.05 5.49056e-10
4.05 7.1 2.39423e-10
4.05 7.15 1.02337e-10
4.05 7.2 4.28757e-11
4.05 7.25 1.76078e-11
4.05 7.3 7.08788e-12
4.05 7.35 2.79668e-12
4.05 7.4 1.08164e-12
4.05 7.45 4.10053e-13
4.05 7.5 1.52374e-13
4.05 7.55 5.55008e-14
4.05 7.6 1.98154e-14
4.05 7.65 6.9346e-15
4.05 7.7 2.37879e-15
4.05 7.75 7.99847e-16
4.05 7.8 2.63617e-16
4.05 7.85 8.51639e-17
4.05 7.9 2.69683e-17
4.05 7.95 8.37084e-18
4.05 8 2.54683e-18
4.05 8.05 7.59533e-19
4.05 8.1 2.22029e-19
4.05 8.15 6.36195e-20
4.05 8.2 1.78684e-20
4.05 8.25 4.91926e-21
4.05 8.3 1.32748e-21
4.05 8.35 3.51137e-22
4.05 8.4 9.10415e-23
4.05 8.45 2.31377e-23
4.05 8.5 5.76392e-24
4.05 8.55 1.40745e-24
4.05 8.6 3.36872e-25
4.05 8.65 7.90341e-26
4.05 8.7 1.81753e-26
4.05 8.75 4.097e-27
4.05 8.8 9.0525e-28
4.05 8.85 1.9606e-28
4.05 8.9 4.16224e-29
4.05 8.95 8.66132e-30
4.05 9 1.76668e-30
4.05 9.05 3.53225e-31
4.05 9.1 6.92251e-32
4.05 9.15 1.32982e-32
4.05 9.2 2.50405e-33
4.05 9.25 4.62179e-34
4.05 9.3 8.36175e-35
4.05 9.35 1.48287e-35
4.05 9.4 2.57768e-36
4.05 9.45 4.39212e-37
4.05 9.5 7.33565e-38
4.05 9.55 1.20095e-38
4.05 9.6 1.9272e-39
4.05 9.65 3.03146e-40
4.05 9.7 4.67409e-41
4.05 9.75 7.06419e-42
4.05 9.8 1.04652e-42
4.05 9.85 1.51969e-43
4.05 9.9 2.16313e-44
4.05 9.95 2.99848e-45
4.05 10 0
4.1 0 0
4.1 0.05 4.34078e-45
4.1 0.1 3.1314e-44
4.1 0.15 2.19994e-43
4.1 0.2 1.51497e-42
4.1 0.25 1.02263e-41
4.1 0.3 6.76636e-41
4.1 0.35 4.38845e-40
4.1 0.4 2.78989e-39
4.1 0.45 1.73854e-38
4.1 0.5 1.06194e-37
4.1 0.55 6.35822e-37
4.1 0.6 3.73157e-36
4.1 0.65 2.14668e-35
4.1 0.7 1.21049e-34
4.1 0.75 6.69075e-34
4.1 0.8 3.62499e-33
4.1 0.85 1.92512e-32
4.1 0.9 1.00214e-31
4.1 0.95 5.1135e-31
4.1 1 2.55756e-30
4.1 1.05 1.25387e-29
4.1 1.1 6.02553e-29
4.1 1.15 2.8383e-28
4.1 1.2 1.3105e-27
4.1 1.25 5.93111e-27
4.1 1.3 2.63119e-26
4.1 1.35 1.14416e-25
4.1 1.4 4.87681e-25
4.1 1.45 2.03753e-24
4.1 1.5 8.3443e-24
4.1 1.55 3.3496e-23
4.1 1.6 1.31799e-22
4.1 1.65 5.08335e-22
4.1 1.7 1.92178e-21
4.1 1.75 7.12154e-21
4.1 1.8 2.58679e-20
4.1 1.85 9.21012e-20
4.1 1.9 3.2143e-19
4.1 1.95 1.09957e-18
4.1 2 3.68703e-18
4.1 2.05 1.21184e-17
4.1 2.1 3.9042e-17
4.1 2.15 1.23292e-16
4.1 2.2 3.81638e-16
4.1 2.25 1.15794e-15
4.1 2.3 3.44378e-15
4.1 2.35 1.00392e-14
4.1 2.4 2.86868e-14
4.1 2.45 8.03488e-14
4.1 2.5 2.20593e-13
4.1 2.55 5.93636e-13
4.1 2.6 1.5659e-12
4.1 2.65 4.04877e-12
4.1 2.7 1.02612e-11
4.1 2.75 2.54911e-11
4.1 2.8 6.20716e-11
4.1 2.85 1.48154e-10
4.1 2.9 3.46616e-10
4.1 2.95 7.94877e-10
4.1 3 1.78676e-09
4.1 3.05 3.93683e-09
4.1 3.1 8.50241e-09
4.1 3.15 1.79992e-08
4.1 3.2 3.73489e-08
4.1 3.25 7.59659e-08
4.1 3.3 1.51452e-07
4.1 3.35 2.95967e-07
4.1 3.4 5.66928e-07
4.1 3.45 1.06446e-06
4.1 3.5 1.95903e-06
4.1 3.55 3.53403e-06
4.1 3.6 6.24904e-06
4.1 3.65 1.08311e-05
4.1 3.7 1.84011e-05
4.1 3.75 3.06429e-05
4.1 3.8 5.00186e-05
4.1 3.85 8.00289e-05
4.1 3.9 0.00012551
4.1 3.95 0.00019294
4.1 4 0.000290723
4.1 4.05 0.000429391
4.1 4.1 0.000621642
4.1 4.15 0.00088215
4.1 4.2 0.00122704
4.1 4.25 0.00167297
4.1 4.3 0.0022358
4.1 4.35 0.00292882
4.1 4.4 0.00376067
4.1 4.45 0.00473317
4.1 4.5 0.00583921
4.1 4.55 0.00706105
4.1 4.6 0.00836949
4.1 4.65 0.00972396
4.1 4.7 0.0110739
4.1 4.75 0.0123616
4.1 4.8 0.0135257
4.1 4.85 0.0145064
4.1 4.9 0.0152502
4.1 4.95 0.0157146
4.1 5 0.0158726
4.1 5.05 0.0157146
4.1 5.1 0.0152502
4.1 5.15 0.0145064
4.1 5.2 0.0135257
4.1 5.25 0.0123616
4.1 5.3 0.0110739
4.1 5.35 0.00972396
4.1 5.4 0.00836949
4.1 5.45 0.00706105
4.1 5.5 0.00583921
4.1 5.55 0.00473317
4.1 5.6 0.00376067
4.1 5.65 0.00292882
4.1 5.7 0.0022358
4.1 5.75 0.00167297
4.1 5.8 0.00122704
4.1 5.85 0.00088215
4.1 5.9 0.000621642
4.1 5.95 0.000429391
4.1 6 0.000290723
4.1 6.05 0.00019294
4.1 6.1 0.00012551
4.1 6.15 8.00289e-05
4.1 6.2 5.00186e-05
4.1 6.25 3.06429e-05
4.1 6.3 1.84011e-05
4.1 6.35 1.08311e-05
4.1 6.4 6.24904e-06
4.1 6.45 3.53403e-06
4.1 6.5 1.95903e-06
4.1 6.55 1.06446e-06
4.1 6.6 5.66928e-07
4.1 6.65 2.95967e-07
4.1 6.7 1.51452e-07
4.1 6.75 7.59659e-08
4.1 6.8 3.73489e-08
4.1 6.85 1.79992e-08
4.1 6.9 8.50241e-09
4.1 6.95 3.93683e-09
4.1 7 1.78676e-09
4.1 7.05 7.94877e-10
4.1 7.1 3.46616e-10
4.1 7.15 1.48154e-10
4.1 7.2 6.20716e-11
4.1 7.25 2.54911e-11
4.1 7.3 1.02612e-11
4.1 7.35 4.04877e-12
4.1 7.4 1.5659e-12
4.1 7.45 5.93636e-13
4.1 7.5 2.20593e-13
4.1 7.55 8.03488e-14
4.1 7.6 2.86868e-14
4.1 7.65 1.00392e-14
4.1 7.7 3.44378e-15
4.1 7.75 1.15794e-15
4.1 7.8 3.81638e-16
4.1 7.85 1.23292e-16
4.1 7.9 3.9042e-17
4.1 7.95 1.21184e-17
4.1 8 3.68703e-18
4.1 8.05 1.09957e-18
4.1 8.1 3.2143e-19
4.1 8.15 9.21012e-20
4.1 8.2 2.58679e-20
4.1 8.25 7.12154e-21
4.1 8.3 1.92178e-21
4.1 8.35 5.08335e-22
4.1 8.4 1.31799e-22
4.1 8.45 3.3496e-23
4.1 8.5 8.3443e-24
4.1 8.55 2.03753e-24
4.1 8.6 4.87681e-25
4.1 8.65 1.14416e-25
4.1 8.7 2.63119e-26
4.1 8.75 5.93111e-27
4.1 8.8 1.3105e-27
4.1 8.85 2.8383e-28
4.1 8.9 6.02553e-29
4.1 8.95 1.25387e-29
4.1 9 2.55756e-30
4.1 9.05 5.1135e-31
4.1 9.1 1.00214e-31
4.1 9.15 1.92512e-32
4.1 9.2 3.62499e-33
4.1 9.25 6.69075e-34
4.1 9.3 1.21049e-34
4.1 9.35 2.14668e-35
4.1 9.4 3.73157e-36
4.1 9.45 6.35822e-37
4.1 9.5 1.06194e-37
4.1 9.55 1.73854e-38
4.1 9.6 2.78989e-39
4.1 9.65 4.38845e-40
4.1 9.7 6.76636e-41
4.1 9.75 1.02263e-41
4.1 9.8 1.51497e-42
4.1 9.85 2.19994e-43
4.1 9.9 3.1314e-44
4.1 9.95 4.34078e-45
4.1 10 0
4.15 0 0
4.15 0.05 6.15956e-45
4.15 0.1 4.44335e-44
4.15 0.15 3.12165e-43
4.15 0.2 2.1497e-42
4.15 0.25 1.45109e-41
4.15 0.3 9.60129e-41
4.15 0.35 6.2271e-40
4.15 0.4 3.95879e-39
4.15 0.45 2.46695e-38
4.15 0.5 1.50687e-37
4.15 0.55 9.02221e-37
4.15 0.6 5.29504e-36
4.15 0.65 3.04611e-35
4.15 0.7 1.71767e-34
4.15 0.75 9.49411e-34
4.15 0.8 5.14384e-33
4.15 0.85 2.73174e-32
4.15 0.9 1.42204e-31
4.15 0.95 7.25605e-31
4.15 1 3.62918e-30
4.15 1.05 1.77924e-29
4.15 1.1 8.55026e-29
4.15 1.15 4.02756e-28
4.15 1.2 1.85961e-27
4.15 1.25 8.41629e-27
4.15 1.3 3.73368e-26
4.15 1.35 1.62357e-25
4.15 1.4 6.92026e-25
4.15 1.45 2.89129e-24
4.15 1.5 1.18407e-23
4.15 1.55 4.75314e-23
4.15 1.6 1.87026e-22
4.15 1.65 7.21337e-22
4.15 1.7 2.72705e-21
4.15 1.75 1.01056e-20
4.15 1.8 3.67072e-20
4.15 1.85 1.30694e-19
4.15 1.9 4.56118e-19
4.15 1.95 1.56032e-18
4.15 2 5.232e-18
4.15 2.05 1.71964e-17
4.15 2.1 5.54018e-17
4.15 2.15 1.74955e-16
4.15 2.2 5.41557e-16
4.15 2.25 1.64316e-15
4.15 2.3 4.88685e-15
4.15 2.35 1.42461e-14
4.15 2.4 4.07077e-14
4.15 2.45 1.14018e-13
4.15 2.5 3.13031e-13
4.15 2.55 8.42395e-13
4.15 2.6 2.22208e-12
4.15 2.65 5.74539e-12
4.15 2.7 1.45611e-11
4.15 2.75 3.6173e-11
4.15 2.8 8.80825e-11
4.15 2.85 2.10238e-10
4.15 2.9 4.91865e-10
4.15 2.95 1.12797e-09
4.15 3 2.5355e-09
4.15 3.05 5.58656e-09
4.15 3.1 1.20654e-08
4.15 3.15 2.55418e-08
4.15 3.2 5.30001e-08
4.15 3.25 1.078e-07
4.15 3.3 2.14918e-07
4.15 3.35 4.19994e-07
4.15 3.4 8.04503e-07
4.15 3.45 1.51052e-06
4.15 3.5 2.77998e-06
4.15 3.55 5.01499e-06
4.15 3.6 8.86775e-06
4.15 3.65 1.53699e-05
4.15 3.7 2.61122e-05
4.15 3.75 4.34841e-05
4.15 3.8 7.09794e-05
4.15 3.85 0.000113566
4.15 3.9 0.000178106
4.15 3.95 0.000273793
4.15 4 0.000412555
4.15 4.05 0.000609333
4.15 4.1 0.00088215
4.15 4.15 0.00125183
4.15 4.2 0.00174125
4.15 4.25 0.00237406
4.15 4.3 0.00317275
4.15 4.35 0.00415618
4.15 4.4 0.00533663
4.15 4.45 0.00671668
4.15 4.5 0.00828622
4.15 4.55 0.0100201
4.15 4.6 0.0118769
4.15 4.65 0.0137989
4.15 4.7 0.0157146
4.15 4.75 0.0175419
4.15 4.8 0.0191939
4.15 4.85 0.0205856
4.15 4.9 0.021641
4.15 4.95 0.0223001
4.15 5 0.0225242
4.15 5.05 0.0223001
4.15 5.1 0.021641
4.15 5.15 0.0205856
4.15 5.2 0.0191939
4.15 5.25 0.0175419
4.15 5.3 0.0157146
4.15 5.35 0.0137989
4.15 5.4 0.0118769
4.15 5.45 0.0100201
4.15 5.5 0.00828622
4.15 5.55 0.00671668
4.15 5.6 0.00533663
4.15 5.65 0.00415618
4.15 5.7 0.00317275
4.15 5.75 0.00237406
4.15 5.8 0.00174125
4.15 5.85 0.00125183
4.15 5.9 0.00088215
4.15 5.95 0.000609333
4.15 6 0.000412555
4.15 6.05 0.000273793
4.15 6.1 0.000178106
4.15 6.15 0.000113566
4.15 6.2 7.09794e-05
4.15 6.25 4.34841e-05
4.15 6.3 2.61122e-05
4.15 6.35 1.53699e-05
4.15 6.4 8.86775e-06
4.15 6.45 5.01499e-06
4.15 6.5 2.77998e-06
4.15 6.55 1.51052e-06
4.15 6.6 8.04503e-07
4.15 6.65 4.19994e-07
4.15 6.7 2.14918e-07
4.15 6.75 1.078e-07
4.15 6.8 5.30001e-08
4.15 6.85 2.55418e-08
4.15 6.9 1.20654e-08
4.15 6.95 5.58656e-09
4.15 7 2.5355e-09
4.15 7.05 1.12797e-09
4.15 7.1 4.91865e-10
4.15 7.15 2.10238e-10
4.15 7.2 8.80825e-11
4.15 7.25 3.6173e-11
4.15 7.3 1.45611e-11
4.15 7.35 5.74539e-12
4.15 7.4 2.22208e-12
4.15 7.45 8.42395e-13
4.15 7.5 3.13031e-13
4.15 7.55 1.14018e-13
4.15 7.6 4.07077e-14
4.15 7.65 1.42461e-14
4.15 7.7 4.88685e-15
4.15 7.75 1.64316e-15
4.15 7.8 5.41557e-16
4.15 7.85 1.74955e-16
4.15 7.9 5.54018e-17
4.15 7.95 1.71964e-17
4.15 8 5.232e-18
4.15 8.05 1.56032e-18
4.15 8.1 4.56118e-19
4.15 8.15 1.30694e-19
4.15 8.2 3.67072e-20
4.15 8.25 1.01056e-20
4.15 8.3 2.72705e-21
4.15 8.35 7.21337e-22
4.15 8.4 1.87026e-22
4.15 8.45 4.75314e-23
4.15 8.5 1.18407e-23
4.15 8.55 2.89129e-24
4.15 8.6 6.92026e-25
4.15 8.65 1.62357e-25
4.15 8.7 3.73368e-26
4.15 8.75 8.41629e-27
4.15 8.8 1.85961e-27
4.15 8.85 4.02756e-28
4.15 8.9 8.55026e-29
4.15 8.95 1.77924e-29
4.15 9 3.62918e-30
4.15 9.05 7.25605e-31
4.15 9.1 1.42204e-31
4.15 9.15 2.73174e-32
4.15 9.2 5.14384e-33
4.15 9.25 9.49411e-34
4.15 9.3 1.71767e-34
4.15 9.35 3.04611e-35
4.15 9.4 5.29504e-36
4.15 9.45 9.02221e-37
4.15 9.5 1.50687e-37
4.15 9.55 2.46695e-38
4.15 9.6 3.95879e-39
4.15 9.65 6.2271e-40
4.15 9.7 9.60129e-41
4.15 9.75 1.45109e-41
4.15 9.8 2.1497e-42
4.15 9.85 3.12165e-43
4.15 9.9 4.44335e-44
4.15 9.95 6.15956e-45
4.15 10 0
4.2 0 0
4.2 0.05 8.56736e-45
4.2 0.1 6.18013e-44
4.2 0.15 4.34182e-43
4.2 0.2 2.98997e-42
4.2 0.25 2.01829e-41
4.2 0.3 1.33543e-40
4.2 0.35 8.66117e-40
4.2 0.4 5.50623e-39
4.2 0.45 3.43124e-38
4.2 0.5 2.09589e-37
4.2 0.55 1.25489e-36
4.2 0.6 7.36483e-36
4.2 0.65 4.23681e-35
4.2 0.7 2.3891e-34
4.2 0.75 1.32053e-33
4.2 0.8 7.15457e-33
4.2 0.85 3.79958e-32
4.2 0.9 1.97791e-31
4.2 0.95 1.00925e-30
4.2 1 5.04784e-30
4.2 1.05 2.47476e-29
4.2 1.1 1.18926e-28
4.2 1.15 5.60197e-28
4.2 1.2 2.58656e-27
4.2 1.25 1.17063e-26
4.2 1.3 5.19323e-26
4.2 1.35 2.25825e-25
4.2 1.4 9.62552e-25
4.2 1.45 4.02155e-24
4.2 1.5 1.64695e-23
4.2 1.55 6.61125e-23
4.2 1.6 2.60138e-22
4.2 1.65 1.00333e-21
4.2 1.7 3.79312e-21
4.2 1.75 1.40562e-20
4.2 1.8 5.10571e-20
4.2 1.85 1.81786e-19
4.2 1.9 6.34428e-19
4.2 1.95 2.1703e-18
4.2 2 7.27737e-18
4.2 2.05 2.39191e-17
4.2 2.1 7.70604e-17
4.2 2.15 2.43351e-16
4.2 2.2 7.53273e-16
4.2 2.25 2.28553e-15
4.2 2.3 6.79732e-15
4.2 2.35 1.98154e-14
4.2 2.4 5.66221e-14
4.2 2.45 1.58593e-13
4.2 2.5 4.35408e-13
4.2 2.55 1.17172e-12
4.2 2.6 3.09079e-12
4.2 2.65 7.99153e-12
4.2 2.7 2.02537e-11
4.2 2.75 5.03148e-11
4.2 2.8 1.22518e-10
4.2 2.85 2.9243e-10
4.2 2.9 6.84161e-10
4.2 2.95 1.56895e-09
4.2 3 3.52676e-09
4.2 3.05 7.77064e-09
4.2 3.1 1.67824e-08
4.2 3.15 3.55275e-08
4.2 3.2 7.37208e-08
4.2 3.25 1.49945e-07
4.2 3.3 2.98942e-07
4.2 3.35 5.84194e-07
4.2 3.4 1.11903e-06
4.2 3.45 2.10107e-06
4.2 3.5 3.86684e-06
4.2 3.55 6.97565e-06
4.2 3.6 1.23347e-05
4.2 3.65 2.1379e-05
4.2 3.7 3.63211e-05
4.2 3.75 6.04848e-05
4.2 3.8 9.87296e-05
4.2 3.85 0.000157966
4.2 3.9 0.000247739
4.2 3.95 0.000380836
4.2 4 0.000573849
4.2 4.05 0.000847561
4.2 4.1 0.00122704
4.2 4.15 0.00174125
4.2 4.2 0.00242201
4.2 4.25 0.00330223
4.2 4.3 0.00441318
4.2 4.35 0.00578111
4.2 4.4 0.00742308
4.2 4.45 0.00934268
4.2 4.5 0.0115258
4.2 4.55 0.0139376
4.2 4.6 0.0165203
4.2 4.65 0.0191939
4.2 4.7 0.0218585
4.2 4.75 0.0244002
4.2 4.8 0.026698
4.2 4.85 0.0286339
4.2 4.9 0.030102
4.2 4.95 0.0310187
4.2 5 0.0313304
4.2 5.05 0.0310187
4.2 5.1 0.030102
4.2 5.15 0.0286339
4.2 5.2 0.026698
4.2 5.25 0.0244002
4.2 5.3 0.0218585
4.2 5.35 0.0191939
4.2 5.4 0.0165203
4.2 5.45 0.0139376
4.2 5.5 0.0115258
4.2 5.55 0.00934268
4.2 5.6 0.00742308
4.2 5.65 0.00578111
4.2 5.7 0.00441318
4.2 5.75 0.00330223
4.2 5.8 0.00242201
4.2 5.85 0.00174125
4.2 5.9 0.00122704
4.2 5.95 0.000847561
4.2 6 0.000573849
4.2 6.05 0.000380836
4.2 6.1 0.000247739
4.2 6.15 0.000157966
4.2 6.2 9.87296e-05
4.2 6.25 6.04848e-05
4.2 6.3 3.63211e-05
4.2 6.35 2.1379e-05
4.2 6.4 1.23347e-05
4.2 6.45 6.97565e-06
4.2 6.5 3.86684e-06
4.2 6.55 2.10107e-06
4.2 6.6 1.11903e-06
4.2 6.65 5.84194e-07
4.2 6.7 2.98942e-07
4.2 6.75 1.49945e-07
4.2 6.8 7.37208e-08
4.2 6.85 3.55275e-08
4.2 6.9 1.67824e-08
4.2 6.95 7.77064e-09
4.2 7 3.52676e-09
4.2 7.05 1.56895e-09
4.2 7.1 6.84161e-10
4.2 7.15 2.9243e-10
4.2 7.2 1.22518e-10
4.2 7.25 5.03148e-11
4.2 7.3 2.02537e-11
4.2 7.35 7.99153e-12
4.2 7.4 3.09079e-12
4.2 7.45 1.17172e-12
4.2 7.5 4.35408e-13
4.2 7.55 1.58593e-13
4.2 7.6 5.66221e-14
4.2 7.65 1.98154e-14
4.2 7.7 6.79732e-15
4.2 7.75 2.28553e-15
4.2 7.8 7.53273e-16
4.2 7.85 2.43351e-16
4.2 7.9 7.70604e-17
4.2 7.95 2.39191e-17
4.2 8 7.27737e-18
4.2 8.05 2.1703e-18
4.2 8.1 6.34428e-19
4.2 8.15 1.81786e-19
4.2 8.2 5.10571e-20
4.2 8.25 1.40562e-20
4.2 8.3 3.79312e-21
4.2 8.35 1.00333e-21
4.2 8.4 2.60138e-22
4.2 8.45 6.61125e-23
4.2 8.5 1.64695e-23
4.2 8.55 4.02155e-24
4.2 8.6 9.62552e-25
4.2 8.65 2.25825e-25
4.2 8.7 5.19323e-26
4.2 8.75 1.17063e-26
4.2 8.8 2.58656e-27
4.2 8.85 5.60197e-28
4.2 8.9 1.18926e-28
4.2 8.95 2.47476e-29
4.2 9 5.04784e-30
4.2 9.05 1.00925e-30
4.2 9.1 1.97791e-31
4.2 9.15 3.79958e-32
4.2 9.2 7.15457e-33
4.2 9.25 1.32053e-33
4.2 9.3 2.3891e-34
4.2 9.35 4.23681e-35
4.2 9.4 7.36483e-36
4.2 9.45 1.25489e-36
4.2 9.5 2.09589e-37
4.2 9.55 3.43124e-38
4.2 9.6 5.50623e-39
4.2 9.65 8.66117e-40
4.2 9.7 1.33543e-40
4.2 9.75 2.01829e-41
4.2 9.8 2.98997e-42
4.2 9.85 4.34182e-43
4.2 9.9 6.18013e-44
4.2 9.95 8.56736e-45
4.2 10 0
4.25 0 0
4.25 0.05 1.16805e-44
4.25 0.1 8.42561e-44
4.25 0.15 5.91938e-43
4.25 0.2 4.07635e-42
4.25 0.25 2.75162e-41
4.25 0.3 1.82065e-40
4.25 0.35 1.18082e-39
4.25 0.4 7.50691e-39
4.25 0.45 4.67799e-38
4.25 0.5 2.85744e-37
4.25 0.55 1.71086e-36
4.25 0.6 1.00409e-35
4.25 0.65 5.77629e-35
4.25 0.7 3.2572e-34
4.25 0.75 1.80036e-33
4.25 0.8 9.75427e-33
4.25 0.85 5.18021e-32
4.25 0.9 2.69662e-31
4.25 0.95 1.37597e-30
4.25 1 6.88207e-30
4.25 1.05 3.37401e-29
4.25 1.1 1.62141e-28
4.25 1.15 7.63758e-28
4.25 1.2 3.52645e-27
4.25 1.25 1.59601e-26
4.25 1.3 7.08033e-26
4.25 1.35 3.07885e-25
4.25 1.4 1.31232e-24
4.25 1.45 5.4829e-24
4.25 1.5 2.24542e-23
4.25 1.55 9.01367e-23
4.25 1.6 3.54669e-22
4.25 1.65 1.36792e-21
4.25 1.7 5.17149e-21
4.25 1.75 1.91641e-20
4.25 1.8 6.96107e-20
4.25 1.85 2.47846e-19
4.25 1.9 8.64974e-19
4.25 1.95 2.95897e-18
4.25 2 9.92191e-18
4.25 2.05 3.26112e-17
4.25 2.1 1.05064e-16
4.25 2.15 3.31784e-16
4.25 2.2 1.02701e-15
4.25 2.25 3.11609e-15
4.25 2.3 9.26746e-15
4.25 2.35 2.70164e-14
4.25 2.4 7.71986e-14
4.25 2.45 2.16226e-13
4.25 2.5 5.93637e-13
4.25 2.55 1.59753e-12
4.25 2.6 4.214e-12
4.25 2.65 1.08957e-11
4.25 2.7 2.76141e-11
4.25 2.75 6.85995e-11
4.25 2.8 1.67043e-10
4.25 2.85 3.98702e-10
4.25 2.9 9.32792e-10
4.25 2.95 2.13912e-09
4.25 3 4.80842e-09
4.25 3.05 1.05946e-08
4.25 3.1 2.28813e-08
4.25 3.15 4.84386e-08
4.25 3.2 1.00512e-07
4.25 3.25 2.04437e-07
4.25 3.3 4.07582e-07
4.25 3.35 7.96499e-07
4.25 3.4 1.5257e-06
4.25 3.45 2.86464e-06
4.25 3.5 5.27211e-06
4.25 3.55 9.51073e-06
4.25 3.6 1.68173e-05
4.25 3.65 2.91485e-05
4.25 3.7 4.95209e-05
4.25 3.75 8.24661e-05
4.25 3.8 0.00013461
4.25 3.85 0.000215374
4.25 3.9 0.000337772
4.25 3.95 0.00051924
4.25 4 0.000782398
4.25 4.05 0.00115558
4.25 4.1 0.00167297
4.25 4.15 0.00237406
4.25 4.2 0.00330223
4.25 4.25 0.00450233
4.25 4.3 0.00601704
4.25 4.35 0.00788209
4.25 4.4 0.0101208
4.25 4.45 0.012738
4.25 4.5 0.0157146
4.25 4.55 0.0190029
4.25 4.6 0.0225242
4.25 4.65 0.0261694
4.25 4.7 0.0298024
4.25 4.75 0.0332678
4.25 4.8 0.0364008
4.25 4.85 0.0390401
4.25 4.9 0.0410418
4.25 4.95 0.0422917
4.25 5 0.0427167
4.25 5.05 0.0422917
4.25 5.1 0.0410418
4.25 5.15 0.0390401
4.25 5.2 0.0364008
4.25 5.25 0.0332678
4.25 5.3 0.0298024
4.25 5.35 0.0261694
4.25 5.4 0.0225242
4.25 5.45 0.0190029
4.25 5.5 0.0157146
4.25 5.55 0.012738
4.25 5.6 0.0101208
4.25 5.65 0.00788209
4.25 5.7 0.00601704
4.25 5.75 0.00450233
4.25 5.8 0.00330223
4.25 5.85 0.00237406
4.25 5.9 0.00167297
4.25 5.95 0.00115558
4.25 6 0.000782398
4.25 6.05 0.00051924
4.25 6.1 0.000337772
4.25 6.15 0.000215374
4.25 6.2 0.00013461
4.25 6.25 8.24661e-05
4.25 6.3 4.95209e-05
4.25 6.35 2.91485e-05
4.25 6.4 1.68173e-05
4.25 6.45 9.51073e-06
4.25 6.5 5.27211e-06
4.25 6.55 2.86464e-06
4.25 6.6 1.5257e-06
4.25 6.65 7.96499e-07
4.25 6.7 4.07582e-07
4.25 6.75 2.04437e-07
4.25 6.8 1.00512e-07
4.25 6.85 4.84386e-08
4.25 6.9 2.28813e-08
4.25 6.95 1.05946e-08
4.25 7 4.80842e-09
4.25 7.05 2.13912e-09
4.25 7.1 9.32792e-10
4.25 7.15 3.98702e-10
4.25 7.2 1.67043e-10
4.25 7.25 6.85995e-11
4.25 7.3 2.76141e-11
4.25 7.35 1.08957e-11
4.25 7.4 4.214e-12
4.25 7.45 1.59753e-12
4.25 7.5 5.93637e-13
4.25 7.55 2.16226e-13
4.25 7.6 7.71986e-14
4.25 7.65 2.70164e-14
4.25 7.7 9.26746e-15
4.25 7.75 3.11609e-15
4.25 7.8 1.02701e-15
4.25 7.85 3.31784e-16
4.25 7.9 1.05064e-16
4.25 7.95 3.26112e-17
4.25 8 9.92191e-18
4.25 8.05 2.95897e-18
4.25 8.1 8.64974e-19
4.25 8.15 2.47846e-19
4.25 8.2 6.96107e-20
4.25 8.25 1.91641e-20
4.25 8.3 5.17149e-21
4.25 8.35 1.36792e-21
4.25 8.4 3.54669e-22
4.25 8.45 9.01367e-23
4.25 8.5 2.24542e-23
4.25 8.55 5.4829e-24
4.25 8.6 1.31232e-24
4.25 8.65 3.07885e-25
4.25 8.7 7.08033e-26
4.25 8.75 1.59601e-26
4.25 8.8 3.52645e-27
4.25 8.85 7.63758e-28
4.25 8.9 1.62141e-28
4.25 8.95 3.37401e-29
4.25 9 6.88207e-30
4.25 9.05 1.37597e-30
4.25 9.1 2.69662e-31
4.25 9.15 5.18021e-32
4.25 9.2 9.75427e-33
4.25 9.25 1.80036e-33
4.25 9.3 3.2572e-34
4.25 9.35 5.77629e-35
4.25 9.4 1.00409e-35
4.25 9.45 1.71086e-36
4.25 9.5 2.85744e-37
4.25 9.55 4.67799e-38
4.25 9.6 7.50691e-39
4.25 9.65 1.18082e-39
4.25 9.7 1.82065e-40
4.25 9.75 2.75162e-41
4.25 9.8 4.07635e-42
4.25 9.85 5.91938e-43
4.25 9.9 8.42561e-44
4.25 9.95 1.16805e-44
4.25 10 0
4.3 0 0
4.3 0.05 1.56095e-44
4.3 0.1 1.12596e-43
4.3 0.15 7.91036e-43
4.3 0.2 5.44744e-42
4.3 0.25 3.67714e-41
4.3 0.3 2.43303e-40
4.3 0.35 1.57799e-39
4.3 0.4 1.00319e-38
4.3 0.45 6.25147e-38
4.3 0.5 3.81857e-37
4.3 0.55 2.28633e-36
4.3 0.6 1.34183e-35
4.3 0.65 7.71923e-35
4.3 0.7 4.35282e-34
4.3 0.75 2.40595e-33
4.3 0.8 1.30353e-32
4.3 0.85 6.92269e-32
4.3 0.9 3.60369e-31
4.3 0.95 1.83882e-30
4.3 1 9.19703e-30
4.3 1.05 4.50895e-29
4.3 1.1 2.16681e-28
4.3 1.15 1.02067e-27
4.3 1.2 4.71267e-27
4.3 1.25 2.13288e-26
4.3 1.3 9.46204e-26
4.3 1.35 4.11453e-25
4.3 1.4 1.75377e-24
4.3 1.45 7.32728e-24
4.3 1.5 3.00075e-23
4.3 1.55 1.20458e-22
4.3 1.6 4.73976e-22
4.3 1.65 1.82808e-21
4.3 1.7 6.91114e-21
4.3 1.75 2.56107e-20
4.3 1.8 9.30274e-20
4.3 1.85 3.3122e-19
4.3 1.9 1.15595e-18
4.3 1.95 3.95437e-18
4.3 2 1.32596e-17
4.3 2.05 4.35815e-17
4.3 2.1 1.40407e-16
4.3 2.15 4.43397e-16
4.3 2.2 1.3725e-15
4.3 2.25 4.16435e-15
4.3 2.3 1.23851e-14
4.3 2.35 3.61048e-14
4.3 2.4 1.03169e-13
4.3 2.45 2.88966e-13
4.3 2.5 7.93341e-13
4.3 2.55 2.13496e-12
4.3 2.6 5.63163e-12
4.3 2.65 1.45611e-11
4.3 2.7 3.69037e-11
4.3 2.75 9.16772e-11
4.3 2.8 2.23238e-10
4.3 2.85 5.3283e-10
4.3 2.9 1.2466e-09
4.3 2.95 2.85876e-09
4.3 3 6.42605e-09
4.3 3.05 1.41588e-08
4.3 3.1 3.05789e-08
4.3 3.15 6.47342e-08
4.3 3.2 1.34326e-07
4.3 3.25 2.73213e-07
4.3 3.3 5.447e-07
4.3 3.35 1.06446e-06
4.3 3.4 2.03898e-06
4.3 3.45 3.82836e-06
4.3 3.5 7.04576e-06
4.3 3.55 1.27103e-05
4.3 3.6 2.24751e-05
4.3 3.65 3.89546e-05
4.3 3.7 6.61808e-05
4.3 3.75 0.00011021
4.3 3.8 0.000179896
4.3 3.85 0.000287831
4.3 3.9 0.000451406
4.3 3.95 0.000693925
4.3 4 0.00104562
4.3 4.05 0.00154435
4.3 4.1 0.0022358
4.3 4.15 0.00317275
4.3 4.2 0.00441318
4.3 4.25 0.00601704
4.3 4.3 0.00804132
4.3 4.35 0.0105338
4.3 4.4 0.0135257
4.3 4.45 0.0170234
4.3 4.5 0.0210014
4.3 4.55 0.025396
4.3 4.6 0.030102
4.3 4.65 0.0349735
4.3 4.7 0.0398288
4.3 4.75 0.04446
4.3 4.8 0.048647
4.3 4.85 0.0521743
4.3 4.9 0.0548493
4.3 4.95 0.0565197
4.3 5 0.0570878
4.3 5.05 0.0565197
4.3 5.1 0.0548493
4.3 5.15 0.0521743
4.3 5.2 0.048647
4.3 5.25 0.04446
4.3 5.3 0.0398288
4.3 5.35 0.0349735
4.3 5.4 0.030102
4.3 5.45 0.025396
4.3 5.5 0.0210014
4.3 5.55 0.0170234
4.3 5.6 0.0135257
4.3 5.65 0.0105338
4.3 5.7 0.00804132
4.3 5.75 0.00601704
4.3 5.8 0.00441318
4.3 5.85 0.00317275
4.3 5.9 0.0022358
4.3 5.95 0.00154435
4.3 6 0.00104562
4.3 6.05 0.000693925
4.3 6.1 0.000451406
4.3 6.15 0.000287831
4.3 6.2 0.000179896
4.3 6.25 0.00011021
4.3 6.3 6.61808e-05
4.3 6.35 3.89546e-05
4.3 6.4 2.24751e-05
4.3 6.45 1.27103e-05
4.3 6.5 7.04576e-06
4.3 6.55 3.82836e-06
4.3 6.6 2.03898e-06
4.3 6.65 1.06446e-06
4.3 6.7 5.447e-07
4.3 6.75 2.73213e-07
4.3 6.8 1.34326e-07
4.3 6.85 6.47342e-08
4.3 6.9 3.05789e-08
4.3 6.95 1.41588e-08
4.3 7 6.42605e-09
4.3 7.05 2.85876e-09
4.3 7.1 1.2466e-09
4.3 7.15 5.3283e-10
4.3 7.2 2.23238e-10
4.3 7.25 9.16772e-11
4.3 7.3 3.69037e-11
4.3 7.35 1.45611e-11
4.3 7.4 5.63163e-12
4.3 7.45 2.13496e-12
4.3 7.5 7.93341e-13
4.3 7.55 2.88966e-13
4.3 7.6 1.03169e-13
4.3 7.65 3.61048e-14
4.3 7.7 1.23851e-14
4.3 7.75 4.16435e-15
4.3 7.8 1.3725e-15
4.3 7.85 4.43397e-16
4.3 7.9 1.40407e-16
4.3 7.95 4.35815e-17
4.3 8 1.32596e-17
4.3 8.05 3.95437e-18
4.3 8.1 1.15595e-18
4.3 8.15 3.3122e-19
4.3 8.2 9.30274e-20
4.3 8.25 2.56107e-20
4.3 8.3 6.91114e-21
4.3 8.35 1.82808e-21
4.3 8.4 4.73976e-22
4.3 8.45 1.20458e-22
4.3 8.5 3.00075e-23
4.3 8.55 7.32728e-24
4.3 8.6 1.75377e-24
4.3 8.65 4.11453e-25
4.3 8.7 9.46204e-26
4.3 8.75 2.13288e-26
4.3 8.8 4.71267e-27
4.3 8.85 1.02067e-27
4.3 8.9 2.16681e-28
4.3 8.95 4.50895e-29
4.3 9 9.19703e-30
4.3 9.05 1.83882e-30
4.3 9.1 3.60369e-31
4.3 9.15 6.92269e-32
4.3 9.2 1.30353e-32
4.3 9.25 2.40595e-33
4.3 9.3 4.35282e-34
4.3 9.35 7.71923e-35
4.3 9.4 1.34183e-35
4.3 9.45 2.28633e-36
4.3 9.5 3.81857e-37
4.3 9.55 6.25147e-38
4.3 9.6 1.00319e-38
4.3 9.65 1.57799e-39
4.3 9.7 2.43303e-40
4.3 9.75 3.67714e-41
4.3 9.8 5.44744e-42
4.3 9.85 7.91036e-43
4.3 9.9 1.12596e-43
4.3 9.95 1.56095e-44
4.3 10 0
4.35 0 0
4.35 0.05 2.04471e-44
4.35 0.1 1.47488e-43
4.35 0.15 1.03617e-42
4.35 0.2 7.13558e-42
4.35 0.25 4.81667e-41
4.35 0.3 3.18702e-40
4.35 0.35 2.06702e-39
4.35 0.4 1.31408e-38
4.35 0.45 8.18882e-38
4.35 0.5 5.00196e-37
4.35 0.55 2.99488e-36
4.35 0.6 1.75767e-35
4.35 0.65 1.01115e-34
4.35 0.7 5.7018e-34
4.35 0.75 3.15158e-33
4.35 0.8 1.70751e-32
4.35 0.85 9.06813e-32
4.35 0.9 4.72053e-31
4.35 0.95 2.40869e-30
4.35 1 1.20474e-29
4.35 1.05 5.90636e-29
4.35 1.1 2.83835e-28
4.35 1.15 1.337e-27
4.35 1.2 6.17324e-27
4.35 1.25 2.79391e-26
4.35 1.3 1.23946e-25
4.35 1.35 5.38973e-25
4.35 1.4 2.29731e-24
4.35 1.45 9.59821e-24
4.35 1.5 3.93077e-23
4.35 1.55 1.57791e-22
4.35 1.6 6.20875e-22
4.35 1.65 2.39466e-21
4.35 1.7 9.05314e-21
4.35 1.75 3.35484e-20
4.35 1.8 1.2186e-19
4.35 1.85 4.33877e-19
4.35 1.9 1.51422e-18
4.35 1.95 5.17997e-18
4.35 2 1.73693e-17
4.35 2.05 5.70892e-17
4.35 2.1 1.83925e-16
4.35 2.15 5.80824e-16
4.35 2.2 1.79789e-15
4.35 2.25 5.45506e-15
4.35 2.3 1.62237e-14
4.35 2.35 4.72953e-14
4.35 2.4 1.35145e-13
4.35 2.45 3.78529e-13
4.35 2.5 1.03923e-12
4.35 2.55 2.79668e-12
4.35 2.6 7.37715e-12
4.35 2.65 1.90743e-11
4.35 2.7 4.8342e-11
4.35 2.75 1.20093e-10
4.35 2.8 2.9243e-10
4.35 2.85 6.97982e-10
4.35 2.9 1.63298e-09
4.35 2.95 3.74484e-09
4.35 3 8.41782e-09
4.35 3.05 1.85473e-08
4.35 3.1 4.0057e-08
4.35 3.15 8.47988e-08
4.35 3.2 1.75961e-07
4.35 3.25 3.57897e-07
4.35 3.3 7.13533e-07
4.35 3.35 1.39439e-06
4.35 3.4 2.67098e-06
4.35 3.45 5.01499e-06
4.35 3.5 9.22965e-06
4.35 3.55 1.665e-05
4.35 3.6 2.94414e-05
4.35 3.65 5.1029e-05
4.35 3.7 8.66942e-05
4.35 3.75 0.00014437
4.35 3.8 0.000235656
4.35 3.85 0.000377047
4.35 3.9 0.000591325
4.35 3.95 0.000909015
4.35 4 0.00136972
4.35 4.05 0.00202304
4.35 4.1 0.00292882
4.35 4.15 0.00415618
4.35 4.2 0.00578111
4.35 4.25 0.00788209
4.35 4.3 0.0105338
4.35 4.35 0.0137989
4.35 4.4 0.0177182
4.35 4.45 0.0223001
4.35 4.5 0.0275111
4.35 4.55 0.0332678
4.35 4.6 0.0394325
4.35 4.65 0.045814
4.35 4.7 0.0521743
4.35 4.75 0.058241
4.35 4.8 0.0637258
4.35 4.85 0.0683465
4.35 4.9 0.0718507
4.35 4.95 0.0740389
4.35 5 0.074783
4.35 5.05 0.0740389
4.35 5.1 0.0718507
4.35 5.15 0.0683465
4.35 5.2 0.0637258
4.35 5.25 0.058241
4.35 5.3 0.0521743
4.35 5.35 0.045814
4.35 5.4 0.0394325
4.35 5.45 0.0332678
4.35 5.5 0.0275111
4.35 5.55 0.0223001
4.35 5.6 0.0177182
4.35 5.65 0.0137989
4.35 5.7 0.0105338
4.35 5.75 0.00788209
4.35 5.8 0.00578111
4.35 5.85 0.00415618
4.35 5.9 0.00292882
4.35 5.95 0.00202304
4.35 6 0.00136972
4.35 6.05 0.000909015
4.35 6.1 0.000591325
4.35 6.15 0.000377047
4.35 6.2 0.000235656
4.35 6.25 0.00014437
4.35 6.3 8.66942e-05
4.35 6.35 5.1029e-05
4.35 6.4 2.94414e-05
4.35 6.45 1.665e-05
4.35 6.5 9.22965e-06
4.35 6.55 5.01499e-06
4.35 6.6 2.67098e-06
4.35 6.65 1.39439e-06
4.35 6.7 7.13533e-07
4.35 6.75 3.57897e-07
4.35 6.8 1.75961e-07
4.35 6.85 8.47988e-08
4.35 6.9 4.0057e-08
4.35 6.95 1.85473e-08
4.35 7 8.41782e-09
4.35 7.05 3.74484e-09
4.35 7.1 1.63298e-09
4.35 7.15 6.97982e-10
4.35 7.2 2.9243e-10
4.35 7.25 1.20093e-10
4.35 7.3 4.8342e-11
4.35 7.35 1.90743e-11
4.35 7.4 7.37715e-12
4.35 7.45 2.79668e-12
4.35 7.5 1.03923e-12
4.35 7.55 3.78529e-13
4.35 7.6 1.35145e-13
4.35 7.65 4.72953e-14
4.35 7.7 1.62237e-14
4.35 7.75 5.45506e-15
4.35 7.8 1.79789e-15
4.35 7.85 5.80824e-16
4.35 7.9 1.83925e-16
4.35 7.95 5.70892e-17
4.35 8 1.73693e-17
4.35 8.05 5.17997e-18
4.35 8.1 1.51422e-18
4.35 8.15 4.33877e-19
4.35 8.2 1.2186e-19
4.35 8.25 3.35484e-20
4.35 8.3 9.05314e-21
4.35 8.35 2.39466e-21
4.35 8.4 6.20875e-22
4.35 8.45 1.57791e-22
4.35 8.5 3.93077e-23
4.35 8.55 9.59821e-24
4.35 8.6 2.29731e-24
4.35 8.65 5.38973e-25
4.35 8.7 1.23946e-25
4.35 8.75 2.79391e-26
4.35 8.8 6.17324e-27
4.35 8.85 1.337e-27
4.35 8.9 2.83835e-28
4.35 8.95 5.90636e-29
4.35 9 1.20474e-29
4.35 9.05 2.40869e-30
4.35 9.1 4.72053e-31
4.35 9.15 9.06813e-32
4.35 9.2 1.70751e-32
4.35 9.25 3.15158e-33
4.35 9.3 5.7018e-34
4.35 9.35 1.01115e-34
4.35 9.4 1.75767e-35
4.35 9.45 2.99488e-36
4.35 9.5 5.00196e-37
4.35 9.55 8.18882e-38
4.35 9.6 1.31408e-38
4.35 9.65 2.06702e-39
4.35 9.7 3.18702e-40
4.35 9.75 4.81667e-41
4.35 9.8 7.13558e-42
4.35 9.85 1.03617e-42
4.35 9.9 1.47488e-43
4.35 9.95 2.04471e-44
4.35 10 0
4.4 0 0
4.4 0.05 2.62537e-44
4.4 0.1 1.89369e-43
4.4 0.15 1.33041e-42
4.4 0.2 9.16182e-42
4.4 0.25 6.18443e-41
4.4 0.3 4.09203e-40
4.4 0.35 2.65398e-39
4.4 0.4 1.68724e-38
4.4 0.45 1.05142e-37
4.4 0.5 6.42237e-37
4.4 0.55 3.84534e-36
4.4 0.6 2.2568e-35
4.4 0.65 1.29829e-34
4.4 0.7 7.32098e-34
4.4 0.75 4.04656e-33
4.4 0.8 2.19241e-32
4.4 0.85 1.16433e-31
4.4 0.9 6.06106e-31
4.4 0.95 3.09272e-30
4.4 1 1.54686e-29
4.4 1.05 7.58367e-29
4.4 1.1 3.6444e-28
4.4 1.15 1.71669e-27
4.4 1.2 7.92636e-27
4.4 1.25 3.58735e-26
4.4 1.3 1.59145e-25
4.4 1.35 6.92036e-25
4.4 1.4 2.94973e-24
4.4 1.45 1.2324e-23
4.4 1.5 5.04708e-23
4.4 1.55 2.02603e-22
4.4 1.6 7.97201e-22
4.4 1.65 3.07473e-21
4.4 1.7 1.16242e-20
4.4 1.75 4.3076e-20
4.4 1.8 1.56468e-19
4.4 1.85 5.57098e-19
4.4 1.9 1.94426e-18
4.4 1.95 6.65109e-18
4.4 2 2.23022e-17
4.4 2.05 7.33027e-17
4.4 2.1 2.36161e-16
4.4 2.15 7.45781e-16
4.4 2.2 2.30851e-15
4.4 2.25 7.00433e-15
4.4 2.3 2.08314e-14
4.4 2.35 6.07276e-14
4.4 2.4 1.73528e-13
4.4 2.45 4.86035e-13
4.4 2.5 1.33439e-12
4.4 2.55 3.59097e-12
4.4 2.6 9.47234e-12
4.4 2.65 2.44916e-11
4.4 2.7 6.20718e-11
4.4 2.75 1.542e-10
4.4 2.8 3.75485e-10
4.4 2.85 8.96218e-10
4.4 2.9 2.09677e-09
4.4 2.95 4.80842e-09
4.4 3 1.08086e-08
4.4 3.05 2.38151e-08
4.4 3.1 5.14338e-08
4.4 3.15 1.08883e-07
4.4 3.2 2.25937e-07
4.4 3.25 4.59546e-07
4.4 3.3 9.16189e-07
4.4 3.35 1.79042e-06
4.4 3.4 3.42959e-06
4.4 3.45 6.43935e-06
4.4 3.5 1.18511e-05
4.4 3.55 2.1379e-05
4.4 3.6 3.78034e-05
4.4 3.65 6.55223e-05
4.4 3.7 0.000111317
4.4 3.75 0.000185374
4.4 3.8 0.000302588
4.4 3.85 0.000484137
4.4 3.9 0.000759275
4.4 3.95 0.0011672
4.4 4 0.00175875
4.4 4.05 0.00259763
4.4 4.1 0.00376067
4.4 4.15 0.00533663
4.4 4.2 0.00742308
4.4 4.25 0.0101208
4.4 4.3 0.0135257
4.4 4.35 0.0177182
4.4 4.4 0.0227506
4.4 4.45 0.0286339
4.4 4.5 0.035325
4.4 4.55 0.0427167
4.4 4.6 0.0506323
4.4 4.65 0.0588263
4.4 4.7 0.0669931
4.4 4.75 0.074783
4.4 4.8 0.0818256
4.4 4.85 0.0877586
4.4 4.9 0.0922581
4.4 4.95 0.0950678
4.4 5 0.0960232
4.4 5.05 0.0950678
4.4 5.1 0.0922581
4.4 5.15 0.0877586
4.4 5.2 0.0818256
4.4 5.25 0.074783
4.4 5.3 0.0669931
4.4 5.35 0.0588263
4.4 5.4 0.0506323
4.4 5.45 0.0427167
4.4 5.5 0.035325
4.4 5.55 0.0286339
4.4 5.6 0.0227506
4.4 5.65 0.0177182
4.4 5.7 0.0135257
4.4 5.75 0.0101208
4.4 5.8 0.00742308
4.4 5.85 0.00533663
4.4 5.9 0.00376067
4.4 5.95 0.00259763
4.4 6 0.00175875
4.4 6.05 0.0011672
4.4 6.1 0.000759275
4.4 6.15 0.000484137
4.4 6.2 0.000302588
4.4 6.25 0.000185374
4.4 6.3 0.000111317
4.4 6.35 6.55223e-05
4.4 6.4 3.78034e-05
4.4 6.45 2.1379e-05
4.4 6.5 1.18511e-05
4.4 6.55 6.43935e-06
4.4 6.6 3.42959e-06
4.4 6.65 1.79042e-06
4.4 6.7 9.16189e-07
4.4 6.75 4.59546e-07
4.4 6.8 2.25937e-07
4.4 6.85 1.08883e-07
4.4 6.9 5.14338e-08
4.4 6.95 2.38151e-08
4.4 7 1.08086e-08
4.4 7.05 4.80842e-09
4.4 7.1 2.09677e-09
4.4 7.15 8.96218e-10
4.4 7.2 3.75485e-10
4.4 7.25 1.542e-10
4.4 7.3 6.20718e-11
4.4 7.35 2.44916e-11
4.4 7.4 9.47234e-12
4.4 7.45 3.59097e-12
4.4 7.5 1.33439e-12
4.4 7.55 4.86035e-13
4.4 7.6 1.73528e-13
4.4 7.65 6.07276e-14
4.4 7.7 2.08314e-14
4.4 7.75 7.00433e-15
4.4 7.8 2.30851e-15
4.4 7.85 7.45781e-16
4.4 7.9 2.36161e-16
4.4 7.95 7.33027e-17
4.4 8 2.23022e-17
4.4 8.05 6.65109e-18
4.4 8.1 1.94426e-18
4.4 8.15 5.57098e-19
4.4 8.2 1.56468e-19
4.4 8.25 4.3076e-20
4.4 8.3 1.16242e-20
4.4 8.35 3.07473e-21
4.4 8.4 7.97201e-22
4.4 8.45 2.02603e-22
4.4 8.5 5.04708e-23
4.4 8.55 1.2324e-23
4.4 8.6 2.94973e-24
4.4 8.65 6.92036e-25
4.4 8.7 1.59145e-25
4.4 8.75 3.58735e-26
4.4 8.8 7.92636e-27
4.4 8.85 1.71669e-27
4.4 8.9 3.6444e-28
4.4 8.95 7.58367e-29
4.4 9 1.54686e-29
4.4 9.05 3.09272e-30
4.4 9.1 6.06106e-31
4.4 9.15 1.16433e-31
4.4 9.2 2.19241e-32
4.4 9.25 4.04656e-33
4.4 9.3 7.32098e-34
4.4 9.35 1.29829e-34
4.4 9.4 2.2568e-35
4.4 9.45 3.84534e-36
4.4 9.5 6.42237e-37
4.4 9.55 1.05142e-37
4.4 9.6 1.68724e-38
4.4 9.65 2.65398e-39
4.4 9.7 4.09203e-40
4.4 9.75 6.18443e-41
4.4 9.8 9.16182e-42
4.4 9.85 1.33041e-42
4.4 9.9 1.89369e-43
4.4 9.95 2.62537e-44
4.4 10 0
4.45 0 0
4.45 0.05 3.30419e-44
4.45 0.1 2.38328e-43
4.45 0.15 1.67437e-42
4.45 0.2 1.15306e-41
4.45 0.25 7.78339e-41
4.45 0.3 5.15001e-40
4.45 0.35 3.34016e-39
4.45 0.4 2.12347e-38
4.45 0.45 1.32326e-37
4.45 0.5 8.08289e-37
4.45 0.55 4.83956e-36
4.45 0.6 2.84031e-35
4.45 0.65 1.63397e-34
4.45 0.7 9.21386e-34
4.45 0.75 5.09282e-33
4.45 0.8 2.75927e-32
4.45 0.85 1.46538e-31
4.45 0.9 7.62821e-31
4.45 0.95 3.89238e-30
4.45 1 1.94682e-29
4.45 1.05 9.54452e-29
4.45 1.1 4.58671e-28
4.45 1.15 2.16056e-27
4.45 1.2 9.97584e-27
4.45 1.25 4.51492e-26
4.45 1.3 2.00295e-25
4.45 1.35 8.70974e-25
4.45 1.4 3.71244e-24
4.45 1.45 1.55106e-23
4.45 1.5 6.35211e-23
4.45 1.55 2.5499e-22
4.45 1.6 1.00334e-21
4.45 1.65 3.86977e-21
4.45 1.7 1.46299e-20
4.45 1.75 5.42145e-20
4.45 1.8 1.96927e-19
4.45 1.85 7.0115e-19
4.45 1.9 2.447e-18
4.45 1.95 8.37092e-18
4.45 2 2.80691e-17
4.45 2.05 9.22573e-17
4.45 2.1 2.97227e-16
4.45 2.15 9.38626e-16
4.45 2.2 2.90544e-15
4.45 2.25 8.81553e-15
4.45 2.3 2.6218e-14
4.45 2.35 7.64307e-14
4.45 2.4 2.18399e-13
4.45 2.45 6.11717e-13
4.45 2.5 1.67944e-12
4.45 2.55 4.51955e-12
4.45 2.6 1.19218e-11
4.45 2.65 3.08249e-11
4.45 2.7 7.81228e-11
4.45 2.75 1.94075e-10
4.45 2.8 4.72581e-10
4.45 2.85 1.12797e-09
4.45 2.9 2.63897e-09
4.45 2.95 6.05184e-09
4.45 3 1.36036e-08
4.45 3.05 2.99734e-08
4.45 3.1 6.47342e-08
4.45 3.15 1.37039e-07
4.45 3.2 2.84363e-07
4.45 3.25 5.78381e-07
4.45 3.3 1.15311e-06
4.45 3.35 2.25342e-06
4.45 3.4 4.31646e-06
4.45 3.45 8.10453e-06
4.45 3.5 1.49157e-05
4.45 3.55 2.69075e-05
4.45 3.6 4.75792e-05
4.45 3.65 8.24661e-05
4.45 3.7 0.000140103
4.45 3.75 0.000233312
4.45 3.8 0.000380836
4.45 3.85 0.000609333
4.45 3.9 0.000955621
4.45 3.95 0.00146903
4.45 4 0.00221356
4.45 4.05 0.00326937
4.45 4.1 0.00473317
4.45 4.15 0.00671668
4.45 4.2 0.00934268
4.45 4.25 0.012738
4.45 4.3 0.0170234
4.45 4.35 0.0223001
4.45 4.4 0.0286339
4.45 4.45 0.0360386
4.45 4.5 0.04446
4.45 4.55 0.0537632
4.45 4.6 0.0637258
4.45 4.65 0.0740389
4.45 4.7 0.0843176
4.45 4.75 0.0941218
4.45 4.8 0.102986
4.45 4.85 0.110453
4.45 4.9 0.116116
4.45 4.95 0.119652
4.45 5 0.120855
4.45 5.05 0.119652
4.45 5.1 0.116116
4.45 5.15 0.110453
4.45 5.2 0.102986
4.45 5.25 0.0941218
4.45 5.3 0.0843176
4.45 5.35 0.0740389
4.45 5.4 0.0637258
4.45 5.45 0.0537632
4.45 5.5 0.04446
4.45 5.55 0.0360386
4.45 5.6 0.0286339
4.45 5.65 0.0223001
4.45 5.7 0.0170234
4.45 5.75 0.012738
4.45 5.8 0.00934268
4.45 5.85 0.00671668
4.45 5.9 0.00473317
4.45 5.95 0.00326937
4.45 6 0.00221356
4.45 6.05 0.00146903
4.45 6.1 0.000955621
4.45 6.15 0.000609333
4.45 6.2 0.000380836
4.45 6.25 0.000233312
4.45 6.3 0.000140103
4.45 6.35 8.24661e-05
4.45 6.4 4.75792e-05
4.45 6.45 2.69075e-05
4.45 6.5 1.49157e-05
4.45 6.55 8.10453e-06
4.45 6.6 4.31646e-06
4.45 6.65 2.25342e-06
4.45 6.7 1.15311e-06
4.45 6.75 5.78381e-07
4.45 6.8 2.84363e-07
4.45 6.85 1.37039e-07
4.45 6.9 6.47342e-08
4.45 6.95 2.99734e-08
4.45 7 1.36036e-08
4.45 7.05 6.05184e-09
4.45 7.1 2.63897e-09
4.45 7.15 1.12797e-09
4.45 7.2 4.72581e-10
4.45 7.25 1.94075e-10
4.45 7.3 7.81228e-11
4.45 7.35 3.08249e-11
4.45 7.4 1.19218e-11
4.45 7.45 4.51955e-12
4.45 7.5 1.67944e-12
4.45 7.55 6.11717e-13
4.45 7.6 2.18399e-13
4.45 7.65 7.64307e-14
4.45 7.7 2.6218e-14
4.45 7.75 8.81553e-15
4.45 7.8 2.90544e-15
4.45 7.85 9.38626e-16
4.45 7.9 2.97227e-16
4.45 7.95 9.22573e-17
4.45 8 2.80691e-17
4.45 8.05 8.37092e-18
4.45 8.1 2.447e-18
4.45 8.15 7.0115e-19
4.45 8.2 1.96927e-19
4.45 8.25 5.42145e-20
4.45 8.3 1.46299e-20
4.45 8.35 3.86977e-21
4.45 8.4 1.00334e-21
4.45 8.45 2.5499e-22
4.45 8.5 6.35211e-23
4.45 8.55 1.55106e-23
4.45 8.6 3.71244e-24
4.45 8.65 8.70974e-25
4.45 8.7 2.00295e-25
4.45 8.75 4.51492e-26
4.45 8.8 9.97584e-27
4.45 8.85 2.16056e-27
4.45 8.9 4.58671e-28
4.45 8.95 9.54452e-29
4.45 9 1.94682e-29
4.45 9.05 3.89238e-30
4.45 9.1 7.62821e-31
4.45 9.15 1.46538e-31
4.45 9.2 2.75927e-32
4.45 9.25 5.09282e-33
4.45 9.3 9.21386e-34
4.45 9.35 1.63397e-34
4.45 9.4 2.84031e-35
4.45 9.45 4.83956e-36
4.45 9.5 8.08289e-37
4.45 9.55 1.32326e-37
4.45 9.6 2.12347e-38
4.45 9.65 3.34016e-39
4.45 9.7 5.15001e-40
4.45 9.75 7.78339e-41
4.45 9.8 1.15306e-41
4.45 9.85 1.67437e-42
4.45 9.9 2.38328e-43
4.45 9.95 3.30419e-44
4.45 10 0
4.5 0 0
4.5 0.05 4.07619e-44
4.5 0.1 2.94008e-43
4.5 0.15 2.06555e-42
4.5 0.2 1.42244e-41
4.5 0.25 9.60181e-41
4.5 0.3 6.3532e-40
4.5 0.35 4.12052e-39
4.5 0.4 2.61959e-38
4.5 0.45 1.63242e-37
4.5 0.5 9.97133e-37
4.5 0.55 5.97025e-36
4.5 0.6 3.5039e-35
4.5 0.65 2.01572e-34
4.5 0.7 1.13666e-33
4.5 0.75 6.2827e-33
4.5 0.8 3.40395e-32
4.5 0.85 1.80775e-31
4.5 0.9 9.41048e-31
4.5 0.95 4.8018e-30
4.5 1 2.40168e-29
4.5 1.05 1.17746e-28
4.5 1.1 5.65838e-28
4.5 1.15 2.66537e-27
4.5 1.2 1.23067e-26
4.5 1.25 5.56983e-26
4.5 1.3 2.47093e-25
4.5 1.35 1.07448e-24
4.5 1.4 4.57985e-24
4.5 1.45 1.91347e-23
4.5 1.5 7.8363e-23
4.5 1.55 3.1457e-22
4.5 1.6 1.23777e-21
4.5 1.65 4.77397e-21
4.5 1.7 1.80483e-20
4.5 1.75 6.6882e-20
4.5 1.8 2.4294e-19
4.5 1.85 8.64979e-19
4.5 1.9 3.01876e-18
4.5 1.95 1.03269e-17
4.5 2 3.46277e-17
4.5 2.05 1.13814e-16
4.5 2.1 3.66677e-16
4.5 2.15 1.15795e-15
4.5 2.2 3.58434e-15
4.5 2.25 1.08754e-14
4.5 2.3 3.23442e-14
4.5 2.35 9.42898e-14
4.5 2.4 2.69431e-13
4.5 2.45 7.54653e-13
4.5 2.5 2.07187e-12
4.5 2.55 5.57561e-12
4.5 2.6 1.47075e-11
4.5 2.65 3.80276e-11
4.5 2.7 9.63775e-11
4.5 2.75 2.39424e-10
4.5 2.8 5.83008e-10
4.5 2.85 1.39154e-09
4.5 2.9 3.25562e-09
4.5 2.95 7.46597e-09
4.5 3 1.67824e-08
4.5 3.05 3.69774e-08
4.5 3.1 7.98607e-08
4.5 3.15 1.69062e-07
4.5 3.2 3.5081e-07
4.5 3.25 7.13533e-07
4.5 3.3 1.42256e-06
4.5 3.35 2.77998e-06
4.5 3.4 5.3251e-06
4.5 3.45 9.99835e-06
4.5 3.5 1.84011e-05
4.5 3.55 3.3195e-05
4.5 3.6 5.86972e-05
4.5 3.65 0.000101736
4.5 3.7 0.000172842
4.5 3.75 0.000287831
4.5 3.8 0.000469829
4.5 3.85 0.00075172
4.5 3.9 0.00117893
4.5 3.95 0.00181231
4.5 4 0.00273081
4.5 4.05 0.00403335
4.5 4.1 0.00583921
4.5 4.15 0.00828622
4.5 4.2 0.0115258
4.5 4.25 0.0157146
4.5 4.3 0.0210014
4.5 4.35 0.0275111
4.5 4.4 0.035325
4.5 4.45 0.04446
4.5 4.5 0.0548493
4.5 4.55 0.0663265
4.5 4.6 0.0786172
4.5 4.65 0.0913401
4.5 4.7 0.104021
4.5 4.75 0.116116
4.5 4.8 0.127051
4.5 4.85 0.136264
4.5 4.9 0.14325
4.5 4.95 0.147613
4.5 5 0.149096
4.5 5.05 0.147613
4.5 5.1 0.14325
4.5 5.15 0.136264
4.5 5.2 0.127051
4.5 5.25 0.116116
4.5 5.3 0.104021
4.5 5.35 0.0913401
4.5 5.4 0.0786172
4.5 5.45 0.0663265
4.5 5.5 0.0548493
4.5 5.55 0.04446
4.5 5.6 0.035325
4.5 5.65 0.0275111
4.5 5.7 0.0210014
4.5 5.75 0.0157146
4.5 5.8 0.0115258
4.5 5.85 0.00828622
4.5 5.9 0.00583921
4.5 5.95 0.00403335
4.5 6 0.00273081
4.5 6.05 0.00181231
4.5 6.1 0.00117893
4.5 6.15 0.00075172
4.5 6.2 0.000469829
4.5 6.25 0.000287831
4.5 6.3 0.000172842
4.5 6.35 0.000101736
4.5 6.4 5.86972e-05
4.5 6.45 3.3195e-05
4.5 6.5 1.84011e-05
4.5 6.55 9.99835e-06
4.5 6.6 5.3251e-06
4.5 6.65 2.77998e-06
4.5 6.7 1.42256e-06
4.5 6.75 7.13533e-07
4.5 6.8 3.5081e-07
4.5 6.85 1.69062e-07
4.5 6.9 7.98607e-08
4.5 6.95 3.69774e-08
4.5 7 1.67824e-08
4.5 7.05 7.46597e-09
4.5 7.1 3.25562e-09
4.5 7.15 1.39154e-09
4.5 7.2 5.83008e-10
4.5 7.25 2.39424e-10
4.5 7.3 9.63775e-11
4.5 7.35 3.80276e-11
4.5 7.4 1.47075e-11
4.5 7.45 5.57561e-12
4.5 7.5 2.07187e-12
4.5 7.55 7.54653e-13
4.5 7.6 2.69431e-13
4.5 7.65 9.42898e-14
4.5 7.7 3.23442e-14
4.5 7.75 1.08754e-14
4.5 7.8 3.58434e-15
4.5 7.85 1.15795e-15
4.5 7.9 3.66677e-16
4.5 7.95 1.13814e-16
4.5 8 3.46277e-17
4.5 8.05 1.03269e-17
4.5 8.1 3.01876e-18
4.5 8.15 8.64979e-19
4.5 8.2 2.4294e-19
4.5 8.25 6.6882e-20
4.5 8.3 1.80483e-20
4.5 8.35 4.77397e-21
4.5 8.4 1.23777e-21
4.5 8.45 3.1457e-22
4.5 8.5 7.8363e-23
4.5 8.55 1.91347e-23
4.5 8.6 4.57985e-24
4.5 8.65 1.07448e-24
4.5 8.7 2.47093e-25
4.5 8.75 5.56983e-26
4.5 8.8 1.23067e-26
4.5 8.85 2.66537e-27
4.5 8.9 5.65838e-28
4.5 8.95 1.17746e-28
4.5 9 2.40168e-29
4.5 9.05 4.8018e-30
4.5 9.1 9.41048e-31
4.5 9.15 1.80775e-31
4.5 9.2 3.40395e-32
4.5 9.25 6.2827e-33
4.5 9.3 1.13666e-33
4.5 9.35 2.01572e-34
4.5 9.4 3.5039e-35
4.5 9.45 5.97025e-36
4.5 9.5 9.97133e-37
4.5 9.55 1.63242e-37
4.5 9.6 2.61959e-38
4.5 9.65 4.12052e-39
4.5 9.7 6.3532e-40
4.5 9.75 9.60181e-41
4.5 9.8 1.42244e-41
4.5 9.85 2.06555e-42
4.5 9.9 2.94008e-43
4.5 9.95 4.07619e-44
4.5 10 0
4.55 0 0
4.55 0.05 4.929e-44
4.55 0.1 3.55515e-43
4.55 0.15 2.49767e-42
4.55 0.2 1.72002e-41
4.55 0.25 1.16106e-40
4.55 0.3 7.68234e-40
4.55 0.35 4.98257e-39
4.55 0.4 3.16763e-38
4.55 0.45 1.97394e-37
4.55 0.5 1.20574e-36
4.55 0.55 7.2193e-36
4.55 0.6 4.23697e-35
4.55 0.65 2.43744e-34
4.55 0.7 1.37446e-33
4.55 0.75 7.59714e-33
4.55 0.8 4.11611e-32
4.55 0.85 2.18596e-31
4.55 0.9 1.13793e-30
4.55 0.95 5.80643e-30
4.55 1 2.90416e-29
4.55 1.05 1.4238e-28
4.55 1.1 6.84223e-28
4.55 1.15 3.22302e-27
4.55 1.2 1.48815e-26
4.55 1.25 6.73517e-26
4.55 1.3 2.98791e-25
4.55 1.35 1.29928e-24
4.55 1.4 5.53807e-24
4.55 1.45 2.31382e-23
4.55 1.5 9.47586e-23
4.55 1.55 3.80386e-22
4.55 1.6 1.49674e-21
4.55 1.65 5.77282e-21
4.55 1.7 2.18245e-20
4.55 1.75 8.08757e-20
4.55 1.8 2.93771e-19
4.55 1.85 1.04596e-18
4.55 1.9 3.65038e-18
4.55 1.95 1.24876e-17
4.55 2 4.1873e-17
4.55 2.05 1.37628e-16
4.55 2.1 4.43399e-16
4.55 2.15 1.40023e-15
4.55 2.2 4.33431e-15
4.55 2.25 1.31509e-14
4.55 2.3 3.91118e-14
4.55 2.35 1.14019e-13
4.55 2.4 3.25807e-13
4.55 2.45 9.12555e-13
4.55 2.5 2.50538e-12
4.55 2.55 6.74225e-12
4.55 2.6 1.77849e-11
4.55 2.65 4.59845e-11
4.55 2.7 1.16544e-10
4.55 2.75 2.89521e-10
4.55 2.8 7.04997e-10
4.55 2.85 1.68271e-09
4.55 2.9 3.93683e-09
4.55 2.95 9.02817e-09
4.55 3 2.0294e-08
4.55 3.05 4.47146e-08
4.55 3.1 9.6571e-08
4.55 3.15 2.04437e-07
4.55 3.2 4.24215e-07
4.55 3.25 8.62836e-07
4.55 3.3 1.72022e-06
4.55 3.35 3.36168e-06
4.55 3.4 6.43935e-06
4.55 3.45 1.20905e-05
4.55 3.5 2.22514e-05
4.55 3.55 4.0141e-05
4.55 3.6 7.09794e-05
4.55 3.65 0.000123024
4.55 3.7 0.000209009
4.55 3.75 0.000348059
4.55 3.8 0.000568139
4.55 3.85 0.000909015
4.55 3.9 0.00142561
4.55 3.95 0.00219153
4.55 4 0.00330223
4.55 4.05 0.00487732
4.55 4.1 0.00706105
4.55 4.15 0.0100201
4.55 4.2 0.0139376
4.55 4.25 0.0190029
4.55 4.3 0.025396
4.55 4.35 0.0332678
4.55 4.4 0.0427167
4.55 4.45 0.0537632
4.55 4.5 0.0663265
4.55 4.55 0.0802053
4.55 4.6 0.0950678
4.55 4.65 0.110453
4.55 4.7 0.125787
4.55 4.75 0.140413
4.55 4.8 0.153637
4.55 4.85 0.164777
4.55 4.9 0.173225
4.55 4.95 0.1785
4.55 5 0.180294
4.55 5.05 0.1785
4.55 5.1 0.173225
4.55 5.15 0.164777
4.55 5.2 0.153637
4.55 5.25 0.140413
4.55 5.3 0.125787
4.55 5.35 0.110453
4.55 5.4 0.0950678
4.55 5.45 0.0802053
4.55 5.5 0.0663265
4.55 5.55 0.0537632
4.55 5.6 0.0427167
4.55 5.65 0.0332678
4.55 5.7 0.025396
4.55 5.75 0.0190029
4.55 5.8 0.0139376
4.55 5.85 0.0100201
4.55 5.9 0.00706105
4.55 5.95 0.00487732
4.55 6 0.00330223
4.55 6.05 0.00219153
4.55 6.1 0.00142561
4.55 6.15 0.000909015
4.55 6.2 0.000568139
4.55 6.25 0.000348059
4.55 6.3 0.000209009
4.55 6.35 0.000123024
4.55 6.4 7.09794e-05
4.55 6.45 4.0141e-05
4.55 6.5 2.22514e-05
4.55 6.55 1.20905e-05
4.55 6.6 6.43935e-06
4.55 6.65 3.36168e-06
4.55 6.7 1.72022e-06
4.55 6.75 8.62836e-07
4.55 6.8 4.24215e-07
4.55 6.85 2.04437e-07
4.55 6.9 9.6571e-08
4.55 6.95 4.47146e-08
4.55 7 2.0294e-08
4.55 7.05 9.02817e-09
4.55 7.1 3.93683e-09
4.55 7.15 1.68271e-09
4.55 7.2 7.04997e-10
4.55 7.25 2.89521e-10
4.55 7.3 1.16544e-10
4.55 7.35 4.59845e-11
4.55 7.4 1.77849e-11
4.55 7.45 6.74225e-12
4.55 7.5 2.50538e-12
4.55 7.55 9.12555e-13
4.55 7.6 3.25807e-13
4.55 7.65 1.14019e-13
4.55 7.7 3.91118e-14
4.55 7.75 1.31509e-14
4.55 7.8 4.33431e-15
4.55 7.85 1.40023e-15
4.55 7.9 4.43399e-16
4.55 7.95 1.37628e-16
4.55 8 4.1873e-17
4.55 8.05 1.24876e-17
4.55 8.1 3.65038e-18
4.55 8.15 1.04596e-18
4.55 8.2 2.93771e-19
4.55 8.25 8.08757e-20
4.55 8.3 2.18245e-20
4.55 8.35 5.77282e-21
4.55 8.4 1.49674e-21
4.55 8.45 3.80386e-22
4.55 8.5 9.47586e-23
4.55 8.55 2.31382e-23
4.55 8.6 5.53807e-24
4.55 8.65 1.29928e-24
4.55 8.7 2.98791e-25
4.55 8.75 6.73517e-26
4.55 8.8 1.48815e-26
4.55 8.85 3.22302e-27
4.55 8.9 6.84223e-28
4.55 8.95 1.4238e-28
4.55 9 2.90416e-29
4.55 9.05 5.80643e-30
4.55 9.1 1.13793e-30
4.55 9.15 2.18596e-31
4.55 9.2 4.11611e-32
4.55 9.25 7.59714e-33
4.55 9.3 1.37446e-33
4.55 9.35 2.43744e-34
4.55 9.4 4.23697e-35
4.55 9.45 7.2193e-36
4.55 9.5 1.20574e-36
4.55 9.55 1.97394e-37
4.55 9.6 3.16763e-38
4.55 9.65 4.98257e-39
4.55 9.7 7.68234e-40
4.55 9.75 1.16106e-40
4.55 9.8 1.72002e-41
4.55 9.85 2.49767e-42
4.55 9.9 3.55515e-43
4.55 9.95 4.929e-44
4.55 10 0
4.6 0 0
4.6 0.05 5.84224e-44
4.6 0.1 4.2138e-43
4.6 0.15 2.96041e-42
4.6 0.2 2.03869e-41
4.6 0.25 1.37616e-40
4.6 0.3 9.10563e-40
4.6 0.35 5.90569e-39
4.6 0.4 3.75449e-38
4.6 0.45 2.33966e-37
4.6 0.5 1.42913e-36
4.6 0.55 8.55683e-36
4.6 0.6 5.02196e-35
4.6 0.65 2.88903e-34
4.6 0.7 1.62911e-33
4.6 0.75 9.0047e-33
4.6 0.8 4.87872e-32
4.6 0.85 2.59097e-31
4.6 0.9 1.34877e-30
4.6 0.95 6.88223e-30
4.6 1 3.44224e-29
4.6 1.05 1.6876e-28
4.6 1.1 8.10995e-28
4.6 1.15 3.82019e-27
4.6 1.2 1.76388e-26
4.6 1.25 7.98307e-26
4.6 1.3 3.54152e-25
4.6 1.35 1.54002e-24
4.6 1.4 6.56418e-24
4.6 1.45 2.74254e-23
4.6 1.5 1.12316e-22
4.6 1.55 4.50866e-22
4.6 1.6 1.77407e-21
4.6 1.65 6.84244e-21
4.6 1.7 2.58683e-20
4.6 1.75 9.5861e-20
4.6 1.8 3.48203e-19
4.6 1.85 1.23977e-18
4.6 1.9 4.32676e-18
4.6 1.95 1.48014e-17
4.6 2 4.96317e-17
4.6 2.05 1.63129e-16
4.6 2.1 5.25557e-16
4.6 2.15 1.65968e-15
4.6 2.2 5.13742e-15
4.6 2.25 1.55877e-14
4.6 2.3 4.6359e-14
4.6 2.35 1.35146e-13
4.6 2.4 3.86177e-13
4.6 2.45 1.08165e-12
4.6 2.5 2.96962e-12
4.6 2.55 7.99155e-12
4.6 2.6 2.10803e-11
4.6 2.65 5.45053e-11
4.6 2.7 1.38139e-10
4.6 2.75 3.43169e-10
4.6 2.8 8.35631e-10
4.6 2.85 1.99451e-09
4.6 2.9 4.66632e-09
4.6 2.95 1.07011e-08
4.6 3 2.40544e-08
4.6 3.05 5.30002e-08
4.6 3.1 1.14466e-07
4.6 3.15 2.42319e-07
4.6 3.2 5.02822e-07
4.6 3.25 1.02272e-06
4.6 3.3 2.03898e-06
4.6 3.35 3.9846e-06
4.6 3.4 7.63257e-06
4.6 3.45 1.43308e-05
4.6 3.5 2.63747e-05
4.6 3.55 4.75792e-05
4.6 3.6 8.4132e-05
4.6 3.65 0.000145821
4.6 3.7 0.000247739
4.6 3.75 0.000412555
4.6 3.8 0.000673417
4.6 3.85 0.00107746
4.6 3.9 0.00168979
4.6 3.95 0.00259763
4.6 4 0.00391414
4.6 4.05 0.00578111
4.6 4.1 0.00836949
4.6 4.15 0.0118769
4.6 4.2 0.0165203
4.6 4.25 0.0225242
4.6 4.3 0.030102
4.6 4.35 0.0394325
4.6 4.4 0.0506323
4.6 4.45 0.0637258
4.6 4.5 0.0786172
4.6 4.55 0.0950678
4.6 4.6 0.112684
4.6 4.65 0.130921
4.6 4.7 0.149096
4.6 4.75 0.166433
4.6 4.8 0.182106
4.6 4.85 0.195311
4.6 4.9 0.205324
4.6 4.95 0.211578
4.6 5 0.213704
4.6 5.05 0.211578
4.6 5.1 0.205324
4.6 5.15 0.195311
4.6 5.2 0.182106
4.6 5.25 0.166433
4.6 5.3 0.149096
4.6 5.35 0.130921
4.6 5.4 0.112684
4.6 5.45 0.0950678
4.6 5.5 0.0786172
4.6 5.55 0.0637258
4.6 5.6 0.0506323
4.6 5.65 0.0394325
4.6 5.7 0.030102
4.6 5.75 0.0225242
4.6 5.8 0.0165203
4.6 5.85 0.0118769
4.6 5.9 0.00836949
4.6 5.95 0.00578111
4.6 6 0.00391414
4.6 6.05 0.00259763
4.6 6.1 0.00168979
4.6 6.15 0.00107746
4.6 6.2 0.000673417
4.6 6.25 0.000412555
4.6 6.3 0.000247739
4.6 6.35 0.000145821
4.6 6.4 8.4132e-05
4.6 6.45 4.75792e-05
4.6 6.5 2.63747e-05
4.6 6.55 1.43308e-05
4.6 6.6 7.63257e-06
4.6 6.65 3.9846e-06
4.6 6.7 2.03898e-06
4.6 6.75 1.02272e-06
4.6 6.8 5.02822e-07
4.6 6.85 2.42319e-07
4.6 6.9 1.14466e-07
4.6 6.95 5.30002e-08
4.6 7 2.40544e-08
4.6 7.05 1.07011e-08
4.6 7.1 4.66632e-09
4.6 7.15 1.99451e-09
4.6 7.2 8.35631e-10
4.6 7.25 3.43169e-10
4.6 7.3 1.38139e-10
4.6 7.35 5.45053e-11
4.6 7.4 2.10803e-11
4.6 7.45 7.99155e-12
4.6 7.5 2.96962e-12
4.6 7.55 1.08165e-12
4.6 7.6 3.86177e-13
4.6 7.65 1.35146e-13
4.6 7.7 4.6359e-14
4.6 7.75 1.55877e-14
4.6 7.8 5.13742e-15
4.6 7.85 1.65968e-15
4.6 7.9 5.25557e-16
4.6 7.95 1.63129e-16
4.6 8 4.96317e-17
4.6 8.05 1.48014e-17
4.6 8.1 4.32676e-18
4.6 8.15 1.23977e-18
4.6 8.2 3.48203e-19
4.6 8.25 9.5861e-20
4.6 8.3 2.58683e-20
4.6 8.35 6.84244e-21
4.6 8.4 1.77407e-21
4.6 8.45 4.50866e-22
4.6 8.5 1.12316e-22
4.6 8.55 2.74254e-23
4.6 8.6 6.56418e-24
4.6 8.65 1.54002e-24
4.6 8.7 3.54152e-25
4.6 8.75 7.98307e-26
4.6 8.8 1.76388e-26
4.6 8.85 3.82019e-27
4.6 8.9 8.10995e-28
4.6 8.95 1.6876e-28
4.6 9 3.44224e-29
4.6 9.05 6.88223e-30
4.6 9.1 1.34877e-30
4.6 9.15 2.59097e-31
4.6 9.2 4.87872e-32
4.6 9.25 9.0047e-33
4.6 9.3 1.62911e-33
4.6 9.35 2.88903e-34
4.6 9.4 5.02196e-35
4.6 9.45 8.55683e-36
4.6 9.5 1.42913e-36
4.6 9.55 2.33966e-37
4.6 9.6 3.75449e-38
4.6 9.65 5.90569e-39
4.6 9.7 9.10563e-40
4.6 9.75 1.37616e-40
4.6 9.8 2.03869e-41
4.6 9.85 2.96041e-42
4.6 9.9 4.2138e-43
4.6 9.95 5.84224e-44
4.6 10 0
4.65 0 0
4.65 0.05 6.78758e-44
4.65 0.1 4.89559e-43
4.65 0.15 3.4394e-42
4.65 0.2 2.36855e-41
4.65 0.25 1.59883e-40
4.65 0.3 1.05789e-39
4.65 0.35 6.86124e-39
4.65 0.4 4.36198e-38
4.65 0.45 2.71822e-37
4.65 0.5 1.66037e-36
4.65 0.55 9.94138e-36
4.65 0.6 5.83454e-35
4.65 0.65 3.3565e-34
4.65 0.7 1.89272e-33
4.65 0.75 1.04617e-32
4.65 0.8 5.66814e-32
4.65 0.85 3.01021e-31
4.65 0.9 1.56701e-30
4.65 0.95 7.99585e-30
4.65 1 3.99923e-29
4.65 1.05 1.96068e-28
4.65 1.1 9.42225e-28
4.65 1.15 4.43834e-27
4.65 1.2 2.0493e-26
4.65 1.25 9.27485e-26
4.65 1.3 4.11459e-25
4.65 1.35 1.78922e-24
4.65 1.4 7.62638e-24
4.65 1.45 3.18633e-23
4.65 1.5 1.30491e-22
4.65 1.55 5.23824e-22
4.65 1.6 2.06115e-21
4.65 1.65 7.94968e-21
4.65 1.7 3.00543e-20
4.65 1.75 1.11373e-19
4.65 1.8 4.04549e-19
4.65 1.85 1.44038e-18
4.65 1.9 5.02692e-18
4.65 1.95 1.71966e-17
4.65 2 5.76632e-17
4.65 2.05 1.89527e-16
4.65 2.1 6.10604e-16
4.65 2.15 1.92826e-15
4.65 2.2 5.96878e-15
4.65 2.25 1.81101e-14
4.65 2.3 5.3861e-14
4.65 2.35 1.57016e-13
4.65 2.4 4.4867e-13
4.65 2.45 1.25669e-12
4.65 2.5 3.45018e-12
4.65 2.55 9.2848e-12
4.65 2.6 2.44917e-11
4.65 2.65 6.33257e-11
4.65 2.7 1.60493e-10
4.65 2.75 3.98703e-10
4.65 2.8 9.7086e-10
4.65 2.85 2.31728e-09
4.65 2.9 5.42147e-09
4.65 2.95 1.24328e-08
4.65 3 2.79471e-08
4.65 3.05 6.15772e-08
4.65 3.1 1.3299e-07
4.65 3.15 2.81533e-07
4.65 3.2 5.84194e-07
4.65 3.25 1.18823e-06
4.65 3.3 2.36895e-06
4.65 3.35 4.62943e-06
4.65 3.4 8.86776e-06
4.65 3.45 1.665e-05
4.65 3.5 3.06429e-05
4.65 3.55 5.5279e-05
4.65 3.6 9.77473e-05
4.65 3.65 0.00016942
4.65 3.7 0.000287831
4.65 3.75 0.00047932
4.65 3.8 0.000782398
4.65 3.85 0.00125183
4.65 3.9 0.00196325
4.65 3.95 0.00301801
4.65 4 0.00454758
4.65 4.05 0.00671668
4.65 4.1 0.00972396
4.65 4.15 0.0137989
4.65 4.2 0.0191939
4.65 4.25 0.0261694
4.65 4.3 0.0349735
4.65 4.35 0.045814
4.65 4.4 0.0588263
4.65 4.45 0.0740389
4.65 4.5 0.0913401
4.65 4.55 0.110453
4.65 4.6 0.130921
4.65 4.65 0.152108
4.65 4.7 0.173225
4.65 4.75 0.193367
4.65 4.8 0.211578
4.65 4.85 0.226919
4.65 4.9 0.238553
4.65 4.95 0.245818
4.65 5 0.248289
4.65 5.05 0.245818
4.65 5.1 0.238553
4.65 5.15 0.226919
4.65 5.2 0.211578
4.65 5.25 0.193367
4.65 5.3 0.173225
4.65 5.35 0.152108
4.65 5.4 0.130921
4.65 5.45 0.110453
4.65 5.5 0.0913401
4.65 5.55 0.0740389
4.65 5.6 0.0588263
4.65 5.65 0.045814
4.65 5.7 0.0349735
4.65 5.75 0.0261694
4.65 5.8 0.0191939
4.65 5.85 0.0137989
4.65 5.9 0.00972396
4.65 5.95 0.00671668
4.65 6 0.00454758
4.65 6.05 0.00301801
4.65 6.1 0.00196325
4.65 6.15 0.00125183
4.65 6.2 0.000782398
4.65 6.25 0.00047932
4.65 6.3 0.000287831
4.65 6.35 0.00016942
4.65 6.4 9.77473e-05
4.65 6.45 5.5279e-05
4.65 6.5 3.06429e-05
4.65 6.55 1.665e-05
4.65 6.6 8.86776e-06
4.65 6.65 4.62943e-06
4.65 6.7 2.36895e-06
4.65 6.75 1.18823e-06
4.65 6.8 5.84194e-07
4.65 6.85 2.81533e-07
4.65 6.9 1.3299e-07
4.65 6.95 6.15772e-08
4.65 7 2.79471e-08
4.65 7.05 1.24328e-08
4.65 7.1 5.42147e-09
4.65 7.15 2.31728e-09
4.65 7.2 9.7086e-10
4.65 7.25 3.98703e-10
4.65 7.3 1.60493e-10
4.65 7.35 6.33257e-11
4.65 7.4 2.44917e-11
4.65 7.45 9.2848e-12
4.65 7.5 3.45018e-12
4.65 7.55 1.25669e-12
4.65 7.6 4.4867e-13
4.65 7.65 1.57016e-13
4.65 7.7 5.3861e-14
4.65 7.75 1.81101e-14
4.65 7.8 5.96878e-15
4.65 7.85 1.92826e-15
4.65 7.9 6.10604e-16
4.65 7.95 1.89527e-16
4.65 8 5.76632e-17
4.65 8.05 1.71966e-17
4.65 8.1 5.02692e-18
4.65 8.15 1.44038e-18
4.65 8.2 4.04549e-19
4.65 8.25 1.11373e-19
4.65 8.3 3.00543e-20
4.65 8.35 7.94968e-21
4.65 8.4 2.06115e-21
4.65 8.45 5.23824e-22
4.65 8.5 1.30491e-22
4.65 8.55 3.18633e-23
4.65 8.6 7.62638e-24
4.65 8.65 1.78922e-24
4.65 8.7 4.11459e-25
4.65 8.75 9.27485e-26
4.65 8.8 2.0493e-26
4.65 8.85 4.43834e-27
4.65 8.9 9.42225e-28
4.65 8.95 1.96068e-28
4.65 9 3.99923e-29
4.65 9.05 7.99585e-30
4.65 9.1 1.56701e-30
4.65 9.15 3.01021e-31
4.65 9.2 5.66814e-32
4.65 9.25 1.04617e-32
4.65 9.3 1.89272e-33
4.65 9.35 3.3565e-34
4.65 9.4 5.83454e-35
4.65 9.45 9.94138e-36
4.65 9.5 1.66037e-36
4.65 9.55 2.71822e-37
4.65 9.6 4.36198e-38
4.65 9.65 6.86124e-39
4.65 9.7 1.05789e-39
4.65 9.75 1.59883e-40
4.65 9.8 2.36855e-41
4.65 9.85 3.4394e-42
4.65 9.9 4.89559e-43
4.65 9.95 6.78758e-44
4.65 10 0
4.7 0 0
4.7 0.05 7.72975e-44
4.7 0.1 5.57509e-43
4.7 0.15 3.91679e-42
4.7 0.2 2.6973e-41
4.7 0.25 1.82075e-40
4.7 0.3 1.20473e-39
4.7 0.35 7.8136e-39
4.7 0.4 4.96743e-38
4.7 0.45 3.09552e-37
4.7 0.5 1.89084e-36
4.7 0.55 1.13213e-35
4.7 0.6 6.64441e-35
4.7 0.65 3.8224e-34
4.7 0.7 2.15544e-33
4.7 0.75 1.19139e-32
4.7 0.8 6.45492e-32
4.7 0.85 3.42805e-31
4.7 0.9 1.78452e-30
4.7 0.95 9.10575e-30
4.7 1 4.55436e-29
4.7 1.05 2.23284e-28
4.7 1.1 1.07302e-27
4.7 1.15 5.05443e-27
4.7 1.2 2.33376e-26
4.7 1.25 1.05623e-25
4.7 1.3 4.68574e-25
4.7 1.35 2.03759e-24
4.7 1.4 8.68502e-24
4.7 1.45 3.62863e-23
4.7 1.5 1.48605e-22
4.7 1.55 5.96539e-22
4.7 1.6 2.34727e-21
4.7 1.65 9.05321e-21
4.7 1.7 3.42263e-20
4.7 1.75 1.26834e-19
4.7 1.8 4.60707e-19
4.7 1.85 1.64033e-18
4.7 1.9 5.72475e-18
4.7 1.95 1.95838e-17
4.7 2 6.56679e-17
4.7 2.05 2.15837e-16
4.7 2.1 6.95368e-16
4.7 2.15 2.19593e-15
4.7 2.2 6.79736e-15
4.7 2.25 2.06242e-14
4.7 2.3 6.1338e-14
4.7 2.35 1.78813e-13
4.7 2.4 5.10954e-13
4.7 2.45 1.43114e-12
4.7 2.5 3.92914e-12
4.7 2.55 1.05737e-11
4.7 2.6 2.78917e-11
4.7 2.65 7.21167e-11
4.7 2.7 1.82773e-10
4.7 2.75 4.54052e-10
4.7 2.8 1.10564e-09
4.7 2.85 2.63898e-09
4.7 2.9 6.17409e-09
4.7 2.95 1.41588e-08
4.7 3 3.18269e-08
4.7 3.05 7.01256e-08
4.7 3.1 1.51452e-07
4.7 3.15 3.20617e-07
4.7 3.2 6.65295e-07
4.7 3.25 1.35318e-06
4.7 3.3 2.69782e-06
4.7 3.35 5.27211e-06
4.7 3.4 1.00988e-05
4.7 3.45 1.89615e-05
4.7 3.5 3.4897e-05
4.7 3.55 6.29532e-05
4.7 3.6 0.000111317
4.7 3.65 0.00019294
4.7 3.7 0.000327789
4.7 3.75 0.000545862
4.7 3.8 0.000891016
4.7 3.85 0.00142561
4.7 3.9 0.0022358
4.7 3.95 0.00343699
4.7 4 0.00517891
4.7 4.05 0.00764914
4.7 4.1 0.0110739
4.7 4.15 0.0157146
4.7 4.2 0.0218585
4.7 4.25 0.0298024
4.7 4.3 0.0398288
4.7 4.35 0.0521743
4.7 4.4 0.0669931
4.7 4.45 0.0843176
4.7 4.5 0.104021
4.7 4.55 0.125787
4.7 4.6 0.149096
4.7 4.65 0.173225
4.7 4.7 0.197274
4.7 4.75 0.220212
4.7 4.8 0.240951
4.7 4.85 0.258422
4.7 4.9 0.271671
4.7 4.95 0.279945
4.7 5 0.282758
4.7 5.05 0.279945
4.7 5.1 0.271671
4.7 5.15 0.258422
4.7 5.2 0.240951
4.7 5.25 0.220212
4.7 5.3 0.197274
4.7 5.35 0.173225
4.7 5.4 0.149096
4.7 5.45 0.125787
4.7 5.5 0.104021
4.7 5.55 0.0843176
4.7 5.6 0.0669931
4.7 5.65 0.0521743
4.7 5.7 0.0398288
4.7 5.75 0.0298024
4.7 5.8 0.0218585
4.7 5.85 0.0157146
4.7 5.9 0.0110739
4.7 5.95 0.00764914
4.7 6 0.00517891
4.7 6.05 0.00343699
4.7 6.1 0.0022358
4.7 6.15 0.00142561
4.7 6.2 0.000891016
4.7 6.25 0.000545862
4.7 6.3 0.000327789
4.7 6.35 0.00019294
4.7 6.4 0.000111317
4.7 6.45 6.29532e-05
4.7 6.5 3.4897e-05
4.7 6.55 1.89615e-05
4.7 6.6 1.00988e-05
4.7 6.65 5.27211e-06
4.7 6.7 2.69782e-06
4.7 6.75 1.35318e-06
4.7 6.8 6.65295e-07
4.7 6.85 3.20617e-07
4.7 6.9 1.51452e-07
4.7 6.95 7.01256e-08
4.7 7 3.18269e-08
4.7 7.05 1.41588e-08
4.7 7.1 6.17409e-09
4.7 7.15 2.63898e-09
4.7 7.2 1.10564e-09
4.7 7.25 4.54052e-10
4.7 7.3 1.82773e-10
4.7 7.35 7.21167e-11
4.7 7.4 2.78917e-11
4.7 7.45 1.05737e-11
4.7 7.5 3.92914e-12
4.7 7.55 1.43114e-12
4.7 7.6 5.10954e-13
4.7 7.65 1.78813e-13
4.7 7.7 6.1338e-14
4.7 7.75 2.06242e-14
4.7 7.8 6.79736e-15
4.7 7.85 2.19593e-15
4.7 7.9 6.95368e-16
4.7 7.95 2.15837e-16
4.7 8 6.56679e-17
4.7 8.05 1.95838e-17
4.7 8.1 5.72475e-18
4.7 8.15 1.64033e-18
4.7 8.2 4.60707e-19
4.7 8.25 1.26834e-19
4.7 8.3 3.42263e-20
4.7 8.35 9.05321e-21
4.7 8.4 2.34727e-21
4.7 8.45 5.96539e-22
4.7 8.5 1.48605e-22
4.7 8.55 3.62863e-23
4.7 8.6 8.68502e-24
4.7 8.65 2.03759e-24
4.7 8.7 4.68574e-25
4.7 8.75 1.05623e-25
4.7 8.8 2.33376e-26
4.7 8.85 5.05443e-27
4.7 8.9 1.07302e-27
4.7 8.95 2.23284e-28
4.7 9 4.55436e-29
4.7 9.05 9.10575e-30
4.7 9.1 1.78452e-30
4.7 9.15 3.42805e-31
4.7 9.2 6.45492e-32
4.7 9.25 1.19139e-32
4.7 9.3 2.15544e-33
4.7 9.35 3.8224e-34
4.7 9.4 6.64441e-35
4.7 9.45 1.13213e-35
4.7 9.5 1.89084e-36
4.7 9.55 3.09552e-37
4.7 9.6 4.96743e-38
4.7 9.65 7.8136e-39
4.7 9.7 1.20473e-39
4.7 9.75 1.82075e-40
4.7 9.8 2.6973e-41
4.7 9.85 3.91679e-42
4.7 9.9 5.57509e-43
4.7 9.95 7.72975e-44
4.7 10 0
4.75 0 0
4.75 0.05 8.62842e-44
4.75 0.1 6.22321e-43
4.75 0.15 4.37213e-42
4.75 0.2 3.01087e-41
4.75 0.25 2.03242e-40
4.75 0.3 1.34479e-39
4.75 0.35 8.72197e-39
4.75 0.4 5.54493e-38
4.75 0.45 3.45539e-37
4.75 0.5 2.11066e-36
4.75 0.55 1.26375e-35
4.75 0.6 7.41688e-35
4.75 0.65 4.26679e-34
4.75 0.7 2.40603e-33
4.75 0.75 1.3299e-32
4.75 0.8 7.20537e-32
4.75 0.85 3.8266e-31
4.75 0.9 1.99199e-30
4.75 0.95 1.01644e-29
4.75 1 5.08386e-29
4.75 1.05 2.49244e-28
4.75 1.1 1.19777e-27
4.75 1.15 5.64208e-27
4.75 1.2 2.60509e-26
4.75 1.25 1.17903e-25
4.75 1.3 5.23053e-25
4.75 1.35 2.27449e-24
4.75 1.4 9.69478e-24
4.75 1.45 4.05052e-23
4.75 1.5 1.65882e-22
4.75 1.55 6.65896e-22
4.75 1.6 2.62018e-21
4.75 1.65 1.01058e-20
4.75 1.7 3.82057e-20
4.75 1.75 1.4158e-19
4.75 1.8 5.14273e-19
4.75 1.85 1.83105e-18
4.75 1.9 6.39035e-18
4.75 1.95 2.18608e-17
4.75 2 7.3303e-17
4.75 2.05 2.40932e-16
4.75 2.1 7.76218e-16
4.75 2.15 2.45126e-15
4.75 2.2 7.58769e-15
4.75 2.25 2.30222e-14
4.75 2.3 6.84699e-14
4.75 2.35 1.99603e-13
4.75 2.4 5.70364e-13
4.75 2.45 1.59754e-12
4.75 2.5 4.38599e-12
4.75 2.55 1.18032e-11
4.75 2.6 3.11347e-11
4.75 2.65 8.0502e-11
4.75 2.7 2.04025e-10
4.75 2.75 5.06846e-10
4.75 2.8 1.23419e-09
4.75 2.85 2.94582e-09
4.75 2.9 6.89198e-09
4.75 2.95 1.58051e-08
4.75 3 3.55275e-08
4.75 3.05 7.82794e-08
4.75 3.1 1.69062e-07
4.75 3.15 3.57897e-07
4.75 3.2 7.42652e-07
4.75 3.25 1.51052e-06
4.75 3.3 3.01151e-06
4.75 3.35 5.88513e-06
4.75 3.4 1.12731e-05
4.75 3.45 2.11662e-05
4.75 3.5 3.89546e-05
4.75 3.55 7.02731e-05
4.75 3.6 0.000124261
4.75 3.65 0.000215374
4.75 3.7 0.000365904
4.75 3.75 0.000609333
4.75 3.8 0.00099462
4.75 3.85 0.00159138
4.75 3.9 0.00249578
4.75 3.95 0.00383664
4.75 4 0.00578111
4.75 4.05 0.00853857
4.75 4.1 0.0123616
4.75 4.15 0.0175419
4.75 4.2 0.0244002
4.75 4.25 0.0332678
4.75 4.3 0.04446
4.75 4.35 0.058241
4.75 4.4 0.074783
4.75 4.45 0.0941218
4.75 4.5 0.116116
4.75 4.55 0.140413
4.75 4.6 0.166433
4.75 4.65 0.193367
4.75 4.7 0.220212
4.75 4.75 0.245818
4.75 4.8 0.268968
4.75 4.85 0.28847
4.75 4.9 0.303261
4.75 4.95 0.312496
4.75 5 0.315637
4.75 5.05 0.312496
4.75 5.1 0.303261
4.75 5.15 0.28847
4.75 5.2 0.268968
4.75 5.25 0.245818
4.75 5.3 0.220212
4.75 5.35 0.193367
4.75 5.4 0.166433
4.75 5.45 0.140413
4.75 5.5 0.116116
4.75 5.55 0.0941218
4.75 5.6 0.074783
4.75 5.65 0.058241
4.75 5.7 0.04446
4.75 5.75 0.0332678
4.75 5.8 0.0244002
4.75 5.85 0.0175419
4.75 5.9 0.0123616
4.75 5.95 0.00853857
4.75 6 0.00578111
4.75 6.05 0.00383664
4.75 6.1 0.00249578
4.75 6.15 0.00159138
4.75 6.2 0.00099462
4.75 6.25 0.000609333
4.75 6.3 0.000365904
4.75 6.35 0.000215374
4.75 6.4 0.000124261
4.75 6.45 7.02731e-05
4.75 6.5 3.89546e-05
4.75 6.55 2.11662e-05
4.75 6.6 1.12731e-05
4.75 6.65 5.88513e-06
4.75 6.7 3.01151e-06
4.75 6.75 1.51052e-06
4.75 6.8 7.42652e-07
4.75 6.85 3.57897e-07
4.75 6.9 1.69062e-07
4.75 6.95 7.82794e-08
4.75 7 3.55275e-08
4.75 7.05 1.58051e-08
4.75 7.1 6.89198e-09
4.75 7.15 2.94582e-09
4.75 7.2 1.23419e-09
4.75 7.25 5.06846e-10
4.75 7.3 2.04025e-10
4.75 7.35 8.0502e-11
4.75 7.4 3.11347e-11
4.75 7.45 1.18032e-11
4.75 7.5 4.38599e-12
4.75 7.55 1.59754e-12
4.75 7.6 5.70364e-13
4.75 7.65 1.99603e-13
4.75 7.7 6.84699e-14
4.75 7.75 2.30222e-14
4.75 7.8 7.58769e-15
4.75 7.85 2.45126e-15
4.75 7.9 7.76218e-16
4.75 7.95 2.40932e-16
4.75 8 7.3303e-17
4.75 8.05 2.18608e-17
4.75 8.1 6.39035e-18
4.75 8.15 1.83105e-18
4.75 8.2 5.14273e-19
4.75 8.25 1.4158e-19
4.75 8.3 3.82057e-20
4.75 8.35 1.01058e-20
4.75 8.4 2.62018e-21
4.75 8.45 6.65896e-22
4.75 8.5 1.65882e-22
4.75 8.55 4.05052e-23
4.75 8.6 9.69478e-24
4.75 8.65 2.27449e-24
4.75 8.7 5.23053e-25
4.75 8.75 1.17903e-25
4.75 8.8 2.60509e-26
4.75 8.85 5.64208e-27
4.75 8.9 1.19777e-27
4.75 8.95 2.49244e-28
4.75 9 5.08386e-29
4.75 9.05 1.01644e-29
4.75 9.1 1.99199e-30
4.75 9.15 3.8266e-31
4.75 9.2 7.20537e-32
4.75 9.25 1.3299e-32
4.75 9.3 2.40603e-33
4.75 9.35 4.26679e-34
4.75 9.4 7.41688e-35
4.75 9.45 1.26375e-35
4.75 9.5 2.11066e-36
4.75 9.55 3.45539e-37
4.75 9.6 5.54493e-38
4.75 9.65 8.72197e-39
4.75 9.7 1.34479e-39
4.75 9.75 2.03242e-40
4.75 9.8 3.01087e-41
4.75 9.85 4.37213e-42
4.75 9.9 6.22321e-43
4.75 9.95 8.62842e-44
4.75 10 0
4.8 0 0
4.8 0.05 9.44089e-44
4.8 0.1 6.80915e-43
4.8 0.15 4.78379e-42
4.8 0.2 3.29436e-41
4.8 0.25 2.22378e-40
4.8 0.3 1.47141e-39
4.8 0.35 9.5432e-39
4.8 0.4 6.06703e-38
4.8 0.45 3.78075e-37
4.8 0.5 2.3094e-36
4.8 0.55 1.38274e-35
4.8 0.6 8.11524e-35
4.8 0.65 4.66855e-34
4.8 0.7 2.63258e-33
4.8 0.75 1.45512e-32
4.8 0.8 7.88383e-32
4.8 0.85 4.18691e-31
4.8 0.9 2.17956e-30
4.8 0.95 1.11215e-29
4.8 1 5.56256e-29
4.8 1.05 2.72713e-28
4.8 1.1 1.31055e-27
4.8 1.15 6.17335e-27
4.8 1.2 2.8504e-26
4.8 1.25 1.29005e-25
4.8 1.3 5.72305e-25
4.8 1.35 2.48866e-24
4.8 1.4 1.06077e-23
4.8 1.45 4.43193e-23
4.8 1.5 1.81502e-22
4.8 1.55 7.286e-22
4.8 1.6 2.8669e-21
4.8 1.65 1.10574e-20
4.8 1.7 4.18034e-20
4.8 1.75 1.54912e-19
4.8 1.8 5.627e-19
4.8 1.85 2.00348e-18
4.8 1.9 6.99211e-18
4.8 1.95 2.39193e-17
4.8 2 8.02058e-17
4.8 2.05 2.6362e-16
4.8 2.1 8.49313e-16
4.8 2.15 2.68209e-15
4.8 2.2 8.30221e-15
4.8 2.25 2.51902e-14
4.8 2.3 7.49176e-14
4.8 2.35 2.184e-13
4.8 2.4 6.24075e-13
4.8 2.45 1.74798e-12
4.8 2.5 4.79902e-12
4.8 2.55 1.29147e-11
4.8 2.6 3.40667e-11
4.8 2.65 8.80829e-11
4.8 2.7 2.23238e-10
4.8 2.75 5.54576e-10
4.8 2.8 1.35042e-09
4.8 2.85 3.22323e-09
4.8 2.9 7.54101e-09
4.8 2.95 1.72935e-08
4.8 3 3.88732e-08
4.8 3.05 8.56511e-08
4.8 3.1 1.84983e-07
4.8 3.15 3.91601e-07
4.8 3.2 8.12589e-07
4.8 3.25 1.65277e-06
4.8 3.3 3.29511e-06
4.8 3.35 6.43935e-06
4.8 3.4 1.23347e-05
4.8 3.45 2.31595e-05
4.8 3.5 4.26231e-05
4.8 3.55 7.6891e-05
4.8 3.6 0.000135963
4.8 3.65 0.000235656
4.8 3.7 0.000400362
4.8 3.75 0.000666716
4.8 3.8 0.00108829
4.8 3.85 0.00174125
4.8 3.9 0.00273081
4.8 3.95 0.00419795
4.8 4 0.00632553
4.8 4.05 0.00934268
4.8 4.1 0.0135257
4.8 4.15 0.0191939
4.8 4.2 0.026698
4.8 4.25 0.0364008
4.8 4.3 0.048647
4.8 4.35 0.0637258
4.8 4.4 0.0818256
4.8 4.45 0.102986
4.8 4.5 0.127051
4.8 4.55 0.153637
4.8 4.6 0.182106
4.8 4.65 0.211578
4.8 4.7 0.240951
4.8 4.75 0.268968
4.8 4.8 0.294298
4.8 4.85 0.315637
4.8 4.9 0.33182
4.8 4.95 0.341926
4.8 5 0.345362
4.8 5.05 0.341926
4.8 5.1 0.33182
4.8 5.15 0.315637
4.8 5.2 0.294298
4.8 5.25 0.268968
4.8 5.3 0.240951
4.8 5.35 0.211578
4.8 5.4 0.182106
4.8 5.45 0.153637
4.8 5.5 0.127051
4.8 5.55 0.102986
4.8 5.6 0.0818256
4.8 5.65 0.0637258
4.8 5.7 0.048647
4.8 5.75 0.0364008
4.8 5.8 0.026698
4.8 5.85 0.0191939
4.8 5.9 0.0135257
4.8 5.95 0.00934268
4.8 6 0.00632553
4.8 6.05 0.00419795
4.8 6.1 0.00273081
4.8 6.15 0.00174125
4.8 6.2 0.00108829
4.8 6.25 0.000666716
4.8 6.3 0.000400362
4.8 6.35 0.000235656
4.8 6.4 0.000135963
4.8 6.45 7.6891e-05
4.8 6.5 4.26231e-05
4.8 6.55 2.31595e-05
4.8 6.6 1.23347e-05
4.8 6.65 6.43935e-06
4.8 6.7 3.29511e-06
4.8 6.75 1.65277e-06
4.8 6.8 8.12589e-07
4.8 6.85 3.91601e-07
4.8 6.9 1.84983e-07
4.8 6.95 8.56511e-08
4.8 7 3.88732e-08
4.8 7.05 1.72935e-08
4.8 7.1 7.54101e-09
4.8 7.15 3.22323e-09
4.8 7.2 1.35042e-09
4.8 7.25 5.54576e-10
4.8 7.3 2.23238e-10
4.8 7.35 8.80829e-11
4.8 7.4 3.40667e-11
4.8 7.45 1.29147e-11
4.8 7.5 4.79902e-12
4.8 7.55 1.74798e-12
4.8 7.6 6.24075e-13
4.8 7.65 2.184e-13
4.8 7.7 7.49176e-14
4.8 7.75 2.51902e-14
4.8 7.8 8.30221e-15
4.8 7.85 2.68209e-15
4.8 7.9 8.49313e-16
4.8 7.95 2.6362e-16
4.8 8 8.02058e-17
4.8 8.05 2.39193e-17
4.8 8.1 6.99211e-18
4.8 8.15 2.00348e-18
4.8 8.2 5.627e-19
4.8 8.25 1.54912e-19
4.8 8.3 4.18034e-20
4.8 8.35 1.10574e-20
4.8 8.4 2.8669e-21
4.8 8.45 7.286e-22
4.8 8.5 1.81502e-22
4.8 8.55 4.43193e-23
4.8 8.6 1.06077e-23
4.8 8.65 2.48866e-24
4.8 8.7 5.72305e-25
4.8 8.75 1.29005e-25
4.8 8.8 2.8504e-26
4.8 8.85 6.17335e-27
4.8 8.9 1.31055e-27
4.8 8.95 2.72713e-28
4.8 9 5.56256e-29
4.8 9.05 1.11215e-29
4.8 9.1 2.17956e-30
4.8 9.15 4.18691e-31
4.8 9.2 7.88383e-32
4.8 9.25 1.45512e-32
4.8 9.3 2.63258e-33
4.8 9.35 4.66855e-34
4.8 9.4 8.11524e-35
4.8 9.45 1.38274e-35
4.8 9.5 2.3094e-36
4.8 9.55 3.78075e-37
4.8 9.6 6.06703e-38
4.8 9.65 9.5432e-39
4.8 9.7 1.47141e-39
4.8 9.75 2.22378e-40
4.8 9.8 3.29436e-41
4.8 9.85 4.78379e-42
4.8 9.9 6.80915e-43
4.8 9.95 9.44089e-44
4.8 10 0
4.85 0 0
4.85 0.05 1.01253e-43
4.85 0.1 7.30277e-43
4.85 0.15 5.13058e-42
4.85 0.2 3.53318e-41
4.85 0.25 2.38499e-40
4.85 0.3 1.57808e-39
4.85 0.35 1.0235e-38
4.85 0.4 6.50686e-38
4.85 0.45 4.05483e-37
4.85 0.5 2.47682e-36
4.85 0.55 1.48298e-35
4.85 0.6 8.70356e-35
4.85 0.65 5.007e-34
4.85 0.7 2.82343e-33
4.85 0.75 1.56062e-32
4.85 0.8 8.45539e-32
4.85 0.85 4.49045e-31
4.85 0.9 2.33758e-30
4.85 0.95 1.19278e-29
4.85 1 5.96584e-29
4.85 1.05 2.92484e-28
4.85 1.1 1.40557e-27
4.85 1.15 6.62091e-27
4.85 1.2 3.05705e-26
4.85 1.25 1.38358e-25
4.85 1.3 6.13797e-25
4.85 1.35 2.66909e-24
4.85 1.4 1.13767e-23
4.85 1.45 4.75325e-23
4.85 1.5 1.94662e-22
4.85 1.55 7.81425e-22
4.85 1.6 3.07476e-21
4.85 1.65 1.18591e-20
4.85 1.7 4.48342e-20
4.85 1.75 1.66144e-19
4.85 1.8 6.03497e-19
4.85 1.85 2.14873e-18
4.85 1.9 7.49906e-18
4.85 1.95 2.56535e-17
4.85 2 8.60209e-17
4.85 2.05 2.82733e-16
4.85 2.1 9.10891e-16
4.85 2.15 2.87655e-15
4.85 2.2 8.90415e-15
4.85 2.25 2.70165e-14
4.85 2.3 8.03494e-14
4.85 2.35 2.34235e-13
4.85 2.4 6.69323e-13
4.85 2.45 1.87472e-12
4.85 2.5 5.14697e-12
4.85 2.55 1.3851e-11
4.85 2.6 3.65367e-11
4.85 2.65 9.44693e-11
4.85 2.7 2.39424e-10
4.85 2.75 5.94786e-10
4.85 2.8 1.44833e-09
4.85 2.85 3.45693e-09
4.85 2.9 8.08777e-09
4.85 2.95 1.85474e-08
4.85 3 4.16917e-08
4.85 3.05 9.18614e-08
4.85 3.1 1.98395e-07
4.85 3.15 4.19994e-07
4.85 3.2 8.71507e-07
4.85 3.25 1.77261e-06
4.85 3.3 3.53403e-06
4.85 3.35 6.90625e-06
4.85 3.4 1.32291e-05
4.85 3.45 2.48388e-05
4.85 3.5 4.57136e-05
4.85 3.55 8.24661e-05
4.85 3.6 0.000145821
4.85 3.65 0.000252743
4.85 3.7 0.000429391
4.85 3.75 0.000715058
4.85 3.8 0.0011672
4.85 3.85 0.0018675
4.85 3.9 0.00292882
4.85 3.95 0.00450233
4.85 4 0.00678419
4.85 4.05 0.0100201
4.85 4.1 0.0145064
4.85 4.15 0.0205856
4.85 4.2 0.0286339
4.85 4.25 0.0390401
4.85 4.3 0.0521743
4.85 4.35 0.0683465
4.85 4.4 0.0877586
4.85 4.45 0.110453
4.85 4.5 0.136264
4.85 4.55 0.164777
4.85 4.6 0.195311
4.85 4.65 0.226919
4.85 4.7 0.258422
4.85 4.75 0.28847
4.85 4.8 0.315637
4.85 4.85 0.338523
4.85 4.9 0.35588
4.85 4.95 0.366718
4.85 5 0.370404
4.85 5.05 0.366718
4.85 5.1 0.35588
4.85 5.15 0.338523
4.85 5.2 0.315637
4.85 5.25 0.28847
4.85 5.3 0.258422
4.85 5.35 0.226919
4.85 5.4 0.195311
4.85 5.45 0.164777
4.85 5.5 0.136264
4.85 5.55 0.110453
4.85 5.6 0.0877586
4.85 5.65 0.0683465
4.85 5.7 0.0521743
4.85 5.75 0.0390401
4.85 5.8 0.0286339
4.85 5.85 0.0205856
4.85 5.9 0.0145064
4.85 5.95 0.0100201
4.85 6 0.00678419
4.85 6.05 0.00450233
4.85 6.1 0.00292882
4.85 6.15 0.0018675
4.85 6.2 0.0011672
4.85 6.25 0.000715058
4.85 6.3 0.000429391
4.85 6.35 0.000252743
4.85 6.4 0.000145821
4.85 6.45 8.24661e-05
4.85 6.5 4.57136e-05
4.85 6.55 2.48388e-05
4.85 6.6 1.32291e-05
4.85 6.65 6.90625e-06
4.85 6.7 3.53403e-06
4.85 6.75 1.77261e-06
4.85 6.8 8.71507e-07
4.85 6.85 4.19994e-07
4.85 6.9 1.98395e-07
4.85 6.95 9.18614e-08
4.85 7 4.16917e-08
4.85 7.05 1.85474e-08
4.85 7.1 8.08777e-09
4.85 7.15 3.45693e-09
4.85 7.2 1.44833e-09
4.85 7.25 5.94786e-10
4.85 7.3 2.39424e-10
4.85 7.35 9.44693e-11
4.85 7.4 3.65367e-11
4.85 7.45 1.3851e-11
4.85 7.5 5.14697e-12
4.85 7.55 1.87472e-12
4.85 7.6 6.69323e-13
4.85 7.65 2.34235e-13
4.85 7.7 8.03494e-14
4.85 7.75 2.70165e-14
4.85 7.8 8.90415e-15
4.85 7.85 2.87655e-15
4.85 7.9 9.10891e-16
4.85 7.95 2.82733e-16
4.85 8 8.60209e-17
4.85 8.05 2.56535e-17
4.85 8.1 7.49906e-18
4.85 8.15 2.14873e-18
4.85 8.2 6.03497e-19
4.85 8.25 1.66144e-19
4.85 8.3 4.48342e-20
4.85 8.35 1.18591e-20
4.85 8.4 3.07476e-21
4.85 8.45 7.81425e-22
4.85 8.5 1.94662e-22
4.85 8.55 4.75325e-23
4.85 8.6 1.13767e-23
4.85 8.65 2.66909e-24
4.85 8.7 6.13797e-25
4.85 8.75 1.38358e-25
4.85 8.8 3.05705e-26
4.85 8.85 6.62091e-27
4.85 8.9 1.40557e-27
4.85 8.95 2.92484e-28
4.85 9 5.96584e-29
4.85 9.05 1.19278e-29
4.85 9.1 2.33758e-30
4.85 9.15 4.49045e-31
4.85 9.2 8.45539e-32
4.85 9.25 1.56062e-32
4.85 9.3 2.82343e-33
4.85 9.35 5.007e-34
4.85 9.4 8.70356e-35
4.85 9.45 1.48298e-35
4.85 9.5 2.47682e-36
4.85 9.55 4.05483e-37
4.85 9.6 6.50686e-38
4.85 9.65 1.0235e-38
4.85 9.7 1.57808e-39
4.85 9.75 2.38499e-40
4.85 9.8 3.53318e-41
4.85 9.85 5.13058e-42
4.85 9.9 7.30277e-43
4.85 9.95 1.01253e-43
4.85 10 0
4.9 0 0
4.9 0.05 1.06444e-43
4.9 0.1 7.67711e-43
4.9 0.15 5.39358e-42
4.9 0.2 3.7143e-41
4.9 0.25 2.50725e-40
4.9 0.3 1.65897e-39
4.9 0.35 1.07597e-38
4.9 0.4 6.84041e-38
4.9 0.45 4.26269e-37
4.9 0.5 2.60379e-36
4.9 0.55 1.559e-35
4.9 0.6 9.14973e-35
4.9 0.65 5.26367e-34
4.9 0.7 2.96817e-33
4.9 0.75 1.64062e-32
4.9 0.8 8.88884e-32
4.9 0.85 4.72065e-31
4.9 0.9 2.45741e-30
4.9 0.95 1.25392e-29
4.9 1 6.27168e-29
4.9 1.05 3.07478e-28
4.9 1.1 1.47762e-27
4.9 1.15 6.96033e-27
4.9 1.2 3.21377e-26
4.9 1.25 1.45451e-25
4.9 1.3 6.45264e-25
4.9 1.35 2.80592e-24
4.9 1.4 1.196e-23
4.9 1.45 4.99693e-23
4.9 1.5 2.04641e-22
4.9 1.55 8.21485e-22
4.9 1.6 3.23239e-21
4.9 1.65 1.24671e-20
4.9 1.7 4.71327e-20
4.9 1.75 1.74661e-19
4.9 1.8 6.34436e-19
4.9 1.85 2.25889e-18
4.9 1.9 7.88352e-18
4.9 1.95 2.69687e-17
4.9 2 9.0431e-17
4.9 2.05 2.97228e-16
4.9 2.1 9.5759e-16
4.9 2.15 3.02402e-15
4.9 2.2 9.36065e-15
4.9 2.25 2.84016e-14
4.9 2.3 8.44688e-14
4.9 2.35 2.46244e-13
4.9 2.4 7.03638e-13
4.9 2.45 1.97083e-12
4.9 2.5 5.41084e-12
4.9 2.55 1.45612e-11
4.9 2.6 3.84099e-11
4.9 2.65 9.93127e-11
4.9 2.7 2.51699e-10
4.9 2.75 6.2528e-10
4.9 2.8 1.52259e-09
4.9 2.85 3.63417e-09
4.9 2.9 8.50243e-09
4.9 2.95 1.94983e-08
4.9 3 4.38293e-08
4.9 3.05 9.65711e-08
4.9 3.1 2.08567e-07
4.9 3.15 4.41527e-07
4.9 3.2 9.16189e-07
4.9 3.25 1.86349e-06
4.9 3.3 3.71522e-06
4.9 3.35 7.26033e-06
4.9 3.4 1.39073e-05
4.9 3.45 2.61122e-05
4.9 3.5 4.80574e-05
4.9 3.55 8.66942e-05
4.9 3.6 0.000153297
4.9 3.65 0.000265702
4.9 3.7 0.000451407
4.9 3.75 0.00075172
4.9 3.8 0.00122704
4.9 3.85 0.00196325
4.9 3.9 0.00307898
4.9 3.95 0.00473317
4.9 4 0.00713202
4.9 4.05 0.0105338
4.9 4.1 0.0152502
4.9 4.15 0.021641
4.9 4.2 0.030102
4.9 4.25 0.0410418
4.9 4.3 0.0548493
4.9 4.35 0.0718507
4.9 4.4 0.0922581
4.9 4.45 0.116116
4.9 4.5 0.14325
4.9 4.55 0.173225
4.9 4.6 0.205324
4.9 4.65 0.238553
4.9 4.7 0.271671
4.9 4.75 0.303261
4.9 4.8 0.33182
4.9 4.85 0.35588
4.9 4.9 0.374126
4.9 4.95 0.38552
4.9 5 0.389395
4.9 5.05 0.38552
4.9 5.1 0.374126
4.9 5.15 0.35588
4.9 5.2 0.33182
4.9 5.25 0.303261
4.9 5.3 0.271671
4.9 5.35 0.238553
4.9 5.4 0.205324
4.9 5.45 0.173225
4.9 5.5 0.14325
4.9 5.55 0.116116
4.9 5.6 0.0922581
4.9 5.65 0.0718507
4.9 5.7 0.0548493
4.9 5.75 0.0410418
4.9 5.8 0.030102
4.9 5.85 0.021641
4.9 5.9 0.0152502
4.9 5.95 0.0105338
4.9 6 0.00713202
4.9 6.05 0.00473317
4.9 6.1 0.00307898
4.9 6.15 0.00196325
4.9 6.2 0.00122704
4.9 6.25 0.00075172
4.9 6.3 0.000451407
4.9 6.35 0.000265702
4.9 6.4 0.000153297
4.9 6.45 8.66942e-05
4.9 6.5 4.80574e-05
4.9 6.55 2.61122e-05
4.9 6.6 1.39073e-05
4.9 6.65 7.26033e-06
4.9 6.7 3.71522e-06
4.9 6.75 1.86349e-06
4.9 6.8 9.16189e-07
4.9 6.85 4.41527e-07
4.9 6.9 2.08567e-07
4.9 6.95 9.65711e-08
4.9 7 4.38293e-08
4.9 7.05 1.94983e-08
4.9 7.1 8.50243e-09
4.9 7.15 3.63417e-09
4.9 7.2 1.52259e-09
4.9 7.25 6.2528e-10
4.9 7.3 2.51699e-10
4.9 7.35 9.93127e-11
4.9 7.4 3.84099e-11
4.9 7.45 1.45612e-11
4.9 7.5 5.41084e-12
4.9 7.55 1.97083e-12
4.9 7.6 7.03638e-13
4.9 7.65 2.46244e-13
4.9 7.7 8.44688e-14
4.9 7.75 2.84016e-14
4.9 7.8 9.36065e-15
4.9 7.85 3.02402e-15
4.9 7.9 9.5759e-16
4.9 7.95 2.97228e-16
4.9 8 9.0431e-17
4.9 8.05 2.69687e-17
4.9 8.1 7.88352e-18
4.9 8.15 2.25889e-18
4.9 8.2 6.34436e-19
4.9 8.25 1.74661e-19
4.9 8.3 4.71327e-20
4.9 8.35 1.24671e-20
4.9 8.4 3.23239e-21
4.9 8.45 8.21485e-22
4.9 8.5 2.04641e-22
4.9 8.55 4.99693e-23
4.9 8.6 1.196e-23
4.9 8.65 2.80592e-24
4.9 8.7 6.45264e-25
4.9 8.75 1.45451e-25
4.9 8.8 3.21377e-26
4.9 8.85 6.96033e-27
4.9 8.9 1.47762e-27
4.9 8.95 3.07478e-28
4.9 9 6.27168e-29
4.9 9.05 1.25392e-29
4.9 9.1 2.45741e-30
4.9 9.15 4.72065e-31
4.9 9.2 8.88884e-32
4.9 9.25 1.64062e-32
4.9 9.3 2.96817e-33
4.9 9.35 5.26367e-34
4.9 9.4 9.14973e-35
4.9 9.45 1.559e-35
4.9 9.5 2.60379e-36
4.9 9.55 4.26269e-37
4.9 9.6 6.84041e-38
4.9 9.65 1.07597e-38
4.9 9.7 1.65897e-39
4.9 9.75 2.50725e-40
4.9 9.8 3.7143e-41
4.9 9.85 5.39358e-42
4.9 9.9 7.67711e-43
4.9 9.95 1.06444e-43
4.9 10 0
4.95 0 0
4.95 0.05 1.09685e-43
4.95 0.1 7.91087e-43
4.95 0.15 5.5578e-42
4.95 0.2 3.82739e-41
4.95 0.25 2.58359e-40
4.95 0.3 1.70948e-39
4.95 0.35 1.10873e-38
4.95 0.4 7.04869e-38
4.95 0.45 4.39249e-37
4.95 0.5 2.68307e-36
4.95 0.55 1.60647e-35
4.95 0.6 9.42834e-35
4.95 0.65 5.42395e-34
4.95 0.7 3.05855e-33
4.95 0.75 1.69057e-32
4.95 0.8 9.15951e-32
4.95 0.85 4.8644e-31
4.95 0.9 2.53224e-30
4.95 0.95 1.29211e-29
4.95 1 6.46265e-29
4.95 1.05 3.16841e-28
4.95 1.1 1.52262e-27
4.95 1.15 7.17228e-27
4.95 1.2 3.31163e-26
4.95 1.25 1.4988e-25
4.95 1.3 6.64913e-25
4.95 1.35 2.89136e-24
4.95 1.4 1.23242e-23
4.95 1.45 5.14909e-23
4.95 1.5 2.10873e-22
4.95 1.55 8.46501e-22
4.95 1.6 3.33082e-21
4.95 1.65 1.28467e-20
4.95 1.7 4.8568e-20
4.95 1.75 1.7998e-19
4.95 1.8 6.53756e-19
4.95 1.85 2.32768e-18
4.95 1.9 8.12359e-18
4.95 1.95 2.779e-17
4.95 2 9.31848e-17
4.95 2.05 3.0628e-16
4.95 2.1 9.86751e-16
4.95 2.15 3.11611e-15
4.95 2.2 9.64571e-15
4.95 2.25 2.92665e-14
4.95 2.3 8.70411e-14
4.95 2.35 2.53742e-13
4.95 2.4 7.25066e-13
4.95 2.45 2.03085e-12
4.95 2.5 5.57562e-12
4.95 2.55 1.50046e-11
4.95 2.6 3.95796e-11
4.95 2.65 1.02337e-10
4.95 2.7 2.59364e-10
4.95 2.75 6.44322e-10
4.95 2.8 1.56896e-09
4.95 2.85 3.74484e-09
4.95 2.9 8.76136e-09
4.95 2.95 2.00921e-08
4.95 3 4.5164e-08
4.95 3.05 9.9512e-08
4.95 3.1 2.14918e-07
4.95 3.15 4.54974e-07
4.95 3.2 9.44091e-07
4.95 3.25 1.92024e-06
4.95 3.3 3.82837e-06
4.95 3.35 7.48144e-06
4.95 3.4 1.43308e-05
4.95 3.45 2.69075e-05
4.95 3.5 4.95209e-05
4.95 3.55 8.93344e-05
4.95 3.6 0.000157966
4.95 3.65 0.000273793
4.95 3.7 0.000465154
4.95 3.75 0.000774613
4.95 3.8 0.00126441
4.95 3.85 0.00202304
4.95 3.9 0.00317275
4.95 3.95 0.00487732
4.95 4 0.00734922
4.95 4.05 0.0108546
4.95 4.1 0.0157146
4.95 4.15 0.0223001
4.95 4.2 0.0310187
4.95 4.25 0.0422917
4.95 4.3 0.0565197
4.95 4.35 0.0740389
4.95 4.4 0.0950678
4.95 4.45 0.119652
4.95 4.5 0.147613
4.95 4.55 0.1785
4.95 4.6 0.211578
4.95 4.65 0.245818
4.95 4.7 0.279945
4.95 4.75 0.312496
4.95 4.8 0.341926
4.95 4.85 0.366718
4.95 4.9 0.38552
4.95 4.95 0.397261
4.95 5 0.401254
4.95 5.05 0.397261
4.95 5.1 0.38552
4.95 5.15 0.366718
4.95 5.2 0.341926
4.95 5.25 0.312496
4.95 5.3 0.279945
4.95 5.35 0.245818
4.95 5.4 0.211578
4.95 5.45 0.1785
4.95 5.5 0.147613
4.95 5.55 0.119652
4.95 5.6 0.0950678
4.95 5.65 0.0740389
4.95 5.7 0.0565197
4.95 5.75 0.0422917
4.95 5.8 0.0310187
4.95 5.85 0.0223001
4.95 5.9 0.0157146
4.95 5.95 0.0108546
4.95 6 0.00734922
4.95 6.05 0.00487732
4.95 6.1 0.00317275
4.95 6.15 0.00202304
4.95 6.2 0.00126441
4.95 6.25 0.000774613
4.95 6.3 0.000465154
4.95 6.35 0.000273793
4.95 6.4 0.000157966
4.95 6.45 8.93344e-05
4.95 6.5 4.95209e-05
4.95 6.55 2.69075e-05
4.95 6.6 1.43308e-05
4.95 6.65 7.48144e-06
4.95 6.7 3.82837e-06
4.95 6.75 1.92024e-06
4.95 6.8 9.44091e-07
4.95 6.85 4.54974e-07
4.95 6.9 2.14918e-07
4.95 6.95 9.9512e-08
4.95 7 4.5164e-08
4.95 7.05 2.00921e-08
4.95 7.1 8.76136e-09
4.95 7.15 3.74484e-09
4.95 7.2 1.56896e-09
4.95 7.25 6.44322e-10
4.95 7.3 2.59364e-10
4.95 7.35 1.02337e-10
4.95 7.4 3.95796e-11
4.95 7.45 1.50046e-11
4.95 7.5 5.57562e-12
4.95 7.55 2.03085e-12
4.95 7.6 7.25066e-13
4.95 7.65 2.53742e-13
4.95 7.7 8.70411e-14
4.95 7.75 2.92665e-14
4.95 7.8 9.64571e-15
4.95 7.85 3.11611e-15
4.95 7.9 9.86751e-16
4.95 7.95 3.0628e-16
4.95 8 9.31848e-17
4.95 8.05 2.779e-17
4.95 8.1 8.12359e-18
4.95 8.15 2.32768e-18
4.95 8.2 6.53756e-19
4.95 8.25 1.7998e-19
4.95 8.3 4.8568e-20
4.95 8.35 1.28467e-20
4.95 8.4 3.33082e-21
4.95 8.45 8.46501e-22
4.95 8.5 2.10873e-22
4.95 8.55 5.14909e-23
4.95 8.6 1.23242e-23
4.95 8.65 2.89136e-24
4.95 8.7 6.64913e-25
4.95 8.75 1.4988e-25
4.95 8.8 3.31163e-26
4.95 8.85 7.17228e-27
4.95 8.9 1.52262e-27
4.95 8.95 3.16841e-28
4.95 9 6.46265e-29
4.95 9.05 1.29211e-29
4.95 9.1 2.53224e-30
4.95 9.15 4.8644e-31
4.95 9.2 9.15951e-32
4.95 9.25 1.69057e-32
4.95 9.3 3.05855e-33
4.95 9.35 5.42395e-34
4.95 9.4 9.42834e-35
4.95 9.45 1.60647e-35
4.95 9.5 2.68307e-36
4.95 9.55 4.39249e-37
4.95 9.6 7.04869e-38
4.95 9.65 1.10873e-38
4.95 9.7 1.70948e-39
4.95 9.75 2.58359e-40
4.95 9.8 3.82739e-41
4.95 9.85 5.5578e-42
4.95 9.9 7.91087e-43
4.95 9.95 1.09685e-43
4.95 10 0
5 0 0
5 0.05 1.10787e-43
5 0.1 7.99036e-43
5 0.15 5.61365e-42
5 0.2 3.86585e-41
5 0.25 2.60955e-40
5 0.3 1.72666e-39
5 0.35 1.11987e-38
5 0.4 7.11952e-38
5 0.45 4.43663e-37
5 0.5 2.71003e-36
5 0.55 1.62262e-35
5 0.6 9.52308e-35
5 0.65 5.47845e-34
5 0.7 3.08928e-33
5 0.75 1.70756e-32
5 0.8 9.25155e-32
5 0.85 4.91328e-31
5 0.9 2.55768e-30
5 0.95 1.30509e-29
5 1 6.52759e-29
5 1.05 3.20025e-28
5 1.1 1.53792e-27
5 1.15 7.24435e-27
5 1.2 3.34491e-26
5 1.25 1.51386e-25
5 1.3 6.71595e-25
5 1.35 2.92042e-24
5 1.4 1.2448e-23
5 1.45 5.20084e-23
5 1.5 2.12992e-22
5 1.55 8.55008e-22
5 1.6 3.36429e-21
5 1.65 1.29758e-20
5 1.7 4.90561e-20
5 1.75 1.81789e-19
5 1.8 6.60326e-19
5 1.85 2.35107e-18
5 1.9 8.20522e-18
5 1.95 2.80693e-17
5 2 9.41213e-17
5 2.05 3.09358e-16
5 2.1 9.96667e-16
5 2.15 3.14743e-15
5 2.2 9.74264e-15
5 2.25 2.95607e-14
5 2.3 8.79158e-14
5 2.35 2.56292e-13
5 2.4 7.32353e-13
5 2.45 2.05126e-12
5 2.5 5.63165e-12
5 2.55 1.51554e-11
5 2.6 3.99773e-11
5 2.65 1.03366e-10
5 2.7 2.61971e-10
5 2.75 6.50797e-10
5 2.8 1.58472e-09
5 2.85 3.78248e-09
5 2.9 8.84941e-09
5 2.95 2.0294e-08
5 3 4.56179e-08
5 3.05 1.00512e-07
5 3.1 2.17078e-07
5 3.15 4.59546e-07
5 3.2 9.53579e-07
5 3.25 1.93954e-06
5 3.3 3.86684e-06
5 3.35 7.55663e-06
5 3.4 1.44749e-05
5 3.45 2.71779e-05
5 3.5 5.00186e-05
5 3.55 9.02322e-05
5 3.6 0.000159554
5 3.65 0.000276545
5 3.7 0.000469829
5 3.75 0.000782398
5 3.8 0.00127712
5 3.85 0.00204337
5 3.9 0.00320463
5 3.95 0.00492634
5 4 0.00742308
5 4.05 0.0109637
5 4.1 0.0158726
5 4.15 0.0225242
5 4.2 0.0313304
5 4.25 0.0427167
5 4.3 0.0570878
5 4.35 0.074783
5 4.4 0.0960232
5 4.45 0.120855
5 4.5 0.149096
5 4.55 0.180294
5 4.6 0.213704
5 4.65 0.248289
5 4.7 0.282758
5 4.75 0.315637
5 4.8 0.345362
5 4.85 0.370404
5 4.9 0.389395
5 4.95 0.401254
5 5 0.405286
5 5.05 0.401254
5 5.1 0.389395
5 5.15 0.370404
5 5.2 0.345362
5 5.25 0.315637
5 5.3 0.282758
5 5.35 0.248289
5 5.4 0.213704
5 5.45 0.180294
5 5.5 0.149096
5 5.55 0.120855
5 5.6 0.0960232
5 5.65 0.074783
5 5.7 0.0570878
5 5.75 0.0427167
5 5.8 0.0313304
5 5.85 0.0225242
5 5.9 0.0158726
5 5.95 0.0109637
5 6 0.00742308
5 6.05 0.00492634
5 6.1 0.00320463
5 6.15 0.00204337
5 6.2 0.00127712
5 6.25 0.000782398
5 6.3 0.000469829
5 6.35 0.000276545
5 6.4 0.000159554
5 6.45 9.02322e-05
5 6.5 5.00186e-05
5 6.55 2.71779e-05
5 6.6 1.44749e-05
5 6.65 7.55663e-06
5 6.7 3.86684e-06
5 6.75 1.93954e-06
5 6.8 9.53579e-07
5 6.85 4.59546e-07
5 6.9 2.17078e-07
5 6.95 1.00512e-07
5 7 4.56179e-08
5 7.05 2.0294e-08
5 7.1 8.84941e-09
5 7.15 3.78248e-09
5 7.2 1.58472e-09
5 7.25 6.50797e-10
5 7.3 2.61971e-10
5 7.35 1.03366e-10
5 7.4 3.99773e-11
5 7.45 1.51554e-11
5 7.5 5.63165e-12
5 7.55 2.05126e-12
5 7.6 7.32353e-13
5 7.65 2.56292e-13
5 7.7 8.79158e-14
5 7.75 2.95607e-14
5 7.8 9.74264e-15
5 7.85 3.14743e-15
5 7.9 9.96667e-16
5 7.95 3.09358e-16
5 8 9.41213e-17
5 8.05 2.80693e-17
5 8.1 8.20522e-18
5 8.15 2.35107e-18
5 8.2 6.60326e-19
5 8.25 1.81789e-19
5 8.3 4.90561e-20
5 8.35 1.29758e-20
5 8.4 3.36429e-21
5 8.45 8.55008e-22
5 8.5 2.12992e-22
5 8.55 5.20084e-23
5 8.6 1.2448e-23
5 8.65 2.92042e-24
5 8.7 6.71595e-25
5 8.75 1.51386e-25
5 8.8 3.34491e-26
5 8.85 7.24435e-27
5 8.9 1.53792e-27
5 8.95 3.20025e-28
5 9 6.52759e-29
5 9.05 1.30509e-29
5 9.1 2.55768e-30
5 9.15 4.91328e-31
5 9.2 9.25155e-32
5 9.25 1.70756e-32
5 9.3 3.08928e-33
5 9.35 5.47845e-34
5 9.4 9.52308e-35
5 9.45 1.62262e-35
5 9.5 2.71003e-36
5 9.55 4.43663e-37
5 9.6 7.11952e-38
5 9.65 1.11987e-38
5 9.7 1.72666e-39
5 9.75 2.60955e-40
5 9.8 3.86585e-41
5 9.85 5.61365e-42
5 9.9 7.99036e-43
5 9.95 1.10787e-43
5 10 0
5.05 0 0
5.05 0.05 1.09685e-43
5.05 0.1 7.91087e-43
5.05 0.15 5.5578e-42
5.05 0.2 3.82739e-41
5.05 0.25 2.58359e-40
5.05 0.3 1.70948e-39
5.05 0.35 1.10873e-38
5.05 0.4 7.04869e-38
5.05 0.45 4.39249e-37
5.05 0.5 2.68307e-36
5.05 0.55 1.60647e-35
5.05 0.6 9.42834e-35
5.05 0.65 5.42395e-34
5.05 0.7 3.05855e-33
5.05 0.75 1.69057e-32
5.05 0.8 9.15951e-32
5.05 0.85 4.8644e-31
5.05 0.9 2.53224e-30
5.05 0.95 1.29211e-29
5.05 1 6.46265e-29
5.05 1.05 3.16841e-28
5.05 1.1 1.52262e-27
5.05 1.15 7.17228e-27
5.05 1.2 3.31163e-26
5.05 1.25 1.4988e-25
5.05 1.3 6.64913e-25
5.05 1.35 2.89136e-24
5.05 1.4 1.23242e-23
5.05 1.45 5.14909e-23
5.05 1.5 2.10873e-22
5.05 1.55 8.46501e-22
5.05 1.6 3.33082e-21
5.05 1.65 1.28467e-20
5.05 1.7 4.8568e-20
5.05 1.75 1.7998e-19
5.05 1.8 6.53756e-19
5.05 1.85 2.32768e-18
5.05 1.9 8.12359e-18
5.05 1.95 2.779e-17
5.05 2 9.31848e-17
5.05 2.05 3.0628e-16
5.05 2.1 9.86751e-16
5.05 2.15 3.11611e-15
5.05 2.2 9.64571e-15
5.05 2.25 2.92665e-14
5.05 2.3 8.70411e-14
5.05 2.35 2.53742e-13
5.05 2.4 7.25066e-13
5.05 2.45 2.03085e-12
5.05 2.5 5.57562e-12
5.05 2.55 1.50046e-11
5.05 2.6 3.95796e-11
5.05 2.65 1.02337e-10
5.05 2.7 2.59364e-10
5.05 2.75 6.44322e-10
5.05 2.8 1.56896e-09
5.05 2.85 3.74484e-09
5.05 2.9 8.76136e-09
5.05 2.95 2.00921e-08
5.05 3 4.5164e-08
5.05 3.05 9.9512e-08
5.05 3.1 2.14918e-07
5.05 3.15 4.54974e-07
5.05 3.2 9.44091e-07
5.05 3.25 1.92024e-06
5.05 3.3 3.82837e-06
5.05 3.35 7.48144e-06
5.05 3.4 1.43308e-05
5.05 3.45 2.69075e-05
5.05 3.5 4.95209e-05
5.05 3.55 8.93344e-05
5.05 3.6 0.000157966
5.05 3.65 0.000273793
5.05 3.7 0.000465154
5.05 3.75 0.000774613
5.05 3.8 0.00126441
5.05 3.85 0.00202304
5.05 3.9 0.00317275
5.05 3.95 0.00487732
5.05 4 0.00734922
5.05 4.05 0.0108546
5.05 4.1 0.0157146
5.05 4.15 0.0223001
5.05 4.2 0.0310187
5.05 4.25 0.0422917
5.05 4.3 0.0565197
5.05 4.35 0.0740389
5.05 4.4 0.0950678
5.05 4.45 0.119652
5.05 4.5 0.147613
5.05 4.55 0.1785
5.05 4.6 0.211578
5.05 4.65 0.245818
5.05 4.7 0.279945
5.05 4.75 0.312496
5.05 4.8 0.341926
5.05 4.85 0.366718
5.05 4.9 0.38552
5.05 4.95 0.397261
5.05 5 0.401254
5.05 5.05 0.397261
5.05 5.1 0.38552
5.05 5.15 0.366718
5.05 5.2 0.341926
5.05 5.25 0.312496
5.05 5.3 0.279945
5.05 5.35 0.245818
5.05 5.4 0.211578
5.05 5.45 0.1785
5.05 5.5 0.147613
5.05 5.55 0.119652
5.05 5.6 0.0950678
5.05 5.65 0.0740389
5.05 5.7 0.0565197
5.05 5.75 0.0422917
5.05 5.8 0.0310187
5.05 5.85 0.0223001
5.05 5.9 0.0157146
5.05 5.95 0.0108546
5.05 6 0.00734922
5.05 6.05 0.00487732
5.05 6.1 0.00317275
5.05 6.15 0.00202304
5.05 6.2 0.00126441
5.05 6.25 0.000774613
5.05 6.3 0.000465154
5.05 6.35 0.000273793
5.05 6.4 0.000157966
5.05 6.45 8.93344e-05
5.05 6.5 4.95209e-05
5.05 6.55 2.69075e-05
5.05 6.6 1.43308e-05
5.05 6.65 7.48144e-06
5.05 6.7 3.82837e-06
5.05 6.75 1.92024e-06
5.05 6.8 9.44091e-07
5.05 6.85 4.54974e-07
5.05 6.9 2.14918e-07
5.05 6.95 9.9512e-08
5.05 7 4.5164e-08
5.05 7.05 2.00921e-08
5.05 7.1 8.76136e-09
5.05 7.15 3.74484e-09
5.05 7.2 1.56896e-09
5.05 7.25 6.44322e-10
5.05 7.3 2.59364e-10
5.05 7.35 1.02337e-10
5.05 7.4 3.95796e-11
5.05 7.45 1.50046e-11
5.05 7.5 5.57562e-12
5.05 7.55 2.03085e-12
5.05 7.6 7.25066e-13
5.05 7.65 2.53742e-13
5.05 7.7 8.70411e-14
5.05 7.75 2.92665e-14
5.05 7.8 9.64571e-15
5.05 7.85 3.11611e-15
5.05 7.9 9.86751e-16
5.05 7.95 3.0628e-16
5.05 8 9.31848e-17
5.05 8.05 2.779e-17
5.05 8.1 8.12359e-18
5.05 8.15 2.32768e-18
5.05 8.2 6.53756e-19
5.05 8.25 1.7998e-19
5.05 8.3 4.8568e-20
5.05 8.35 1.28467e-20
5.05 8.4 3.33082e-21
5.05 8.45 8.46501e-22
5.05 8.5 2.10873e-22
5.05 8.55 5.14909e-23
5.05 8.6 1.23242e-23
5.05 8.65 2.89136e-24
5.05 8.7 6.64913e-25
5.05 8.75 1.4988e-25
5.05 8.8 3.31163e-26
5.05 8.85 7.17228e-27
5.05 8.9 1.52262e-27
5.05 8.95 3.16841e-28
5.05 9 6.46265e-29
5.05 9.05 1.29211e-29
5.05 9.1 2.53224e-30
5.05 9.15 4.8644e-31
5.05 9.2 9.15951e-32
5.05 9.25 1.69057e-32
5.05 9.3 3.05855e-33
5.05 9.35 5.42395e-34
5.05 9.4 9.42834e-35
5.05 9.45 1.60647e-35
5.05 9.5 2.68307e-36
5.05 9.55 4.39249e-37
5.05 9.6 7.04869e-38
5.05 9.65 1.10873e-38
5.05 9.7 1.70948e-39
5.05 9.75 2.58359e-40
5.05 9.8 3.82739e-41
5.05 9.85 5.5578e-42
5.05 9.9 7.91087e-43
5.05 9.95 1.09685e-43
5.05 10 0
5.1 0 0
5.1 0.05 1.06444e-43
5.1 0.1 7.67711e-43
5.1 0.15 5.39358e-42
5.1 0.2 3.7143e-41
5.1 0.25 2.50725e-40
5.1 0.3 1.65897e-39
5.1 0.35 1.07597e-38
5.1 0.4 6.84041e-38
5.1 0.45 4.26269e-37
5.1 0.5 2.60379e-36
5.1 0.55 1.559e-35
5.1 0.6 9.14973e-35
5.1 0.65 5.26367e-34
5.1 0.7 2.96817e-33
5.1 0.75 1.64062e-32
5.1 0.8 8.88884e-32
5.1 0.85 4.72065e-31
5.1 0.9 2.45741e-30
5.1 0.95 1.25392e-29
5.1 1 6.27168e-29
5.1 1.05 3.07478e-28
5.1 1.1 1.47762e-27
5.1 1.15 6.96033e-27
5.1 1.2 3.21377e-26
5.1 1.25 1.45451e-25
5.1 1.3 6.45264e-25
5.1 1.35 2.80592e-24
5.1 1.4 1.196e-23
5.1 1.45 4.99693e-23
5.1 1.5 2.04641e-22
5.1 1.55 8.21485e-22
5.1 1.6 3.23239e-21
5.1 1.65 1.24671e-20
5.1 1.7 4.71327e-20
5.1 1.75 1.74661e-19
5.1 1.8 6.34436e-19
5.1 1.85 2.25889e-18
5.1 1.9 7.88352e-18
5.1 1.95 2.69687e-17
5.1 2 9.0431e-17
5.1 2.05 2.97228e-16
5.1 2.1 9.5759e-16
5.1 2.15 3.02402e-15
5.1 2.2 9.36065e-15
5.1 2.25 2.84016e-14
5.1 2.3 8.44688e-14
5.1 2.35 2.46244e-13
5.1 2.4 7.03638e-13
5.1 2.45 1.97083e-12
5.1 2.5 5.41084e-12
5.1 2.55 1.45612e-11
5.1 2.6 3.84099e-11
5.1 2.65 9.93127e-11
5.1 2.7 2.51699e-10
5.1 2.75 6.2528e-10
5.1 2.8 1.52259e-09
5.1 2.85 3.63417e-09
5.1 2.9 8.50243e-09
5.1 2.95 1.94983e-08
5.1 3 4.38293e-08
5.1 3.05 9.65711e-08
5.1 3.1 2.08567e-07
5.1 3.15 4.41527e-07
5.1 3.2 9.16189e-07
5.1 3.25 1.86349e-06
5.1 3.3 3.71522e-06
5.1 3.35 7.26033e-06
5.1 3.4 1.39073e-05
5.1 3.45 2.61122e-05
5.1 3.5 4.80574e-05
5.1 3.55 8.66942e-05
5.1 3.6 0.000153297
5.1 3.65 0.000265702
5.1 3.7 0.000451407
5.1 3.75 0.00075172
5.1 3.8 0.00122704
5.1 3.85 0.00196325
5.1 3.9 0.00307898
5.1 3.95 0.00473317
5.1 4 0.00713202
5.1 4.05 0.0105338
5.1 4.1 0.0152502
5.1 4.15 0.021641
5.1 4.2 0.030102
5.1 4.25 0.0410418
5.1 4.3 0.0548493
5.1 4.35 0.0718507
5.1 4.4 0.0922581
5.1 4.45 0.116116
5.1 4.5 0.14325
5.1 4.55 0.173225
5.1 4.6 0.205324
5.1 4.65 0.238553
5.1 4.7 0.271671
5.1 4.75 0.303261
5.1 4.8 0.33182
5.1 4.85 0.35588
5.1 4.9 0.374126
5.1 4.95 0.38552
5.1 5 0.389395
5.1 5.05 0.38552
5.1 5.1 0.374126
5.1 5.15 0.35588
5.1 5.2 0.33182
5.1 5.25 0.303261
5.1 5.3 0.271671
5.1 5.35 0.238553
5.1 5.4 0.205324
5.1 5.45 0.173225
5.1 5.5 0.14325
5.1 5.55 0.116116
5.1 5.6 0.0922581
5.1 5.65 0.0718507
5.1 5.7 0.0548493
5.1 5.75 0.0410418
5.1 5.8 0.030102
5.1 5.85 0.021641
5.1 5.9 0.0152502
5.1 5.95 0.0105338
5.1 6 0.00713202
5.1 6.05 0.00473317
5.1 6.1 0.00307898
5.1 6.15 0.00196325
5.1 6.2 0.00122704
5.1 6.25 0.00075172
5.1 6.3 0.000451407
5.1 6.35 0.000265702
5.1 6.4 0.000153297
5.1 6.45 8.66942e-05
5.1 6.5 4.80574e-05
5.1 6.55 2.61122e-05
5.1 6.6 1.39073e-05
5.1 6.65 7.26033e-06
5.1 6.7 3.71522e-06
5.1 6.75 1.86349e-06
5.1 6.8 9.16189e-07
5.1 6.85 4.41527e-07
5.1 6.9 2.08567e-07
5.1 6.95 9.65711e-08
5.1 7 4.38293e-08
5.1 7.05 1.94983e-08
5.1 7.1 8.50243e-09
5.1 7.15 3.63417e-09
5.1 7.2 1.52259e-09
5.1 7.25 6.2528e-10
5.1 7.3 2.51699e-10
5.1 7.35 9.93127e-11
5.1 7.4 3.84099e-11
5.1 7.45 1.45612e-11
5.1 7.5 5.41084e-12
5.1 7.55 1.97083e-12
5.1 7.6 7.03638e-13
5.1 7.65 2.46244e-13
5.1 7.7 8.44688e-14
5.1 7.75 2.84016e-14
5.1 7.8 9.36065e-15
5.1 7.85 3.02402e-15
5.1 7.9 9.5759e-16
5.1 7.95 2.97228e-16
5.1 8 9.0431e-17
5.1 8.05 2.69687e-17
5.1 8.1 7.88352e-18
5.1 8.15 2.25889e-18
5.1 8.2 6.34436e-19
5.1 8.25 1.74661e-19
5.1 8.3 4.71327e-20
5.1 8.35 1.24671e-20
5.1 8.4 3.23239e-21
5.1 8.45 8.21485e-22
5.1 8.5 2.04641e-22
5.1 8.55 4.99693e-23
5.1 8.6 1.196e-23
5.1 8.65 2.80592e-24
5.1 8.7 6.45264e-25
5.1 8.75 1.45451e-25
5.1 8.8 3.21377e-26
5.1 8.85 6.96033e-27
5.1 8.9 1.47762e-27
5.1 8.95 3.07478e-28
5.1 9 6.27168e-29
5.1 9.05 1.25392e-29
5.1 9.1 2.45741e-30
5.1 9.15 4.72065e-31
5.1 9.2 8.88884e-32
5.1 9.25 1.64062e-32
5.1 9.3 2.96817e-33
5.1 9.35 5.26367e-34
5.1 9.4 9.14973e-35
5.1 9.45 1.559e-35
5.1 9.5 2.60379e-36
5.1 9.55 4.26269e-37
5.1 9.6 6.84041e-38
5.1 9.65 1.07597e-38
5.1 9.7 1.65897e-39
5.1 9.75 2.50725e-40
5.1 9.8 3.7143e-41
5.1 9.85 5.39358e-42
5.1 9.9 7.67711e-43
5.1 9.95 1.06444e-43
5.1 10 0
5.15 0 0
5.15 0.05 1.01253e-43
5.15 0.1 7.30277e-43
5.15 0.15 5.13058e-42
5.15 0.2 3.53318e-41
5.15 0.25 2.38499e-40
5.15 0.3 1.57808e-39
5.15 0.35 1.0235e-38
5.15 0.4 6.50686e-38
5.15 0.45 4.05483e-37
5.15 0.5 2.47682e-36
5.15 0.55 1.48298e-35
5.15 0.6 8.70356e-35
5.15 0.65 5.007e-34
5.15 0.7 2.82343e-33
5.15 0.75 1.56062e-32
5.15 0.8 8.45539e-32
5.15 0.85 4.49045e-31
5.15 0.9 2.33758e-30
5.15 0.95 1.19278e-29
5.15 1 5.96584e-29
5.15 1.05 2.92484e-28
5.15 1.1 1.40557e-27
5.15 1.15 6.62091e-27
5.15 1.2 3.05705e-26
5.15 1.25 1.38358e-25
5.15 1.3 6.13797e-25
5.15 1.35 2.66909e-24
5.15 1.4 1.13767e-23
5.15 1.45 4.75325e-23
5.15 1.5 1.94662e-22
5.15 1.55 7.81425e-22
5.15 1.6 3.07476e-21
5.15 1.65 1.18591e-20
5.15 1.7 4.48342e-20
5.15 1.75 1.66144e-19
5.15 1.8 6.03497e-19
5.15 1.85 2.14873e-18
5.15 1.9 7.49906e-18
5.15 1.95 2.56535e-17
5.15 2 8.60209e-17
5.15 2.05 2.82733e-16
5.15 2.1 9.10891e-16
5.15 2.15 2.87655e-15
5.15 2.2 8.90415e-15
5.15 2.25 2.70165e-14
5.15 2.3 8.03494e-14
5.15 2.35 2.34235e-13
5.15 2.4 6.69323e-13
5.15 2.45 1.87472e-12
5.15 2.5 5.14697e-12
5.15 2.55 1.3851e-11
5.15 2.6 3.65367e-11
5.15 2.65 9.44693e-11
5.15 2.7 2.39424e-10
5.15 2.75 5.94786e-10
5.15 2.8 1.44833e-09
5.15 2.85 3.45693e-09
5.15 2.9 8.08777e-09
5.15 2.95 1.85474e-08
5.15 3 4.16917e-08
5.15 3.05 9.18614e-08
5.15 3.1 1.98395e-07
5.15 3.15 4.19994e-07
5.15 3.2 8.71507e-07
5.15 3.25 1.77261e-06
5.15 3.3 3.53403e-06
5.15 3.35 6.90625e-06
5.15 3.4 1.32291e-05
5.15 3.45 2.48388e-05
5.15 3.5 4.57136e-05
5.15 3.55 8.24661e-05
5.15 3.6 0.000145821
5.15 3.65 0.000252743
5.15 3.7 0.000429391
5.15 3.75 0.000715058
5.15 3.8 0.0011672
5.15 3.85 0.0018675
5.15 3.9 0.00292882
5.15 3.95 0.00450233
5.15 4 0.00678419
5.15 4.05 0.0100201
5.15 4.1 0.0145064
5.15 4.15 0.0205856
5.15 4.2 0.0286339
5.15 4.25 0.0390401
5.15 4.3 0.0521743
5.15 4.35 0.0683465
5.15 4.4 0.0877586
5.15 4.45 0.110453
5.15 4.5 0.136264
5.15 4.55 0.164777
5.15 4.6 0.195311
5.15 4.65 0.226919
5.15 4.7 0.258422
5.15 4.75 0.28847
5.15 4.8 0.315637
5.15 4.85 0.338523
5.15 4.9 0.35588
5.15 4.95 0.366718
5.15 5 0.370404
5.15 5.05 0.366718
5.15 5.1 0.35588
5.15 5.15 0.338523
5.15 5.2 0.315637
5.15 5.25 0.28847
5.15 5.3 0.258422
5.15 5.35 0.226919
5.15 5.4 0.195311
5.15 5.45 0.164777
5.15 5.5 0.136264
5.15 5.55 0.110453
5.15 5.6 0.0877586
5.15 5.65 0.0683465
5.15 5.7 0.0521743
5.15 5.75 0.0390401
5.15 5.8 0.0286339
5.15 5.85 0.0205856
5.15 5.9 0.0145064
5.15 5.95 0.0100201
5.15 6 0.00678419
5.15 6.05 0.00450233
5.15 6.1 0.00292882
5.15 6.15 0.0018675
5.15 6.2 0.0011672
5.15 6.25 0.000715058
5.15 6.3 0.000429391
5.15 6.35 0.000252743
5.15 6.4 0.000145821
5.15 6.45 8.24661e-05
5.15 6.5 4.57136e-05
5.15 6.55 2.48388e-05
5.15 6.6 1.32291e-05
5.15 6.65 6.90625e-06
5.15 6.7 3.53403e-06
5.15 6.75 1.77261e-06
5.15 6.8 8.71507e-07
5.15 6.85 4.19994e-07
5.15 6.9 1.98395e-07
5.15 6.95 9.18614e-08
5.15 7 4.16917e-08
5.15 7.05 1.85474e-08
5.15 7.1 8.08777e-09
5.15 7.15 3.45693e-09
5.15 7.2 1.44833e-09
5.15 7.25 5.94786e-10
5.15 7.3 2.39424e-10
5.15 7.35 9.44693e-11
5.15 7.4 3.65367e-11
5.15 7.45 1.3851e-11
5.15 7.5 5.14697e-12
5.15 7.55 1.87472e-12
5.15 7.6 6.69323e-13
5.15 7.65 2.34235e-13
5.15 7.7 8.03494e-14
5.15 7.75 2.70165e-14
5.15 7.8 8.90415e-15
5.15 7.85 2.87655e-15
5.15 7.9 9.10891e-16
5.15 7.95 2.82733e-16
5.15 8 8.60209e-17
5.15 8.05 2.56535e-17
5.15 8.1 7.49906e-18
5.15 8.15 2.14873e-18
5.15 8.2 6.03497e-19
5.15 8.25 1.66144e-19
5.15 8.3 4.48342e-20
5.15 8.35 1.18591e-20
5.15 8.4 3.07476e-21
5.15 8.45 7.81425e-22
5.15 8.5 1.94662e-22
5.15 8.55 4.75325e-23
5.15 8.6 1.13767e-23
5.15 8.65 2.66909e-24
5.15 8.7 6.13797e-25
5.15 8.75 1.38358e-25
5.15 8.8 3.05705e-26
5.15 8.85 6.62091e-27
5.15 8.9 1.40557e-27
5.15 8.95 2.92484e-28
5.15 9 5.96584e-29
5.15 9.05 1.19278e-29
5.15 9.1 2.33758e-30
5.15 9.15 4.49045e-31
5.15 9.2 8.45539e-32
5.15 9.25 1.56062e-32
5.15 9.3 2.82343e-33
5.15 9.35 5.007e-34
5.15 9.4 8.70356e-35
5.15 9.45 1.48298e-35
5.15 9.5 2.47682e-36
5.15 9.55 4.05483e-37
5.15 9.6 6.50686e-38
5.15 9.65 1.0235e-38
5.15 9.7 1.57808e-39
5.15 9.75 2.38499e-40
5.15 9.8 3.53318e-41
5.15 9.85 5.13058e-42
5.15 9.9 7.30277e-43
5.15 9.95 1.01253e-43
5.15 10 0
5.2 0 0
5.2 0.05 9.44089e-44
5.2 0.1 6.80915e-43
5.2 0.15 4.78379e-42
5.2 0.2 3.29436e-41
5.2 0.25 2.22378e-40
5.2 0.3 1.47141e-39
5.2 0.35 9.5432e-39
5.2 0.4 6.06703e-38
5.2 0.45 3.78075e-37
5.2 0.5 2.3094e-36
5.2 0.55 1.38274e-35
5.2 0.6 8.11524e-35
5.2 0.65 4.66855e-34
5.2 0.7 2.63258e-33
5.2 0.75 1.45512e-32
5.2 0.8 7.88383e-32
5.2 0.85 4.18691e-31
5.2 0.9 2.17956e-30
5.2 0.95 1.11215e-29
5.2 1 5.56256e-29
5.2 1.05 2.72713e-28
5.2 1.1 1.31055e-27
5.2 1.15 6.17335e-27
5.2 1.2 2.8504e-26
5.2 1.25 1.29005e-25
5.2 1.3 5.72305e-25
5.2 1.35 2.48866e-24
5.2 1.4 1.06077e-23
5.2 1.45 4.43193e-23
5.2 1.5 1.81502e-22
5.2 1.55 7.286e-22
5.2 1.6 2.8669e-21
5.2 1.65 1.10574e-20
5.2 1.7 4.18034e-20
5.2 1.75 1.54912e-19
5.2 1.8 5.627e-19
5.2 1.85 2.00348e-18
5.2 1.9 6.99211e-18
5.2 1.95 2.39193e-17
5.2 2 8.02058e-17
5.2 2.05 2.6362e-16
5.2 2.1 8.49313e-16
5.2 2.15 2.68209e-15
5.2 2.2 8.30221e-15
5.2 2.25 2.51902e-14
5.2 2.3 7.49176e-14
5.2 2.35 2.184e-13
5.2 2.4 6.24075e-13
5.2 2.45 1.74798e-12
5.2 2.5 4.79902e-12
5.2 2.55 1.29147e-11
5.2 2.6 3.40667e-11
5.2 2.65 8.80829e-11
5.2 2.7 2.23238e-10
5.2 2.75 5.54576e-10
5.2 2.8 1.35042e-09
5.2 2.85 3.22323e-09
5.2 2.9 7.54101e-09
5.2 2.95 1.72935e-08
5.2 3 3.88732e-08
5.2 3.05 8.56511e-08
5.2 3.1 1.84983e-07
5.2 3.15 3.91601e-07
5.2 3.2 8.12589e-07
5.2 3.25 1.65277e-06
5.2 3.3 3.29511e-06
5.2 3.35 6.43935e-06
5.2 3.4 1.23347e-05
5.2 3.45 2.31595e-05
5.2 3.5 4.26231e-05
5.2 3.55 7.6891e-05
5.2 3.6 0.000135963
5.2 3.65 0.000235656
5.2 3.7 0.000400362
5.2 3.75 0.000666716
5.2 3.8 0.00108829
5.2 3.85 0.00174125
5.2 3.9 0.00273081
5.2 3.95 0.00419795
5.2 4 0.00632553
5.2 4.05 0.00934268
5.2 4.1 0.0135257
5.2 4.15 0.0191939
5.2 4.2 0.026698
5.2 4.25 0.0364008
5.2 4.3 0.048647
5.2 4.35 0.0637258
5.2 4.4 0.0818256
5.2 4.45 0.102986
5.2 4.5 0.127051
5.2 4.55 0.153637
5.2 4.6 0.182106
5.2 4.65 0.211578
5.2 4.7 0.240951
5.2 4.75 0.268968
5.2 4.8 0.294298
5.2 4.85 0.315637
5.2 4.9 0.33182
5.2 4.95 0.341926
5.2 5 0.345362
5.2 5.05 0.341926
5.2 5.1 0.33182
5.2 5.15 0.315637
5.2 5.2 0.294298
5.2 5.25 0.268968
5.2 5.3 0.240951
5.2 5.35 0.211578
5.2 5.4 0.182106
5.2 5.45 0.153637
5.2 5.5 0.127051
5.2 5.55 0.102986
5.2 5.6 0.0818256
5.2 5.65 0.0637258
5.2 5.7 0.048647
5.2 5.75 0.0364008
5.2 5.8 0.026698
5.2 5.85 0.0191939
5.2 5.9 0.0135257
5.2 5.95 0.00934268
5.2 6 0.00632553
5.2 6.05 0.00419795
5.2 6.1 0.00273081
5.2 6.15 0.00174125
5.2 6.2 0.00108829
5.2 6.25 0.000666716
5.2 6.3 0.000400362
5.2 6.35 0.000235656
5.2 6.4 0.000135963
5.2 6.45 7.6891e-05
5.2 6.5 4.26231e-05
5.2 6.55 2.31595e-05
5.2 6.6 1.23347e-05
5.2 6.65 6.43935e-06
5.2 6.7 3.29511e-06
5.2 6.75 1.65277e-06
5.2 6.8 8.12589e-07
5.2 6.85 3.91601e-07
5.2 6.9 1.84983e-07
5.2 6.95 8.56511e-08
5.2 7 3.88732e-08
5.2 7.05 1.72935e-08
5.2 7.1 7.54101e-09
5.2 7.15 3.22323e-09
5.2 7.2 1.35042e-09
5.2 7.25 5.54576e-10
5.2 7.3 2.23238e-10
5.2 7.35 8.80829e-11
5.2 7.4 3.40667e-11
5.2 7.45 1.29147e-11
5.2 7.5 4.79902e-12
5.2 7.55 1.74798e-12
5.2 7.6 6.24075e-13
5.2 7.65 2.184e-13
5.2 7.7 7.49176e-14
5.2 7.75 2.51902e-14
5.2 7.8 8.30221e-15
5.2 7.85 2.68209e-15
5.2 7.9 8.49313e-16
5.2 7.95 2.6362e-16
5.2 8 8.02058e-17
5.2 8.05 2.39193e-17
5.2 8.1 6.99211e-18
5.2 8.15 2.00348e-18
5.2 8.2 5.627e-19
5.2 8.25 1.54912e-19
5.2 8.3 4.18034e-20
5.2 8.35 1.10574e-20
5.2 8.4 2.8669e-21
5.2 8.45 7.286e-22
5.2 8.5 1.81502e-22
5.2 8.55 4.43193e-23
5.2 8.6 1.06077e-23
5.2 8.65 2.48866e-24
5.2 8.7 5.72305e-25
5.2 8.75 1.29005e-25
5.2 8.8 2.8504e-26
5.2 8.85 6.17335e-27
5.2 8.9 1.31055e-27
5.2 8.95 2.72713e-28
5.2 9 5.56256e-29
5.2 9.05 1.11215e-29
5.2 9.1 2.17956e-30
5.2 9.15 4.18691e-31
5.2 9.2 7.88383e-32
5.2 9.25 1.45512e-32
5.2 9.3 2.63258e-33
5.2 9.35 4.66855e-34
5.2 9.4 8.11524e-35
5.2 9.45 1.38274e-35
5.2 9.5 2.3094e-36
5.2 9.55 3.78075e-37
5.2 9.6 6.06703e-38
5.2 9.65 9.5432e-39
5.2 9.7 1.47141e-39
5.2 9.75 2.22378e-40
5.2 9.8 3.29436e-41
5.2 9.85 4.78379e-42
5.2 9.9 6.80915e-43
5.2 9.95 9.44089e-44
5.2 10 0
5.25 0 0
5.25 0.05 8.62842e-44
5.25 0.1 6.22321e-43
5.25 0.15 4.37213e-42
5.25 0.2 3.01087e-41
5.25 0.25 2.03242e-40
5.25 0.3 1.34479e-39
5.25 0.35 8.72197e-39
5.25 0.4 5.54493e-38
5.25 0.45 3.45539e-37
5.25 0.5 2.11066e-36
5.25 0.55 1.26375e-35
5.25 0.6 7.41688e-35
5.25 0.65 4.26679e-34
5.25 0.7 2.40603e-33
5.25 0.75 1.3299e-32
5.25 0.8 7.20537e-32
5.25 0.85 3.8266e-31
5.25 0.9 1.99199e-30
5.25 0.95 1.01644e-29
5.25 1 5.08386e-29
5.25 1.05 2.49244e-28
5.25 1.1 1.19777e-27
5.25 1.15 5.64208e-27
5.25 1.2 2.60509e-26
5.25 1.25 1.17903e-25
5.25 1.3 5.23053e-25
5.25 1.35 2.27449e-24
5.25 1.4 9.69478e-24
5.25 1.45 4.05052e-23
5.25 1.5 1.65882e-22
5.25 1.55 6.65896e-22
5.25 1.6 2.62018e-21
5.25 1.65 1.01058e-20
5.25 1.7 3.82057e-20
5.25 1.75 1.4158e-19
5.25 1.8 5.14273e-19
5.25 1.85 1.83105e-18
5.25 1.9 6.39035e-18
5.25 1.95 2.18608e-17
5.25 2 7.3303e-17
5.25 2.05 2.40932e-16
5.25 2.1 7.76218e-16
5.25 2.15 2.45126e-15
5.25 2.2 7.58769e-15
5.25 2.25 2.30222e-14
5.25 2.3 6.84699e-14
5.25 2.35 1.99603e-13
5.25 2.4 5.70364e-13
5.25 2.45 1.59754e-12
5.25 2.5 4.38599e-12
5.25 2.55 1.18032e-11
5.25 2.6 3.11347e-11
5.25 2.65 8.0502e-11
5.25 2.7 2.04025e-10
5.25 2.75 5.06846e-10
5.25 2.8 1.23419e-09
5.25 2.85 2.94582e-09
5.25 2.9 6.89198e-09
5.25 2.95 1.58051e-08
5.25 3 3.55275e-08
5.25 3.05 7.82794e-08
5.25 3.1 1.69062e-07
5.25 3.15 3.57897e-07
5.25 3.2 7.42652e-07
5.25 3.25 1.51052e-06
5.25 3.3 3.01151e-06
5.25 3.35 5.88513e-06
5.25 3.4 1.12731e-05
5.25 3.45 2.11662e-05
5.25 3.5 3.89546e-05
5.25 3.55 7.02731e-05
5.25 3.6 0.000124261
5.25 3.65 0.000215374
5.25 3.7 0.000365904
5.25 3.75 0.000609333
5.25 3.8 0.00099462
5.25 3.85 0.00159138
5.25 3.9 0.00249578
5.25 3.95 0.00383664
5.25 4 0.00578111
5.25 4.05 0.00853857
5.25 4.1 0.0123616
5.25 4.15 0.0175419
5.25 4.2 0.0244002
5.25 4.25 0.0332678
5.25 4.3 0.04446
5.25 4.35 0.058241
5.25 4.4 0.074783
5.25 4.45 0.0941218
5.25 4.5 0.116116
5.25 4.55 0.140413
5.25 4.6 0.166433
5.25 4.65 0.193367
5.25 4.7 0.220212
5.25 4.75 0.245818
5.25 4.8 0.268968
5.25 4.85 0.28847
5.25 4.9 0.303261
5.25 4.95 0.312496
5.25 5 0.315637
5.25 5.05 0.312496
5.25 5.1 0.303261
5.25 5.15 0.28847
5.25 5.2 0.268968
5.25 5.25 0.245818
5.25 5.3 0.220212
5.25 5.35 0.193367
5.25 5.4 0.166433
5.25 5.45 0.140413
5.25 5.5 0.116116
5.25 5.55 0.0941218
5.25 5.6 0.074783
5.25 5.65 0.058241
5.25 5.7 0.04446
5.25 5.75 0.0332678
5.25 5.8 0.0244002
5.25 5.85 0.0175419
5.25 5.9 0.0123616
5.25 5.95 0.00853857
5.25 6 0.00578111
5.25 6.05 0.00383664
5.25 6.1 0.00249578
5.25 6.15 0.00159138
5.25 6.2 0.00099462
5.25 6.25 0.000609333
5.25 6.3 0.000365904
5.25 6.35 0.000215374
5.25 6.4 0.000124261
5.25 6.45 7.02731e-05
5.25 6.5 3.89546e-05
5.25 6.55 2.11662e-05
5.25 6.6 1.12731e-05
5.25 6.65 5.88513e-06
5.25 6.7 3.01151e-06
5.25 6.75 1.51052e-06
5.25 6.8 7.42652e-07
5.25 6.85 3.57897e-07
5.25 6.9 1.69062e-07
5.25 6.95 7.82794e-08
5.25 7 3.55275e-08
5.25 7.05 1.58051e-08
5.25 7.1 6.89198e-09
5.25 7.15 2.94582e-09
5.25 7.2 1.23419e-09
5.25 7.25 5.06846e-10
5.25 7.3 2.04025e-10
5.25 7.35 8.0502e-11
5.25 7.4 3.11347e-11
5.25 7.45 1.18032e-11
5.25 7.5 4.38599e-12
5.25 7.55 1.59754e-12
5.25 7.6 5.70364e-13
5.25 7.65 1.99603e-13
5.25 7.7 6.84699e-14
5.25 7.75 2.30222e-14
5.25 7.8 7.58769e-15
5.25 7.85 2.45126e-15
5.25 7.9 7.76218e-16
5.25 7.95 2.40932e-16
5.25 8 7.3303e-17
5.25 8.05 2.18608e-17
5.25 8.1 6.39035e-18
5.25 8.15 1.83105e-18
5.25 8.2 5.14273e-19
5.25 8.25 1.4158e-19
5.25 8.3 3.82057e-20
5.25 8.35 1.01058e-20
5.25 8.4 2.62018e-21
5.25 8.45 6.65896e-22
5.25 8.5 1.65882e-22
5.25 8.55 4.05052e-23
5.25 8.6 9.69478e-24
5.25 8.65 2.27449e-24
5.25 8.7 5.23053e-25
5.25 8.75 1.17903e-25
5.25 8.8 2.60509e-26
5.25 8.85 5.64208e-27
5.25 8.9 1.19777e-27
5.25 8.95 2.49244e-28
5.25 9 5.08386e-29
5.25 9.05 1.01644e-29
5.25 9.1 1.99199e-30
5.25 9.15 3.8266e-31
5.25 9.2 7.20537e-32
5.25 9.25 1.3299e-32
5.25 9.3 2.40603e-33
5.25 9.35 4.26679e-34
5.25 9.4 7.41688e-35
5.25 9.45 1.26375e-35
5.25 9.5 2.11066e-36
5.25 9.55 3.45539e-37
5.25 9.6 5.54493e-38
5.25 9.65 8.72197e-39
5.25 9.7 1.34479e-39
5.25 9.75 2.03242e-40
5.25 9.8 3.01087e-41
5.25 9.85 4.37213e-42
5.25 9.9 6.22321e-43
5.25 9.95 8.62842e-44
5.25 10 0
5.3 0 0
5.3 0.05 7.72975e-44
5.3 0.1 5.57509e-43
5.3 0.15 3.91679e-42
5.3 0.2 2.6973e-41
5.3 0.25 1.82075e-40
5.3 0.3 1.20473e-39
5.3 0.35 7.8136e-39
5.3 0.4 4.96743e-38
5.3 0.45 3.09552e-37
5.3 0.5 1.89084e-36
5.3 0.55 1.13213e-35
5.3 0.6 6.64441e-35
5.3 0.65 3.8224e-34
5.3 0.7 2.15544e-33
5.3 0.75 1.19139e-32
5.3 0.8 6.45492e-32
5.3 0.85 3.42805e-31
5.3 0.9 1.78452e-30
5.3 0.95 9.10575e-30
5.3 1 4.55436e-29
5.3 1.05 2.23284e-28
5.3 1.1 1.07302e-27
5.3 1.15 5.05443e-27
5.3 1.2 2.33376e-26
5.3 1.25 1.05623e-25
5.3 1.3 4.68574e-25
5.3 1.35 2.03759e-24
5.3 1.4 8.68502e-24
5.3 1.45 3.62863e-23
5.3 1.5 1.48605e-22
5.3 1.55 5.96539e-22
5.3 1.6 2.34727e-21
5.3 1.65 9.05321e-21
5.3 1.7 3.42263e-20
5.3 1.75 1.26834e-19
5.3 1.8 4.60707e-19
5.3 1.85 1.64033e-18
5.3 1.9 5.72475e-18
5.3 1.95 1.95838e-17
5.3 2 6.56679e-17
5.3 2.05 2.15837e-16
5.3 2.1 6.95368e-16
5.3 2.15 2.19593e-15
5.3 2.2 6.79736e-15
5.3 2.25 2.06242e-14
5.3 2.3 6.1338e-14
5.3 2.35 1.78813e-13
5.3 2.4 5.10954e-13
5.3 2.45 1.43114e-12
5.3 2.5 3.92914e-12
5.3 2.55 1.05737e-11
5.3 2.6 2.78917e-11
5.3 2.65 7.21167e-11
5.3 2.7 1.82773e-10
5.3 2.75 4.54052e-10
5.3 2.8 1.10564e-09
5.3 2.85 2.63898e-09
5.3 2.9 6.17409e-09
5.3 2.95 1.41588e-08
5.3 3 3.18269e-08
5.3 3.05 7.01256e-08
5.3 3.1 1.51452e-07
5.3 3.15 3.20617e-07
5.3 3.2 6.65295e-07
5.3 3.25 1.35318e-06
5.3 3.3 2.69782e-06
5.3 3.35 5.27211e-06
5.3 3.4 1.00988e-05
5.3 3.45 1.89615e-05
5.3 3.5 3.4897e-05
5.3 3.55 6.29532e-05
5.3 3.6 0.000111317
5.3 3.65 0.00019294
5.3 3.7 0.000327789
5.3 3.75 0.000545862
5.3 3.8 0.000891016
5.3 3.85 0.00142561
5.3 3.9 0.0022358
5.3 3.95 0.00343699
5.3 4 0.00517891
5.3 4.05 0.00764914
5.3 4.1 0.0110739
5.3 4.15 0.0157146
5.3 4.2 0.0218585
5.3 4.25 0.0298024
5.3 4.3 0.0398288
5.3 4.35 0.0521743
5.3 4.4 0.0669931
5.3 4.45 0.0843176
5.3 4.5 0.104021
5.3 4.55 0.125787
5.3 4.6 0.149096
5.3 4.65 0.173225
5.3 4.7 0.197274
5.3 4.75 0.220212
5.3 4.8 0.240951
5.3 4.85 0.258422
5.3 4.9 0.271671
5.3 4.95 0.279945
5.3 5 0.282758
5.3 5.05 0.279945
5.3 5.1 0.271671
5.3 5.15 0.258422
5.3 5.2 0.240951
5.3 5.25 0.220212
5.3 5.3 0.197274
5.3 5.35 0.173225
5.3 5.4 0.149096
5.3 5.45 0.125787
5.3 5.5 0.104021
5.3 5.55 0.0843176
5.3 5.6 0.0669931
5.3 5.65 0.0521743
5.3 5.7 0.0398288
5.3 5.75 0.0298024
5.3 5.8 0.0218585
5.3 5.85 0.0157146
5.3 5.9 0.0110739
5.3 5.95 0.00764914
5.3 6 0.00517891
5.3 6.05 0.00343699
5.3 6.1 0.0022358
5.3 6.15 0.00142561
5.3 6.2 0.000891016
5.3 6.25 0.000545862
5.3 6.3 0.000327789
5.3 6.35 0.00019294
5.3 6.4 0.000111317
5.3 6.45 6.29532e-05
5.3 6.5 3.4897e-05
5.3 6.55 1.89615e-05
5.3 6.6 1.00988e-05
5.3 6.65 5.27211e-06
5.3 6.7 2.69782e-06
5.3 6.75 1.35318e-06
5.3 6.8 6.65295e-07
5.3 6.85 3.20617e-07
5.3 6.9 1.51452e-07
5.3 6.95 7.01256e-08
5.3 7 3.18269e-08
5.3 7.05 1.41588e-08
5.3 7.1 6.17409e-09
5.3 7.15 2.63898e-09
5.3 7.2 1.10564e-09
5.3 7.25 4.54052e-10
5.3 7.3 1.82773e-10
5.3 7.35 7.21167e-11
5.3 7.4 2.78917e-11
5.3 7.45 1.05737e-11
5.3 7.5 3.92914e-12
5.3 7.55 1.43114e-12
5.3 7.6 5.10954e-13
5.3 7.65 1.78813e-13
5.3 7.7 6.1338e-14
5.3 7.75 2.06242e-14
5.3 7.8 6.79736e-15
5.3 7.85 2.19593e-15
5.3 7.9 6.95368e-16
5.3 7.95 2.15837e-16
5.3 8 6.56679e-17
5.3 8.05 1.95838e-17
5.3 8.1 5.72475e-18
5.3 8.15 1.64033e-18
5.3 8.2 4.60707e-19
5.3 8.25 1.26834e-19
5.3 8.3 3.42263e-20
5.3 8.35 9.05321e-21
5.3 8.4 2.34727e-21
5.3 8.45 5.96539e-22
5.3 8.5 1.48605e-22
5.3 8.55 3.62863e-23
5.3 8.6 8.68502e-24
5.3 8.65 2.03759e-24
5.3 8.7 4.68574e-25
5.3 8.75 1.05623e-25
5.3 8.8 2.33376e-26
5.3 8.85 5.05443e-27
5.3 8.9 1.07302e-27
5.3 8.95 2.23284e-28
5.3 9 4.55436e-29
5.3 9.05 9.10575e-30
5.3 9.1 1.78452e-30
5.3 9.15 3.42805e-31
5.3 9.2 6.45492e-32
5.3 9.25 1.19139e-32
5.3 9.3 2.15544e-33
5.3 9.35 3.8224e-34
5.3 9.4 6.64441e-35
5.3 9.45 1.13213e-35
5.3 9.5 1.89084e-36
5.3 9.55 3.09552e-37
5.3 9.6 4.96743e-38
5.3 9.65 7.8136e-39
5.3 9.7 1.20473e-39
5.3 9.75 1.82075e-40
5.3 9.8 2.6973e-41
5.3 9.85 3.91679e-42
5.3 9.9 5.57509e-43
5.3 9.95 7.72975e-44
5.3 10 0
5.35 0 0
5.35 0.05 6.78758e-44
5.35 0.1 4.89559e-43
5.35 0.15 3.4394e-42
5.35 0.2 2.36855e-41
5.35 0.25 1.59883e-40
5.35 0.3 1.05789e-39
5.35 0.35 6.86124e-39
5.35 0.4 4.36198e-38
5.35 0.45 2.71822e-37
5.35 0.5 1.66037e-36
5.35 0.55 9.94138e-36
5.35 0.6 5.83454e-35
5.35 0.65 3.3565e-34
5.35 0.7 1.89272e-33
5.35 0.75 1.04617e-32
5.35 0.8 5.66814e-32
5.35 0.85 3.01021e-31
5.35 0.9 1.56701e-30
5.35 0.95 7.99585e-30
5.35 1 3.99923e-29
5.35 1.05 1.96068e-28
5.35 1.1 9.42225e-28
5.35 1.15 4.43834e-27
5.35 1.2 2.0493e-26
5.35 1.25 9.27485e-26
5.35 1.3 4.11459e-25
5.35 1.35 1.78922e-24
5.35 1.4 7.62638e-24
5.35 1.45 3.18633e-23
5.35 1.5 1.30491e-22
5.35 1.55 5.23824e-22
5.35 1.6 2.06115e-21
5.35 1.65 7.94968e-21
5.35 1.7 3.00543e-20
5.35 1.75 1.11373e-19
5.35 1.8 4.04549e-19
5.35 1.85 1.44038e-18
5.35 1.9 5.02692e-18
5.35 1.95 1.71966e-17
5.35 2 5.76632e-17
5.35 2.05 1.89527e-16
5.35 2.1 6.10604e-16
5.35 2.15 1.92826e-15
5.35 2.2 5.96878e-15
5.35 2.25 1.81101e-14
5.35 2.3 5.3861e-14
5.35 2.35 1.57016e-13
5.35 2.4 4.4867e-13
5.35 2.45 1.25669e-12
5.35 2.5 3.45018e-12
5.35 2.55 9.2848e-12
5.35 2.6 2.44917e-11
5.35 2.65 6.33257e-11
5.35 2.7 1.60493e-10
5.35 2.75 3.98703e-10
5.35 2.8 9.7086e-10
5.35 2.85 2.31728e-09
5.35 2.9 5.42147e-09
5.35 2.95 1.24328e-08
5.35 3 2.79471e-08
5.35 3.05 6.15772e-08
5.35 3.1 1.3299e-07
5.35 3.15 2.81533e-07
5.35 3.2 5.84194e-07
5.35 3.25 1.18823e-06
5.35 3.3 2.36895e-06
5.35 3.35 4.62943e-06
5.35 3.4 8.86776e-06
5.35 3.45 1.665e-05
5.35 3.5 3.06429e-05
5.35 3.55 5.5279e-05
5.35 3.6 9.77473e-05
5.35 3.65 0.00016942
5.35 3.7 0.000287831
5.35 3.75 0.00047932
5.35 3.8 0.000782398
5.35 3.85 0.00125183
5.35 3.9 0.00196325
5.35 3.95 0.00301801
5.35 4 0.00454758
5.35 4.05 0.00671668
5.35 4.1 0.00972396
5.35 4.15 0.0137989
5.35 4.2 0.0191939
5.35 4.25 0.0261694
5.35 4.3 0.0349735
5.35 4.35 0.045814
5.35 4.4 0.0588263
5.35 4.45 0.0740389
5.35 4.5 0.0913401
5.35 4.55 0.110453
5.35 4.6 0.130921
5.35 4.65 0.152108
5.35 4.7 0.173225
5.35 4.75 0.193367
5.35 4.8 0.211578
5.35 4.85 0.226919
5.35 4.9 0.238553
5.35 4.95 0.245818
5.35 5 0.248289
5.35 5.05 0.245818
5.35 5.1 0.238553
5.35 5.15 0.226919
5.35 5.2 0.211578
5.35 5.25 0.193367
5.35 5.3 0.173225
5.35 5.35 0.152108
5.35 5.4 0.130921
5.35 5.45 0.110453
5.35 5.5 0.0913401
5.35 5.55 0.0740389
5.35 5.6 0.0588263
5.35 5.65 0.045814
5.35 5.7 0.0349735
5.35 5.75 0.0261694
5.35 5.8 0.0191939
5.35 5.85 0.0137989
5.35 5.9 0.00972396
5.35 5.95 0.00671668
5.35 6 0.00454758
5.35 6.05 0.00301801
5.35 6.1 0.00196325
5.35 6.15 0.00125183
5.35 6.2 0.000782398
5.35 6.25 0.00047932
5.35 6.3 0.000287831
5.35 6.35 0.00016942
5.35 6.4 9.77473e-05
5.35 6.45 5.5279e-05
5.35 6.5 3.06429e-05
5.35 6.55 1.665e-05
5.35 6.6 8.86776e-06
5.35 6.65 4.62943e-06
5.35 6.7 2.36895e-06
5.35 6.75 1.18823e-06
5.35 6.8 5.84194e-07
5.35 6.85 2.81533e-07
5.35 6.9 1.3299e-07
5.35 6.95 6.15772e-08
5.35 7 2.79471e-08
5.35 7.05 1.24328e-08
5.35 7.1 5.42147e-09
5.35 7.15 2.31728e-09
5.35 7.2 9.7086e-10
5.35 7.25 3.98703e-10
5.35 7.3 1.60493e-10
5.35 7.35 6.33257e-11
5.35 7.4 2.44917e-11
5.35 7.45 9.2848e-12
5.35 7.5 3.45018e-12
5.35 7.55 1.25669e-12
5.35 7.6 4.4867e-13
5.35 7.65 1.57016e-13
5.35 7.7 5.3861e-14
5.35 7.75 1.81101e-14
5.35 7.8 5.96878e-15
5.35 7.85 1.92826e-15
5.35 7.9 6.10604e-16
5.35 7.95 1.89527e-16
5.35 8 5.76632e-17
5.35 8.05 1.71966e-17
5.35 8.1 5.02692e-18
5.35 8.15 1.44038e-18
5.35 8.2 4.04549e-19
5.35 8.25 1.11373e-19
5.35 8.3 3.00543e-20
5.35 8.35 7.94968e-21
5.35 8.4 2.06115e-21
5.35 8.45 5.23824e-22
5.35 8.5 1.30491e-22
5.35 8.55 3.18633e-23
5.35 8.6 7.62638e-24
5.35 8.65 1.78922e-24
5.35 8.7 4.11459e-25
5.35 8.75 9.27485e-26
5.35 8.8 2.0493e-26
5.35 8.85 4.43834e-27
5.35 8.9 9.42225e-28
5.35 8.95 1.96068e-28
5.35 9 3.99923e-29
5.35 9.05 7.99585e-30
5.35 9.1 1.56701e-30
5.35 9.15 3.01021e-31
5.35 9.2 5.66814e-32
5.35 9.25 1.04617e-32
5.35 9.3 1.89272e-33
5.35 9.35 3.3565e-34
5.35 9.4 5.83454e-35
5.35 9.45 9.94138e-36
5.35 9.5 1.66037e-36
5.35 9.55 2.71822e-37
5.35 9.6 4.36198e-38
5.35 9.65 6.86124e-39
5.35 9.7 1.05789e-39
5.35 9.75 1.59883e-40
5.35 9.8 2.36855e-41
5.35 9.85 3.4394e-42
5.35 9.9 4.89559e-43
5.35 9.95 6.78758e-44
5.35 10 0
5.4 0 0
5.4 0.05 5.84224e-44
5.4 0.1 4.2138e-43
5.4 0.15 2.96041e-42
5.4 0.2 2.03869e-41
5.4 0.25 1.37616e-40
5.4 0.3 9.10563e-40
5.4 0.35 5.90569e-39
5.4 0.4 3.75449e-38
5.4 0.45 2.33966e-37
5.4 0.5 1.42913e-36
5.4 0.55 8.55683e-36
5.4 0.6 5.02196e-35
5.4 0.65 2.88903e-34
5.4 0.7 1.62911e-33
5.4 0.75 9.0047e-33
5.4 0.8 4.87872e-32
5.4 0.85 2.59097e-31
5.4 0.9 1.34877e-30
5.4 0.95 6.88223e-30
5.4 1 3.44224e-29
5.4 1.05 1.6876e-28
5.4 1.1 8.10995e-28
5.4 1.15 3.82019e-27
5.4 1.2 1.76388e-26
5.4 1.25 7.98307e-26
5.4 1.3 3.54152e-25
5.4 1.35 1.54002e-24
5.4 1.4 6.56418e-24
5.4 1.45 2.74254e-23
5.4 1.5 1.12316e-22
5.4 1.55 4.50866e-22
5.4 1.6 1.77407e-21
5.4 1.65 6.84244e-21
5.4 1.7 2.58683e-20
5.4 1.75 9.5861e-20
5.4 1.8 3.48203e-19
5.4 1.85 1.23977e-18
5.4 1.9 4.32676e-18
5.4 1.95 1.48014e-17
5.4 2 4.96317e-17
5.4 2.05 1.63129e-16
5.4 2.1 5.25557e-16
5.4 2.15 1.65968e-15
5.4 2.2 5.13742e-15
5.4 2.25 1.55877e-14
5.4 2.3 4.6359e-14
5.4 2.35 1.35146e-13
5.4 2.4 3.86177e-13
5.4 2.45 1.08165e-12
5.4 2.5 2.96962e-12
5.4 2.55 7.99155e-12
5.4 2.6 2.10803e-11
5.4 2.65 5.45053e-11
5.4 2.7 1.38139e-10
5.4 2.75 3.43169e-10
5.4 2.8 8.35631e-10
5.4 2.85 1.99451e-09
5.4 2.9 4.66632e-09
5.4 2.95 1.07011e-08
5.4 3 2.40544e-08
5.4 3.05 5.30002e-08
5.4 3.1 1.14466e-07
5.4 3.15 2.42319e-07
5.4 3.2 5.02822e-07
5.4 3.25 1.02272e-06
5.4 3.3 2.03898e-06
5.4 3.35 3.9846e-06
5.4 3.4 7.63257e-06
5.4 3.45 1.43308e-05
5.4 3.5 2.63747e-05
5.4 3.55 4.75792e-05
5.4 3.6 8.4132e-05
5.4 3.65 0.000145821
5.4 3.7 0.000247739
5.4 3.75 0.000412555
5.4 3.8 0.000673417
5.4 3.85 0.00107746
5.4 3.9 0.00168979
5.4 3.95 0.00259763
5.4 4 0.00391414
5.4 4.05 0.00578111
5.4 4.1 0.00836949
5.4 4.15 0.0118769
5.4 4.2 0.0165203
5.4 4.25 0.0225242
5.4 4.3 0.030102
5.4 4.35 0.0394325
5.4 4.4 0.0506323
5.4 4.45 0.0637258
5.4 4.5 0.0786172
5.4 4.55 0.0950678
5.4 4.6 0.112684
5.4 4.65 0.130921
5.4 4.7 0.149096
5.4 4.75 0.166433
5.4 4.8 0.182106
5.4 4.85 0.195311
5.4 4.9 0.205324
5.4 4.95 0.211578
5.4 5 0.213704
5.4 5.05 0.211578
5.4 5.1 0.205324
5.4 5.15 0.195311
5.4 5.2 0.182106
5.4 5.25 0.166433
5.4 5.3 0.149096
5.4 5.35 0.130921
5.4 5.4 0.112684
5.4 5.45 0.0950678
5.4 5.5 0.0786172
5.4 5.55 0.0637258
5.4 5.6 0.0506323
5.4 5.65 0.0394325
5.4 5.7 0.030102
5.4 5.75 0.0225242
5.4 5.8 0.0165203
5.4 5.85 0.0118769
5.4 5.9 0.00836949
5.4 5.95 0.00578111
5.4 6 0.00391414
5.4 6.05 0.00259763
5.4 6.1 0.00168979
5.4 6.15 0.00107746
5.4 6.2 0.000673417
5.4 6.25 0.000412555
5.4 6.3 0.000247739
5.4 6.35 0.000145821
5.4 6.4 8.4132e-05
5.4 6.45 4.75792e-05
5.4 6.5 2.63747e-05
5.4 6.55 1.43308e-05
5.4 6.6 7.63257e-06
5.4 6.65 3.9846e-06
5.4 6.7 2.03898e-06
5.4 6.75 1.02272e-06
5.4 6.8 5.02822e-07
5.4 6.85 2.42319e-07
5.4 6.9 1.14466e-07
5.4 6.95 5.30002e-08
5.4 7 2.40544e-08
5.4 7.05 1.07011e-08
5.4 7.1 4.66632e-09
5.4 7.15 1.99451e-09
5.4 7.2 8.35631e-10
5.4 7.25 3.43169e-10
5.4 7.3 1.38139e-10
5.4 7.35 5.45053e-11
5.4 7.4 2.10803e-11
5.4 7.45 7.99155e-12
5.4 7.5 2.96962e-12
5.4 7.55 1.08165e-12
5.4 7.6 3.86177e-13
5.4 7.65 1.35146e-13
5.4 7.7 4.6359e-14
5.4 7.75 1.55877e-14
5.4 7.8 5.13742e-15
5.4 7.85 1.65968e-15
5.4 7.9 5.25557e-16
5.4 7.95 1.63129e-16
5.4 8 4.96317e-17
5.4 8.05 1.48014e-17
5.4 8.1 4.32676e-18
5.4 8.15 1.23977e-18
5.4 8.2 3.48203e-19
5.4 8.25 9.5861e-20
5.4 8.3 2.58683e-20
5.4 8.35 6.84244e-21
5.4 8.4 1.77407e-21
5.4 8.45 4.50866e-22
5.4 8.5 1.12316e-22
5.4 8.55 2.74254e-23
5.4 8.6 6.56418e-24
5.4 8.65 1.54002e-24
5.4 8.7 3.54152e-25
5.4 8.75 7.98307e-26
5.4 8.8 1.76388e-26
5.4 8.85 3.82019e-27
5.4 8.9 8.10995e-28
5.4 8.95 1.6876e-28
5.4 9 3.44224e-29
5.4 9.05 6.88223e-30
5.4 9.1 1.34877e-30
5.4 9.15 2.59097e-31
5.4 9.2 4.87872e-32
5.4 9.25 9.0047e-33
5.4 9.3 1.62911e-33
5.4 9.35 2.88903e-34
5.4 9.4 5.02196e-35
5.4 9.45 8.55683e-36
5.4 9.5 1.42913e-36
5.4 9.55 2.33966e-37
5.4 9.6 3.75449e-38
5.4 9.65 5.90569e-39
5.4 9.7 9.10563e-40
5.4 9.75 1.37616e-40
5.4 9.8 2.03869e-41
5.4 9.85 2.96041e-42
5.4 9.9 4.2138e-43
5.4 9.95 5.84224e-44
5.4 10 0
5.45 0 0
5.45 0.05 4.929e-44
5.45 0.1 3.55515e-43
5.45 0.15 2.49767e-42
5.45 0.2 1.72002e-41
5.45 0.25 1.16106e-40
5.45 0.3 7.68234e-40
5.45 0.35 4.98257e-39
5.45 0.4 3.16763e-38
5.45 0.45 1.97394e-37
5.45 0.5 1.20574e-36
5.45 0.55 7.2193e-36
5.45 0.6 4.23697e-35
5.45 0.65 2.43744e-34
5.45 0.7 1.37446e-33
5.45 0.75 7.59714e-33
5.45 0.8 4.11611e-32
5.45 0.85 2.18596e-31
5.45 0.9 1.13793e-30
5.45 0.95 5.80643e-30
5.45 1 2.90416e-29
5.45 1.05 1.4238e-28
5.45 1.1 6.84223e-28
5.45 1.15 3.22302e-27
5.45 1.2 1.48815e-26
5.45 1.25 6.73517e-26
5.45 1.3 2.98791e-25
5.45 1.35 1.29928e-24
5.45 1.4 5.53807e-24
5.45 1.45 2.31382e-23
5.45 1.5 9.47586e-23
5.45 1.55 3.80386e-22
5.45 1.6 1.49674e-21
5.45 1.65 5.77282e-21
5.45 1.7 2.18245e-20
5.45 1.75 8.08757e-20
5.45 1.8 2.93771e-19
5.45 1.85 1.04596e-18
5.45 1.9 3.65038e-18
5.45 1.95 1.24876e-17
5.45 2 4.1873e-17
5.45 2.05 1.37628e-16
5.45 2.1 4.43399e-16
5.45 2.15 1.40023e-15
5.45 2.2 4.33431e-15
5.45 2.25 1.31509e-14
5.45 2.3 3.91118e-14
5.45 2.35 1.14019e-13
5.45 2.4 3.25807e-13
5.45 2.45 9.12555e-13
5.45 2.5 2.50538e-12
5.45 2.55 6.74225e-12
5.45 2.6 1.77849e-11
5.45 2.65 4.59845e-11
5.45 2.7 1.16544e-10
5.45 2.75 2.89521e-10
5.45 2.8 7.04997e-10
5.45 2.85 1.68271e-09
5.45 2.9 3.93683e-09
5.45 2.95 9.02817e-09
5.45 3 2.0294e-08
5.45 3.05 4.47146e-08
5.45 3.1 9.6571e-08
5.45 3.15 2.04437e-07
5.45 3.2 4.24215e-07
5.45 3.25 8.62836e-07
5.45 3.3 1.72022e-06
5.45 3.35 3.36168e-06
5.45 3.4 6.43935e-06
5.45 3.45 1.20905e-05
5.45 3.5 2.22514e-05
5.45 3.55 4.0141e-05
5.45 3.6 7.09794e-05
5.45 3.65 0.000123024
5.45 3.7 0.000209009
5.45 3.75 0.000348059
5.45 3.8 0.000568139
5.45 3.85 0.000909015
5.45 3.9 0.00142561
5.45 3.95 0.00219153
5.45 4 0.00330223
5.45 4.05 0.00487732
5.45 4.1 0.00706105
5.45 4.15 0.0100201
5.45 4.2 0.0139376
5.45 4.25 0.0190029
5.45 4.3 0.025396
5.45 4.35 0.0332678
5.45 4.4 0.0427167
5.45 4.45 0.0537632
5.45 4.5 0.0663265
5.45 4.55 0.0802053
5.45 4.6 0.0950678
5.45 4.65 0.110453
5.45 4.7 0.125787
5.45 4.75 0.140413
5.45 4.8 0.153637
5.45 4.85 0.164777
5.45 4.9 0.173225
5.45 4.95 0.1785
5.45 5 0.180294
5.45 5.05 0.1785
5.45 5.1 0.173225
5.45 5.15 0.164777
5.45 5.2 0.153637
5.45 5.25 0.140413
5.45 5.3 0.125787
5.45 5.35 0.110453
5.45 5.4 0.0950678
5.45 5.45 0.0802053
5.45 5.5 0.0663265
5.45 5.55 0.0537632
5.45 5.6 0.0427167
5.45 5.65 0.0332678
5.45 5.7 0.025396
5.45 5.75 0.0190029
5.45 5.8 0.0139376
5.45 5.85 0.0100201
5.45 5.9 0.00706105
5.45 5.95 0.00487732
5.45 6 0.00330223
5.45 6.05 0.00219153
5.45 6.1 0.00142561
5.45 6.15 0.000909015
5.45 6.2 0.000568139
5.45 6.25 0.000348059
5.45 6.3 0.000209009
5.45 6.35 0.000123024
5.45 6.4 7.09794e-05
5.45 6.45 4.0141e-05
5.45 6.5 2.22514e-05
5.45 6.55 1.20905e-05
5.45 6.6 6.43935e-06
5.45 6.65 3.36168e-06
5.45 6.7 1.72022e-06
5.45 6.75 8.62836e-07
5.45 6.8 4.24215e-07
5.45 6.85 2.04437e-07
5.45 6.9 9.6571e-08
5.45 6.95 4.47146e-08
5.45 7 2.0294e-08
5.45 7.05 9.02817e-09
5.45 7.1 3.93683e-09
5.45 7.15 1.68271e-09
5.45 7.2 7.04997e-10
5.45 7.25 2.89521e-10
5.45 7.3 1.16544e-10
5.45 7.35 4.59845e-11
5.45 7.4 1.77849e-11
5.45 7.45 6.74225e-12
5.45 7.5 2.50538e-12
5.45 7.55 9.12555e-13
5.45 7.6 3.25807e-13
5.45 7.65 1.14019e-13
5.45 7.7 3.91118e-14
5.45 7.75 1.31509e-14
5.45 7.8 4.33431e-15
5.45 7.85 1.40023e-15
5.45 7.9 4.43399e-16
5.45 7.95 1.37628e-16
5.45 8 4.1873e-17
5.45 8.05 1.24876e-17
5.45 8.1 3.65038e-18
5.45 8.15 1.04596e-18
5.45 8.2 2.93771e-19
5.45 8.25 8.08757e-20
5.45 8.3 2.18245e-20
5.45 8.35 5.77282e-21
5.45 8.4 1.49674e-21
5.45 8.45 3.80386e-22
5.45 8.5 9.47586e-23
5.45 8.55 2.31382e-23
5.45 8.6 5.53807e-24
5.45 8.65 1.29928e-24
5.45 8.7 2.98791e-25
5.45 8.75 6.73517e-26
5.45 8.8 1.48815e-26
5.45 8.85 3.22302e-27
5.45 8.9 6.84223e-28
5.45 8.95 1.4238e-28
5.45 9 2.90416e-29
5.45 9.05 5.80643e-30
5.45 9.1 1.13793e-30
5.45 9.15 2.18596e-31
5.45 9.2 4.11611e-32
5.45 9.25 7.59714e-33
5.45 9.3 1.37446e-33
5.45 9.35 2.43744e-34
5.45 9.4 4.23697e-35
5.45 9.45 7.2193e-36
5.45 9.5 1.20574e-36
5.45 9.55 1.97394e-37
5.45 9.6 3.16763e-38
5.45 9.65 4.98257e-39
5.45 9.7 7.68234e-40
5.45 9.75 1.16106e-40
5.45 9.8 1.72002e-41
5.45 9.85 2.49767e-42
5.45 9.9 3.55515e-43
5.45 9.95 4.929e-44
5.45 10 0
5.5 0 0
5.5 0.05 4.07619e-44
5.5 0.1 2.94008e-43
5.5 0.15 2.06555e-42
5.5 0.2 1.42244e-41
5.5 0.25 9.60181e-41
5.5 0.3 6.3532e-40
5.5 0.35 4.12052e-39
5.5 0.4 2.61959e-38
5.5 0.45 1.63242e-37
5.5 0.5 9.97133e-37
5.5 0.55 5.97025e-36
5.5 0.6 3.5039e-35
5.5 0.65 2.01572e-34
5.5 0.7 1.13666e-33
5.5 0.75 6.2827e-33
5.5 0.8 3.40395e-32
5.5 0.85 1.80775e-31
5.5 0.9 9.41048e-31
5.5 0.95 4.8018e-30
5.5 1 2.40168e-29
5.5 1.05 1.17746e-28
5.5 1.1 5.65838e-28
5.5 1.15 2.66537e-27
5.5 1.2 1.23067e-26
5.5 1.25 5.56983e-26
5.5 1.3 2.47093e-25
5.5 1.35 1.07448e-24
5.5 1.4 4.57985e-24
5.5 1.45 1.91347e-23
5.5 1.5 7.8363e-23
5.5 1.55 3.1457e-22
5.5 1.6 1.23777e-21
5.5 1.65 4.77397e-21
5.5 1.7 1.80483e-20
5.5 1.75 6.6882e-20
5.5 1.8 2.4294e-19
5.5 1.85 8.64979e-19
5.5 1.9 3.01876e-18
5.5 1.95 1.03269e-17
5.5 2 3.46277e-17
5.5 2.05 1.13814e-16
5.5 2.1 3.66677e-16
5.5 2.15 1.15795e-15
5.5 2.2 3.58434e-15
5.5 2.25 1.08754e-14
5.5 2.3 3.23442e-14
5.5 2.35 9.42898e-14
5.5 2.4 2.69431e-13
5.5 2.45 7.54653e-13
5.5 2.5 2.07187e-12
5.5 2.55 5.57561e-12
5.5 2.6 1.47075e-11
5.5 2.65 3.80276e-11
5.5 2.7 9.63775e-11
5.5 2.75 2.39424e-10
5.5 2.8 5.83008e-10
5.5 2.85 1.39154e-09
5.5 2.9 3.25562e-09
5.5 2.95 7.46597e-09
5.5 3 1.67824e-08
5.5 3.05 3.69774e-08
5.5 3.1 7.98607e-08
5.5 3.15 1.69062e-07
5.5 3.2 3.5081e-07
5.5 3.25 7.13533e-07
5.5 3.3 1.42256e-06
5.5 3.35 2.77998e-06
5.5 3.4 5.3251e-06
5.5 3.45 9.99835e-06
5.5 3.5 1.84011e-05
5.5 3.55 3.3195e-05
5.5 3.6 5.86972e-05
5.5 3.65 0.000101736
5.5 3.7 0.000172842
5.5 3.75 0.000287831
5.5 3.8 0.000469829
5.5 3.85 0.00075172
5.5 3.9 0.00117893
5.5 3.95 0.00181231
5.5 4 0.00273081
5.5 4.05 0.00403335
5.5 4.1 0.00583921
5.5 4.15 0.00828622
5.5 4.2 0.0115258
5.5 4.25 0.0157146
5.5 4.3 0.0210014
5.5 4.35 0.0275111
5.5 4.4 0.035325
5.5 4.45 0.04446
5.5 4.5 0.0548493
5.5 4.55 0.0663265
5.5 4.6 0.0786172
5.5 4.65 0.0913401
5.5 4.7 0.104021
5.5 4.75 0.116116
5.5 4.8 0.127051
5.5 4.85 0.136264
5.5 4.9 0.14325
5.5 4.95 0.147613
5.5 5 0.149096
5.5 5.05 0.147613
5.5 5.1 0.14325
5.5 5.15 0.136264
5.5 5.2 0.127051
5.5 5.25 0.116116
5.5 5.3 0.104021
5.5 5.35 0.0913401
5.5 5.4 0.0786172
5.5 5.45 0.0663265
5.5 5.5 0.0548493
5.5 5.55 0.04446
5.5 5.6 0.035325
5.5 5.65 0.0275111
5.5 5.7 0.0210014
5.5 5.75 0.0157146
5.5 5.8 0.0115258
5.5 5.85 0.00828622
5.5 5.9 0.00583921
5.5 5.95 0.00403335
5.5 6 0.00273081
5.5 6.05 0.00181231
5.5 6.1 0.00117893
5.5 6.15 0.00075172
5.5 6.2 0.000469829
5.5 6.25 0.000287831
5.5 6.3 0.000172842
5.5 6.35 0.000101736
5.5 6.4 5.86972e-05
5.5 6.45 3.3195e-05
5.5 6.5 1.84011e-05
5.5 6.55 9.99835e-06
5.5 6.6 5.3251e-06
5.5 6.65 2.77998e-06
5.5 6.7 1.42256e-06
5.5 6.75 7.13533e-07
5.5 6.8 3.5081e-07
5.5 6.85 1.69062e-07
5.5 6.9 7.98607e-08
5.5 6.95 3.69774e-08
5.5 7 1.67824e-08
5.5 7.05 7.46597e-09
5.5 7.1 3.25562e-09
5.5 7.15 1.39154e-09
5.5 7.2 5.83008e-10
5.5 7.25 2.39424e-10
5.5 7.3 9.63775e-11
5.5 7.35 3.80276e-11
5.5 7.4 1.47075e-11
5.5 7.45 5.57561e-12
5.5 7.5 2.07187e-12
5.5 7.55 7.54653e-13
5.5 7.6 2.69431e-13
5.5 7.65 9.42898e-14
5.5 7.7 3.23442e-14
5.5 7.75 1.08754e-14
5.5 7.8 3.58434e-15
5.5 7.85 1.15795e-15
5.5 7.9 3.66677e-16
5.5 7.95 1.13814e-16
5.5 8 3.46277e-17
5.5 8.05 1.03269e-17
5.5 8.1 3.01876e-18
5.5 8.15 8.64979e-19
5.5 8.2 2.4294e-19
5.5 8.25 6.6882e-20
5.5 8.3 1.80483e-20
5.5 8.35 4.77397e-21
5.5 8.4 1.23777e-21
5.5 8.45 3.1457e-22
5.5 8.5 7.8363e-23
5.5 8.55 1.91347e-23
5.5 8.6 4.57985e-24
5.5 8.65 1.07448e-24
5.5 8.7 2.47093e-25
5.5 8.75 5.56983e-26
5.5 8.8 1.23067e-26
5.5 8.85 2.66537e-27
5.5 8.9 5.65838e-28
5.5 8.95 1.17746e-28
5.5 9 2.40168e-29
5.5 9.05 4.8018e-30
5.5 9.1 9.41048e-31
5.5 9.15 1.80775e-31
5.5 9.2 3.40395e-32
5.5 9.25 6.2827e-33
5.5 9.3 1.13666e-33
5.5 9.35 2.01572e-34
5.5 9.4 3.5039e-35
5.5 9.45 5.97025e-36
5.5 9.5 9.97133e-37
5.5 9.55 1.63242e-37
5.5 9.6 2.61959e-38
5.5 9.65 4.12052e-39
5.5 9.7 6.3532e-40
5.5 9.75 9.60181e-41
5.5 9.8 1.42244e-41
5.5 9.85 2.06555e-42
5.5 9.9 2.94008e-43
5.5 9.95 4.07619e-44
5.5 10 0
5.55 0 0
5.55 0.05 3.30419e-44
5.55 0.1 2.38328e-43
5.55 0.15 1.67437e-42
5.55 0.2 1.15306e-41
5.55 0.25 7.78339e-41
5.55 0.3 5.15001e-40
5.55 0.35 3.34016e-39
5.55 0.4 2.12347e-38
5.55 0.45 1.32326e-37
5.55 0.5 8.08289e-37
5.55 0.55 4.83956e-36
5.55 0.6 2.84031e-35
5.55 0.65 1.63397e-34
5.55 0.7 9.21386e-34
5.55 0.75 5.09282e-33
5.55 0.8 2.75927e-32
5.55 0.85 1.46538e-31
5.55 0.9 7.62821e-31
5.55 0.95 3.89238e-30
5.55 1 1.94682e-29
5.55 1.05 9.54452e-29
5.55 1.1 4.58671e-28
5.55 1.15 2.16056e-27
5.55 1.2 9.97584e-27
5.55 1.25 4.51492e-26
5.55 1.3 2.00295e-25
5.55 1.35 8.70974e-25
5.55 1.4 3.71244e-24
5.55 1.45 1.55106e-23
5.55 1.5 6.35211e-23
5.55 1.55 2.5499e-22
5.55 1.6 1.00334e-21
5.55 1.65 3.86977e-21
5.55 1.7 1.46299e-20
5.55 1.75 5.42145e-20
5.55 1.8 1.96927e-19
5.55 1.85 7.0115e-19
5.55 1.9 2.447e-18
5.55 1.95 8.37092e-18
5.55 2 2.80691e-17
5.55 2.05 9.22573e-17
5.55 2.1 2.97227e-16
5.55 2.15 9.38626e-16
5.55 2.2 2.90544e-15
5.55 2.25 8.81553e-15
5.55 2.3 2.6218e-14
5.55 2.35 7.64307e-14
5.55 2.4 2.18399e-13
5.55 2.45 6.11717e-13
5.55 2.5 1.67944e-12
5.55 2.55 4.51955e-12
5.55 2.6 1.19218e-11
5.55 2.65 3.08249e-11
5.55 2.7 7.81228e-11
5.55 2.75 1.94075e-10
5.55 2.8 4.72581e-10
5.55 2.85 1.12797e-09
5.55 2.9 2.63897e-09
5.55 2.95 6.05184e-09
5.55 3 1.36036e-08
5.55 3.05 2.99734e-08
5.55 3.1 6.47342e-08
5.55 3.15 1.37039e-07
5.55 3.2 2.84363e-07
5.55 3.25 5.78381e-07
5.55 3.3 1.15311e-06
5.55 3.35 2.25342e-06
5.55 3.4 4.31646e-06
5.55 3.45 8.10453e-06
5.55 3.5 1.49157e-05
5.55 3.55 2.69075e-05
5.55 3.6 4.75792e-05
5.55 3.65 8.24661e-05
5.55 3.7 0.000140103
5.55 3.75 0.000233312
5.55 3.8 0.000380836
5.55 3.85 0.000609333
5.55 3.9 0.000955621
5.55 3.95 0.00146903
5.55 4 0.00221356
5.55 4.05 0.00326937
5.55 4.1 0.00473317
5.55 4.15 0.00671668
5.55 4.2 0.00934268
5.55 4.25 0.012738
5.55 4.3 0.0170234
5.55 4.35 0.0223001
5.55 4.4 0.0286339
5.55 4.45 0.0360386
5.55 4.5 0.04446
5.55 4.55 0.0537632
5.55 4.6 0.0637258
5.55 4.65 0.0740389
5.55 4.7 0.0843176
5.55 4.75 0.0941218
5.55 4.8 0.102986
5.55 4.85 0.110453
5.55 4.9 0.116116
5.55 4.95 0.119652
5.55 5 0.120855
5.55 5.05 0.119652
5.55 5.1 0.116116
5.55 5.15 0.110453
5.55 5.2 0.102986
5.55 5.25 0.0941218
5.55 5.3 0.0843176
5.55 5.35 0.0740389
5.55 5.4 0.0637258
5.55 5.45 0.0537632
5.55 5.5 0.04446
5.55 5.55 0.0360386
5.55 5.6 0.0286339
5.55 5.65 0.0223001
5.55 5.7 0.0170234
5.55 5.75 0.012738
5.55 5.8 0.00934268
5.55 5.85 0.00671668
5.55 5.9 0.00473317
5.55 5.95 0.00326937
5.55 6 0.00221356
5.55 6.05 0.00146903
5.55 6.1 0.000955621
5.55 6.15 0.000609333
5.55 6.2 0.000380836
5.55 6.25 0.000233312
5.55 6.3 0.000140103
5.55 6.35 8.24661e-05
5.55 6.4 4.75792e-05
5.55 6.45 2.69075e-05
5.55 6.5 1.49157e-05
5.55 6.55 8.10453e-06
5.55 6.6 4.31646e-06
5.55 6.65 2.25342e-06
5.55 6.7 1.15311e-06
5.55 6.75 5.78381e-07
5.55 6.8 2.84363e-07
5.55 6.85 1.37039e-07
5.55 6.9 6.47342e-08
5.55 6.95 2.99734e-08
5.55 7 1.36036e-08
5.55 7.05 6.05184e-09
5.55 7.1 2.63897e-09
5.55 7.15 1.12797e-09
5.55 7.2 4.72581e-10
5.55 7.25 1.94075e-10
5.55 7.3 7.81228e-11
5.55 7.35 3.08249e-11
5.55 7.4 1.19218e-11
5.55 7.45 4.51955e-12
5.55 7.5 1.67944e-12
5.55 7.55 6.11717e-13
5.55 7.6 2.18399e-13
5.55 7.65 7.64307e-14
5.55 7.7 2.6218e-14
5.55 7.75 8.81553e-15
5.55 7.8 2.90544e-15
5.55 7.85 9.38626e-16
5.55 7.9 2.97227e-16
5.55 7.95 9.22573e-17
5.55 8 2.80691e-17
5.55 8.05 8.37092e-18
5.55 8.1 2.447e-18
5.55 8.15 7.0115e-19
5.55 8.2 1.96927e-19
5.55 8.25 5.42145e-20
5.55 8.3 1.46299e-20
5.55 8.35 3.86977e-21
5.55 8.4 1.00334e-21
5.55 8.45 2.5499e-22
5.55 8.5 6.35211e-23
5.55 8.55 1.55106e-23
5.55 8.6 3.71244e-24
5.55 8.65 8.70974e-25
5.55 8.7 2.00295e-25
5.55 8.75 4.51492e-26
5.55 8.8 9.97584e-27
5.55 8.85 2.16056e-27
5.55 8.9 4.58671e-28
5.55 8.95 9.54452e-29
5.55 9 1.94682e-29
5.55 9.05 3.89238e-30
5.55 9.1 7.62821e-31
5.55 9.15 1.46538e-31
5.55 9.2 2.75927e-32
5.55 9.25 5.09282e-33
5.55 9.3 9.21386e-34
5.55 9.35 1.63397e-34
5.55 9.4 2.84031e-35
5.55 9.45 4.83956e-36
5.55 9.5 8.08289e-37
5.55 9.55 1.32326e-37
5.55 9.6 2.12347e-38
5.55 9.65 3.34016e-39
5.55 9.7 5.15001e-40
5.55 9.75 7.78339e-41
5.55 9.8 1.15306e-41
5.55 9.85 1.67437e-42
5.55 9.9 2.38328e-43
5.55 9.95 3.30419e-44
5.55 10 0
5.6 0 0
5.6 0.05 2.62537e-44
5.6 0.1 1.89369e-43
5.6 0.15 1.33041e-42
5.6 0.2 9.16182e-42
5.6 0.25 6.18443e-41
5.6 0.3 4.09203e-40
5.6 0.35 2.65398e-39
5.6 0.4 1.68724e-38
5.6 0.45 1.05142e-37
5.6 0.5 6.42237e-37
5.6 0.55 3.84534e-36
5.6 0.6 2.2568e-35
5.6 0.65 1.29829e-34
5.6 0.7 7.32098e-34
5.6 0.75 4.04656e-33
5.6 0.8 2.19241e-32
5.6 0.85 1.16433e-31
5.6 0.9 6.06106e-31
5.6 0.95 3.09272e-30
5.6 1 1.54686e-29
5.6 1.05 7.58367e-29
5.6 1.1 3.6444e-28
5.6 1.15 1.71669e-27
5.6 1.2 7.92636e-27
5.6 1.25 3.58735e-26
5.6 1.3 1.59145e-25
5.6 1.35 6.92036e-25
5.6 1.4 2.94973e-24
5.6 1.45 1.2324e-23
5.6 1.5 5.04708e-23
5.6 1.55 2.02603e-22
5.6 1.6 7.97201e-22
5.6 1.65 3.07473e-21
5.6 1.7 1.16242e-20
5.6 1.75 4.3076e-20
5.6 1.8 1.56468e-19
5.6 1.85 5.57098e-19
5.6 1.9 1.94426e-18
5.6 1.95 6.65109e-18
5.6 2 2.23022e-17
5.6 2.05 7.33027e-17
5.6 2.1 2.36161e-16
5.6 2.15 7.45781e-16
5.6 2.2 2.30851e-15
5.6 2.25 7.00433e-15
5.6 2.3 2.08314e-14
5.6 2.35 6.07276e-14
5.6 2.4 1.73528e-13
5.6 2.45 4.86035e-13
5.6 2.5 1.33439e-12
5.6 2.55 3.59097e-12
5.6 2.6 9.47234e-12
5.6 2.65 2.44916e-11
5.6 2.7 6.20718e-11
5.6 2.75 1.542e-10
5.6 2.8 3.75485e-10
5.6 2.85 8.96218e-10
5.6 2.9 2.09677e-09
5.6 2.95 4.80842e-09
5.6 3 1.08086e-08
5.6 3.05 2.38151e-08
5.6 3.1 5.14338e-08
5.6 3.15 1.08883e-07
5.6 3.2 2.25937e-07
5.6 3.25 4.59546e-07
5.6 3.3 9.16189e-07
5.6 3.35 1.79042e-06
5.6 3.4 3.42959e-06
5.6 3.45 6.43935e-06
5.6 3.5 1.18511e-05
5.6 3.55 2.1379e-05
5.6 3.6 3.78034e-05
5.6 3.65 6.55223e-05
5.6 3.7 0.000111317
5.6 3.75 0.000185374
5.6 3.8 0.000302588
5.6 3.85 0.000484137
5.6 3.9 0.000759275
5.6 3.95 0.0011672
5.6 4 0.00175875
5.6 4.05 0.00259763
5.6 4.1 0.00376067
5.6 4.15 0.00533663
5.6 4.2 0.00742308
5.6 4.25 0.0101208
5.6 4.3 0.0135257
5.6 4.35 0.0177182
5.6 4.4 0.0227506
5.6 4.45 0.0286339
5.6 4.5 0.035325
5.6 4.55 0.0427167
5.6 4.6 0.0506323
5.6 4.65 0.0588263
5.6 4.7 0.0669931
5.6 4.75 0.074783
5.6 4.8 0.0818256
5.6 4.85 0.0877586
5.6 4.9 0.0922581
5.6 4.95 0.0950678
5.6 5 0.0960232
5.6 5.05 0.0950678
5.6 5.1 0.0922581
5.6 5.15 0.0877586
5.6 5.2 0.0818256
5.6 5.25 0.074783
5.6 5.3 0.0669931
5.6 5.35 0.0588263
5.6 5.4 0.0506323
5.6 5.45 0.0427167
5.6 5.5 0.035325
5.6 5.55 0.0286339
5.6 5.6 0.0227506
5.6 5.65 0.0177182
5.6 5.7 0.0135257
5.6 5.75 0.0101208
5.6 5.8 0.00742308
5.6 5.85 0.00533663
5.6 5.9 0.00376067
5.6 5.95 0.00259763
5.6 6 0.00175875
5.6 6.05 0.0011672
5.6 6.1 0.000759275
5.6 6.15 0.000484137
5.6 6.2 0.000302588
5.6 6.25 0.000185374
5.6 6.3 0.000111317
5.6 6.35 6.55223e-05
5.6 6.4 3.78034e-05
5.6 6.45 2.1379e-05
5.6 6.5 1.18511e-05
5.6 6.55 6.43935e-06
5.6 6.6 3.42959e-06
5.6 6.65 1.79042e-06
5.6 6.7 9.16189e-07
5.6 6.75 4.59546e-07
5.6 6.8 2.25937e-07
5.6 6.85 1.08883e-07
5.6 6.9 5.14338e-08
5.6 6.95 2.38151e-08
5.6 7 1.08086e-08
5.6 7.05 4.80842e-09
5.6 7.1 2.09677e-09
5.6 7.15 8.96218e-10
5.6 7.2 3.75485e-10
5.6 7.25 1.542e-10
5.6 7.3 6.20718e-11
5.6 7.35 2.44916e-11
5.6 7.4 9.47234e-12
5.6 7.45 3.59097e-12
5.6 7.5 1.33439e-12
5.6 7.55 4.86035e-13
5.6 7.6 1.73528e-13
5.6 7.65 6.07276e-14
5.6 7.7 2.08314e-14
5.6 7.75 7.00433e-15
5.6 7.8 2.30851e-15
5.6 7.85 7.45781e-16
5.6 7.9 2.36161e-16
5.6 7.95 7.33027e-17
5.6 8 2.23022e-17
5.6 8.05 6.65109e-18
5.6 8.1 1.94426e-18
5.6 8.15 5.57098e-19
5.6 8.2 1.56468e-19
5.6 8.25 4.3076e-20
5.6 8.3 1.16242e-20
5.6 8.35 3.07473e-21
5.6 8.4 7.97201e-22
5.6 8.45 2.02603e-22
5.6 8.5 5.04708e-23
5.6 8.55 1.2324e-23
5.6 8.6 2.94973e-24
5.6 8.65 6.92036e-25
5.6 8.7 1.59145e-25
5.6 8.75 3.58735e-26
5.6 8.8 7.92636e-27
5.6 8.85 1.71669e-27
5.6 8.9 3.6444e-28
5.6 8.95 7.58367e-29
5.6 9 1.54686e-29
5.6 9.05 3.09272e-30
5.6 9.1 6.06106e-31
5.6 9.15 1.16433e-31
5.6 9.2 2.19241e-32
5.6 9.25 4.04656e-33
5.6 9.3 7.32098e-34
5.6 9.35 1.29829e-34
5.6 9.4 2.2568e-35
5.6 9.45 3.84534e-36
5.6 9.5 6.42237e-37
5.6 9.55 1.05142e-37
5.6 9.6 1.68724e-38
5.6 9.65 2.65398e-39
5.6 9.7 4.09203e-40
5.6 9.75 6.18443e-41
5.6 9.8 9.16182e-42
5.6 9.85 1.33041e-42
5.6 9.9 1.89369e-43
5.6 9.95 2.62537e-44
5.6 10 0
5.65 0 0
5.65 0.05 2.04471e-44
5.65 0.1 1.47488e-43
5.65 0.15 1.03617e-42
5.65 0.2 7.13558e-42
5.65 0.25 4.81667e-41
5.65 0.3 3.18702e-40
5.65 0.35 2.06702e-39
5.65 0.4 1.31408e-38
5.65 0.45 8.18882e-38
5.65 0.5 5.00196e-37
5.65 0.55 2.99488e-36
5.65 0.6 1.75767e-35
5.65 0.65 1.01115e-34
5.65 0.7 5.7018e-34
5.65 0.75 3.15158e-33
5.65 0.8 1.70751e-32
5.65 0.85 9.06813e-32
5.65 0.9 4.72053e-31
5.65 0.95 2.40869e-30
5.65 1 1.20474e-29
5.65 1.05 5.90636e-29
5.65 1.1 2.83835e-28
5.65 1.15 1.337e-27
5.65 1.2 6.17324e-27
5.65 1.25 2.79391e-26
5.65 1.3 1.23946e-25
5.65 1.35 5.38973e-25
5.65 1.4 2.29731e-24
5.65 1.45 9.59821e-24
5.65 1.5 3.93077e-23
5.65 1.55 1.57791e-22
5.65 1.6 6.20875e-22
5.65 1.65 2.39466e-21
5.65 1.7 9.05314e-21
5.65 1.75 3.35484e-20
5.65 1.8 1.2186e-19
5.65 1.85 4.33877e-19
5.65 1.9 1.51422e-18
5.65 1.95 5.17997e-18
5.65 2 1.73693e-17
5.65 2.05 5.70892e-17
5.65 2.1 1.83925e-16
5.65 2.15 5.80824e-16
5.65 2.2 1.79789e-15
5.65 2.25 5.45506e-15
5.65 2.3 1.62237e-14
5.65 2.35 4.72953e-14
5.65 2.4 1.35145e-13
5.65 2.45 3.78529e-13
5.65 2.5 1.03923e-12
5.65 2.55 2.79668e-12
5.65 2.6 7.37715e-12
5.65 2.65 1.90743e-11
5.65 2.7 4.8342e-11
5.65 2.75 1.20093e-10
5.65 2.8 2.9243e-10
5.65 2.85 6.97982e-10
5.65 2.9 1.63298e-09
5.65 2.95 3.74484e-09
5.65 3 8.41782e-09
5.65 3.05 1.85473e-08
5.65 3.1 4.0057e-08
5.65 3.15 8.47988e-08
5.65 3.2 1.75961e-07
5.65 3.25 3.57897e-07
5.65 3.3 7.13533e-07
5.65 3.35 1.39439e-06
5.65 3.4 2.67098e-06
5.65 3.45 5.01499e-06
5.65 3.5 9.22965e-06
5.65 3.55 1.665e-05
5.65 3.6 2.94414e-05
5.65 3.65 5.1029e-05
5.65 3.7 8.66942e-05
5.65 3.75 0.00014437
5.65 3.8 0.000235656
5.65 3.85 0.000377047
5.65 3.9 0.000591325
5.65 3.95 0.000909015
5.65 4 0.00136972
5.65 4.05 0.00202304
5.65 4.1 0.00292882
5.65 4.15 0.00415618
5.65 4.2 0.00578111
5.65 4.25 0.00788209
5.65 4.3 0.0105338
5.65 4.35 0.0137989
5.65 4.4 0.0177182
5.65 4.45 0.0223001
5.65 4.5 0.0275111
5.65 4.55 0.0332678
5.65 4.6 0.0394325
5.65 4.65 0.045814
5.65 4.7 0.0521743
5.65 4.75 0.058241
5.65 4.8 0.0637258
5.65 4.85 0.0683465
5.65 4.9 0.0718507
5.65 4.95 0.0740389
5.65 5 0.074783
5.65 5.05 0.0740389
5.65 5.1 0.0718507
5.65 5.15 0.0683465
5.65 5.2 0.0637258
5.65 5.25 0.058241
5.65 5.3 0.0521743
5.65 5.35 0.045814
5.65 5.4 0.0394325
5.65 5.45 0.0332678
5.65 5.5 0.0275111
5.65 5.55 0.0223001
5.65 5.6 0.0177182
5.65 5.65 0.0137989
5.65 5.7 0.0105338
5.65 5.75 0.00788209
5.65 5.8 0.00578111
5.65 5.85 0.00415618
5.65 5.9 0.00292882
5.65 5.95 0.00202304
5.65 6 0.00136972
5.65 6.05 0.000909015
5.65 6.1 0.000591325
5.65 6.15 0.000377047
5.65 6.2 0.000235656
5.65 6.25 0.00014437
5.65 6.3 8.66942e-05
5.65 6.35 5.1029e-05
5.65 6.4 2.94414e-05
5.65 6.45 1.665e-05
5.65 6.5 9.22965e-06
5.65 6.55 5.01499e-06
5.65 6.6 2.67098e-06
5.65 6.65 1.39439e-06
5.65 6.7 7.13533e-07
5.65 6.75 3.57897e-07
5.65 6.8 1.75961e-07
5.65 6.85 8.47988e-08
5.65 6.9 4.0057e-08
5.65 6.95 1.85473e-08
5.65 7 8.41782e-09
5.65 7.05 3.74484e-09
5.65 7.1 1.63298e-09
5.65 7.15 6.97982e-10
5.65 7.2 2.9243e-10
5.65 7.25 1.20093e-10
5.65 7.3 4.8342e-11
5.65 7.35 1.90743e-11
5.65 7.4 7.37715e-12
5.65 7.45 2.79668e-12
5.65 7.5 1.03923e-12
5.65 7.55 3.78529e-13
5.65 7.6 1.35145e-13
5.65 7.65 4.72953e-14
5.65 7.7 1.62237e-14
5.65 7.75 5.45506e-15
5.65 7.8 1.79789e-15
5.65 7.85 5.80824e-16
5.65 7.9 1.83925e-16
5.65 7.95 5.70892e-17
5.65 8 1.73693e-17
5.65 8.05 5.17997e-18
5.65 8.1 1.51422e-18
5.65 8.15 4.33877e-19
5.65 8.2 1.2186e-19
5.65 8.25 3.35484e-20
5.65 8.3 9.05314e-21
5.65 8.35 2.39466e-21
5.65 8.4 6.20875e-22
5.65 8.45 1.57791e-22
5.65 8.5 3.93077e-23
5.65 8.55 9.59821e-24
5.65 8.6 2.29731e-24
5.65 8.65 5.38973e-25
5.65 8.7 1.23946e-25
5.65 8.75 2.79391e-26
5.65 8.8 6.17324e-27
5.65 8.85 1.337e-27
5.65 8.9 2.83835e-28
5.65 8.95 5.90636e-29
5.65 9 1.20474e-29
5.65 9.05 2.40869e-30
5.65 9.1 4.72053e-31
5.65 9.15 9.06813e-32
5.65 9.2 1.70751e-32
5.65 9.25 3.15158e-33
5.65 9.3 5.7018e-34
5.65 9.35 1.01115e-34
5.65 9.4 1.75767e-35
5.65 9.45 2.99488e-36
5.65 9.5 5.00196e-37
5.65 9.55 8.18882e-38
5.65 9.6 1.31408e-38
5.65 9.65 2.06702e-39
5.65 9.7 3.18702e-40
5.65 9.75 4.81667e-41
5.65 9.8 7.13558e-42
5.65 9.85 1.03617e-42
5.65 9.9 1.47488e-43
5.65 9.95 2.04471e-44
5.65 10 0
5.7 0 0
5.7 0.05 1.56095e-44
5.7 0.1 1.12596e-43
5.7 0.15 7.91036e-43
5.7 0.2 5.44744e-42
5.7 0.25 3.67714e-41
5.7 0.3 2.43303e-40
5.7 0.35 1.57799e-39
5.7 0.4 1.00319e-38
5.7 0.45 6.25147e-38
5.7 0.5 3.81857e-37
5.7 0.55 2.28633e-36
5.7 0.6 1.34183e-35
5.7 0.65 7.71923e-35
5.7 0.7 4.35282e-34
5.7 0.75 2.40595e-33
5.7 0.8 1.30353e-32
5.7 0.85 6.92269e-32
5.7 0.9 3.60369e-31
5.7 0.95 1.83882e-30
5.7 1 9.19703e-30
5.7 1.05 4.50895e-29
5.7 1.1 2.16681e-28
5.7 1.15 1.02067e-27
5.7 1.2 4.71267e-27
5.7 1.25 2.13288e-26
5.7 1.3 9.46204e-26
5.7 1.35 4.11453e-25
5.7 1.4 1.75377e-24
5.7 1.45 7.32728e-24
5.7 1.5 3.00075e-23
5.7 1.55 1.20458e-22
5.7 1.6 4.73976e-22
5.7 1.65 1.82808e-21
5.7 1.7 6.91114e-21
5.7 1.75 2.56107e-20
5.7 1.8 9.30274e-20
5.7 1.85 3.3122e-19
5.7 1.9 1.15595e-18
5.7 1.95 3.95437e-18
5.7 2 1.32596e-17
5.7 2.05 4.35815e-17
5.7 2.1 1.40407e-16
5.7 2.15 4.43397e-16
5.7 2.2 1.3725e-15
5.7 2.25 4.16435e-15
5.7 2.3 1.23851e-14
5.7 2.35 3.61048e-14
5.7 2.4 1.03169e-13
5.7 2.45 2.88966e-13
5.7 2.5 7.93341e-13
5.7 2.55 2.13496e-12
5.7 2.6 5.63163e-12
5.7 2.65 1.45611e-11
5.7 2.7 3.69037e-11
5.7 2.75 9.16772e-11
5.7 2.8 2.23238e-10
5.7 2.85 5.3283e-10
5.7 2.9 1.2466e-09
5.7 2.95 2.85876e-09
5.7 3 6.42605e-09
5.7 3.05 1.41588e-08
5.7 3.1 3.05789e-08
5.7 3.15 6.47342e-08
5.7 3.2 1.34326e-07
5.7 3.25 2.73213e-07
5.7 3.3 5.447e-07
5.7 3.35 1.06446e-06
5.7 3.4 2.03898e-06
5.7 3.45 3.82836e-06
5.7 3.5 7.04576e-06
5.7 3.55 1.27103e-05
5.7 3.6 2.24751e-05
5.7 3.65 3.89546e-05
5.7 3.7 6.61808e-05
5.7 3.75 0.00011021
5.7 3.8 0.000179896
5.7 3.85 0.000287831
5.7 3.9 0.000451406
5.7 3.95 0.000693925
5.7 4 0.00104562
5.7 4.05 0.00154435
5.7 4.1 0.0022358
5.7 4.15 0.00317275
5.7 4.2 0.00441318
5.7 4.25 0.00601704
5.7 4.3 0.00804132
5.7 4.35 0.0105338
5.7 4.4 0.0135257
5.7 4.45 0.0170234
5.7 4.5 0.0210014
5.7 4.55 0.025396
5.7 4.6 0.030102
5.7 4.65 0.0349735
5.7 4.7 0.0398288
5.7 4.75 0.04446
5.7 4.8 0.048647
5.7 4.85 0.0521743
5.7 4.9 0.0548493
5.7 4.95 0.0565197
5.7 5 0.0570878
5.7 5.05 0.0565197
5.7 5.1 0.0548493
5.7 5.15 0.0521743
5.7 5.2 0.048647
5.7 5.25 0.04446
5.7 5.3 0.0398288
5.7 5.35 0.0349735
5.7 5.4 0.030102
5.7 5.45 0.025396
5.7 5.5 0.0210014
5.7 5.55 0.0170234
5.7 5.6 0.0135257
5.7 5.65 0.0105338
5.7 5.7 0.00804132
5.7 5.75 0.00601704
5.7 5.8 0.00441318
5.7 5.85 0.00317275
5.7 5.9 0.0022358
5.7 5.95 0.00154435
5.7 6 0.00104562
5.7 6.05 0.000693925
5.7 6.1 0.000451406
5.7 6.15 0.000287831
5.7 6.2 0.000179896
5.7 6.25 0.00011021
5.7 6.3 6.61808e-05
5.7 6.35 3.89546e-05
5.7 6.4 2.24751e-05
5.7 6.45 1.27103e-05
5.7 6.5 7.04576e-06
5.7 6.55 3.82836e-06
5.7 6.6 2.03898e-06
5.7 6.65 1.06446e-06
5.7 6.7 5.447e-07
5.7 6.75 2.73213e-07
5.7 6.8 1.34326e-07
5.7 6.85 6.47342e-08
5.7 6.9 3.05789e-08
5.7 6.95 1.41588e-08
5.7 7 6.42605e-09
5.7 7.05 2.85876e-09
5.7 7.1 1.2466e-09
5.7 7.15 5.3283e-10
5.7 7.2 2.23238e-10
5.7 7.25 9.16772e-11
5.7 7.3 3.69037e-11
5.7 7.35 1.45611e-11
5.7 7.4 5.63163e-12
5.7 7.45 2.13496e-12
5.7 7.5 7.93341e-13
5.7 7.55 2.88966e-13
5.7 7.6 1.03169e-13
5.7 7.65 3.61048e-14
5.7 7.7 1.23851e-14
5.7 7.75 4.16435e-15
5.7 7.8 1.3725e-15
5.7 7.85 4.43397e-16
5.7 7.9 1.40407e-16
5.7 7.95 4.35815e-17
5.7 8 1.32596e-17
5.7 8.05 3.95437e-18
5.7 8.1 1.15595e-18
5.7 8.15 3.3122e-19
5.7 8.2 9.30274e-20
5.7 8.25 2.56107e-20
5.7 8.3 6.91114e-21
5.7 8.35 1.82808e-21
5.7 8.4 4.73976e-22
5.7 8.45 1.20458e-22
5.7 8.5 3.00075e-23
5.7 8.55 7.32728e-24
5.7 8.6 1.75377e-24
5.7 8.65 4.11453e-25
5.7 8.7 9.46204e-26
5.7 8.75 2.13288e-26
5.7 8.8 4.71267e-27
5.7 8.85 1.02067e-27
5.7 8.9 2.16681e-28
5.7 8.95 4.50895e-29
5.7 9 9.19703e-30
5.7 9.05 1.83882e-30
5.7 9.1 3.60369e-31
5.7 9.15 6.92269e-32
5.7 9.2 1.30353e-32
5.7 9.25 2.40595e-33
5.7 9.3 4.35282e-34
5.7 9.35 7.71923e-35
5.7 9.4 1.34183e-35
5.7 9.45 2.28633e-36
5.7 9.5 3.81857e-37
5.7 9.55 6.25147e-38
5.7 9.6 1.00319e-38
5.7 9.65 1.57799e-39
5.7 9.7 2.43303e-40
5.7 9.75 3.67714e-41
5.7 9.8 5.44744e-42
5.7 9.85 7.91036e-43
5.7 9.9 1.12596e-43
5.7 9.95 1.56095e-44
5.7 10 0
5.75 0 0
5.75 0.05 1.16805e-44
5.75 0.1 8.42561e-44
5.75 0.15 5.91938e-43
5.75 0.2 4.07635e-42
5.75 0.25 2.75162e-41
5.75 0.3 1.82065e-40
5.75 0.35 1.18082e-39
5.75 0.4 7.50691e-39
5.75 0.45 4.67799e-38
5.75 0.5 2.85744e-37
5.75 0.55 1.71086e-36
5.75 0.6 1.00409e-35
5.75 0.65 5.77629e-35
5.75 0.7 3.2572e-34
5.75 0.75 1.80036e-33
5.75 0.8 9.75427e-33
5.75 0.85 5.18021e-32
5.75 0.9 2.69662e-31
5.75 0.95 1.37597e-30
5.75 1 6.88207e-30
5.75 1.05 3.37401e-29
5.75 1.1 1.62141e-28
5.75 1.15 7.63758e-28
5.75 1.2 3.52645e-27
5.75 1.25 1.59601e-26
5.75 1.3 7.08033e-26
5.75 1.35 3.07885e-25
5.75 1.4 1.31232e-24
5.75 1.45 5.4829e-24
5.75 1.5 2.24542e-23
5.75 1.55 9.01367e-23
5.75 1.6 3.54669e-22
5.75 1.65 1.36792e-21
5.75 1.7 5.17149e-21
5.75 1.75 1.91641e-20
5.75 1.8 6.96107e-20
5.75 1.85 2.47846e-19
5.75 1.9 8.64974e-19
5.75 1.95 2.95897e-18
5.75 2 9.92191e-18
5.75 2.05 3.26112e-17
5.75 2.1 1.05064e-16
5.75 2.15 3.31784e-16
5.75 2.2 1.02701e-15
5.75 2.25 3.11609e-15
5.75 2.3 9.26746e-15
5.75 2.35 2.70164e-14
5.75 2.4 7.71986e-14
5.75 2.45 2.16226e-13
5.75 2.5 5.93637e-13
5.75 2.55 1.59753e-12
5.75 2.6 4.214e-12
5.75 2.65 1.08957e-11
5.75 2.7 2.76141e-11
5.75 2.75 6.85995e-11
5.75 2.8 1.67043e-10
5.75 2.85 3.98702e-10
5.75 2.9 9.32792e-10
5.75 2.95 2.13912e-09
5.75 3 4.80842e-09
5.75 3.05 1.05946e-08
5.75 3.1 2.28813e-08
5.75 3.15 4.84386e-08
5.75 3.2 1.00512e-07
5.75 3.25 2.04437e-07
5.75 3.3 4.07582e-07
5.75 3.35 7.96499e-07
5.75 3.4 1.5257e-06
5.75 3.45 2.86464e-06
5.75 3.5 5.27211e-06
5.75 3.55 9.51073e-06
5.75 3.6 1.68173e-05
5.75 3.65 2.91485e-05
5.75 3.7 4.95209e-05
5.75 3.75 8.24661e-05
5.75 3.8 0.00013461
5.75 3.85 0.000215374
5.75 3.9 0.000337772
5.75 3.95 0.00051924
5.75 4 0.000782398
5.75 4.05 0.00115558
5.75 4.1 0.00167297
5.75 4.15 0.00237406
5.75 4.2 0.00330223
5.75 4.25 0.00450233
5.75 4.3 0.00601704
5.75 4.35 0.00788209
5.75 4.4 0.0101208
5.75 4.45 0.012738
5.75 4.5 0.0157146
5.75 4.55 0.0190029
5.75 4.6 0.0225242
5.75 4.65 0.0261694
5.75 4.7 0.0298024
5.75 4.75 0.0332678
5.75 4.8 0.0364008
5.75 4.85 0.0390401
5.75 4.9 0.0410418
5.75 4.95 0.0422917
5.75 5 0.0427167
5.75 5.05 0.0422917
5.75 5.1 0.0410418
5.75 5.15 0.0390401
5.75 5.2 0.0364008
5.75 5.25 0.0332678
5.75 5.3 0.0298024
5.75 5.35 0.0261694
5.75 5.4 0.0225242
5.75 5.45 0.0190029
5.75 5.5 0.0157146
5.75 5.55 0.012738
5.75 5.6 0.0101208
5.75 5.65 0.00788209
5.75 5.7 0.00601704
5.75 5.75 0.00450233
5.75 5.8 0.00330223
5.75 5.85 0.00237406
5.75 5.9 0.00167297
5.75 5.95 0.00115558
5.75 6 0.000782398
5.75 6.05 0.00051924
5.75 6.1 0.000337772
5.75 6.15 0.000215374
5.75 6.2 0.00013461
5.75 6.25 8.24661e-05
5.75 6.3 4.95209e-05
5.75 6.35 2.91485e-05
5.75 6.4 1.68173e-05
5.75 6.45 9.51073e-06
5.75 6.5 5.27211e-06
5.75 6.55 2.86464e-06
5.75 6.6 1.5257e-06
5.75 6.65 7.96499e-07
5.75 6.7 4.07582e-07
5.75 6.75 2.04437e-07
5.75 6.8 1.00512e-07
5.75 6.85 4.84386e-08
5.75 6.9 2.28813e-08
5.75 6.95 1.05946e-08
5.75 7 4.80842e-09
5.75 7.05 2.13912e-09
5.75 7.1 9.32792e-10
5.75 7.15 3.98702e-10
5.75 7.2 1.67043e-10
5.75 7.25 6.85995e-11
5.75 7.3 2.76141e-11
5.75 7.35 1.08957e-11
5.75 7.4 4.214e-12
5.75 7.45 1.59753e-12
5.75 7.5 5.93637e-13
5.75 7.55 2.16226e-13
5.75 7.6 7.71986e-14
5.75 7.65 2.70164e-14
5.75 7.7 9.26746e-15
5.75 7.75 3.11609e-15
5.75 7.8 1.02701e-15
5.75 7.85 3.31784e-16
5.75 7.9 1.05064e-16
5.75 7.95 3.26112e-17
5.75 8 9.92191e-18
5.75 8.05 2.95897e-18
5.75 8.1 8.64974e-19
5.75 8.15 2.47846e-19
5.75 8.2 6.96107e-20
5.75 8.25 1.91641e-20
5.75 8.3 5.17149e-21
5.75 8.35 1.36792e-21
5.75 8.4 3.54669e-22
5.75 8.45 9.01367e-23
5.75 8.5 2.24542e-23
5.75 8.55 5.4829e-24
5.75 8.6 1.31232e-24
5.75 8.65 3.07885e-25
5.75 8.7 7.08033e-26
5.75 8.75 1.59601e-26
5.75 8.8 3.52645e-27
5.75 8.85 7.63758e-28
5.75 8.9 1.62141e-28
5.75 8.95 3.37401e-29
5.75 9 6.88207e-30
5.75 9.05 1.37597e-30
5.75 9.1 2.69662e-31
5.75 9.15 5.18021e-32
5.75 9.2 9.75427e-33
5.75 9.25 1.80036e-33
5.75 9.3 3.2572e-34
5.75 9.35 5.77629e-35
5.75 9.4 1.00409e-35
5.75 9.45 1.71086e-36
5.75 9.5 2.85744e-37
5.75 9.55 4.67799e-38
5.75 9.6 7.50691e-39
5.75 9.65 1.18082e-39
5.75 9.7 1.82065e-40
5.75 9.75 2.75162e-41
5.75 9.8 4.07635e-42
5.75 9.85 5.91938e-43
5.75 9.9 8.42561e-44
5.75 9.95 1.16805e-44
5.75 10 0
5.8 0 0
5.8 0.05 8.56736e-45
5.8 0.1 6.18013e-44
5.8 0.15 4.34182e-43
5.8 0.2 2.98997e-42
5.8 0.25 2.01829e-41
5.8 0.3 1.33543e-40
5.8 0.35 8.66117e-40
5.8 0.4 5.50623e-39
5.8 0.45 3.43124e-38
5.8 0.5 2.09589e-37
5.8 0.55 1.25489e-36
5.8 0.6 7.36483e-36
5.8 0.65 4.23681e-35
5.8 0.7 2.3891e-34
5.8 0.75 1.32053e-33
5.8 0.8 7.15457e-33
5.8 0.85 3.79958e-32
5.8 0.9 1.97791e-31
5.8 0.95 1.00925e-30
5.8 1 5.04784e-30
5.8 1.05 2.47476e-29
5.8 1.1 1.18926e-28
5.8 1.15 5.60197e-28
5.8 1.2 2.58656e-27
5.8 1.25 1.17063e-26
5.8 1.3 5.19323e-26
5.8 1.35 2.25825e-25
5.8 1.4 9.62552e-25
5.8 1.45 4.02155e-24
5.8 1.5 1.64695e-23
5.8 1.55 6.61125e-23
5.8 1.6 2.60138e-22
5.8 1.65 1.00333e-21
5.8 1.7 3.79312e-21
5.8 1.75 1.40562e-20
5.8 1.8 5.10571e-20
5.8 1.85 1.81786e-19
5.8 1.9 6.34428e-19
5.8 1.95 2.1703e-18
5.8 2 7.27737e-18
5.8 2.05 2.39191e-17
5.8 2.1 7.70604e-17
5.8 2.15 2.43351e-16
5.8 2.2 7.53273e-16
5.8 2.25 2.28553e-15
5.8 2.3 6.79732e-15
5.8 2.35 1.98154e-14
5.8 2.4 5.66221e-14
5.8 2.45 1.58593e-13
5.8 2.5 4.35408e-13
5.8 2.55 1.17172e-12
5.8 2.6 3.09079e-12
5.8 2.65 7.99153e-12
5.8 2.7 2.02537e-11
5.8 2.75 5.03148e-11
5.8 2.8 1.22518e-10
5.8 2.85 2.9243e-10
5.8 2.9 6.84161e-10
5.8 2.95 1.56895e-09
5.8 3 3.52676e-09
5.8 3.05 7.77064e-09
5.8 3.1 1.67824e-08
5.8 3.15 3.55275e-08
5.8 3.2 7.37208e-08
5.8 3.25 1.49945e-07
5.8 3.3 2.98942e-07
5.8 3.35 5.84194e-07
5.8 3.4 1.11903e-06
5.8 3.45 2.10107e-06
5.8 3.5 3.86684e-06
5.8 3.55 6.97565e-06
5.8 3.6 1.23347e-05
5.8 3.65 2.1379e-05
5.8 3.7 3.63211e-05
5.8 3.75 6.04848e-05
5.8 3.8 9.87296e-05
5.8 3.85 0.000157966
5.8 3.9 0.000247739
5.8 3.95 0.000380836
5.8 4 0.000573849
5.8 4.05 0.000847561
5.8 4.1 0.00122704
5.8 4.15 0.00174125
5.8 4.2 0.00242201
5.8 4.25 0.00330223
5.8 4.3 0.00441318
5.8 4.35 0.00578111
5.8 4.4 0.00742308
5.8 4.45 0.00934268
5.8 4.5 0.0115258
5.8 4.55 0.0139376
5.8 4.6 0.0165203
5.8 4.65 0.0191939
5.8 4.7 0.0218585
5.8 4.75 0.0244002
5.8 4.8 0.026698
5.8 4.85 0.0286339
5.8 4.9 0.030102
5.8 4.95 0.0310187
5.8 5 0.0313304
5.8 5.05 0.0310187
5.8 5.1 0.030102
5.8 5.15 0.0286339
5.8 5.2 0.026698
5.8 5.25 0.0244002
5.8 5.3 0.0218585
5.8 5.35 0.0191939
5.8 5.4 0.0165203
5.8 5.45 0.0139376
5.8 5.5 0.0115258
5.8 5.55 0.00934268
5.8 5.6 0.00742308
5.8 5.65 0.00578111
5.8 5.7 0.00441318
5.8 5.75 0.00330223
5.8 5.8 0.00242201
5.8 5.85 0.00174125
5.8 5.9 0.00122704
5.8 5.95 0.000847561
5.8 6 0.000573849
5.8 6.05 0.000380836
5.8 6.1 0.000247739
5.8 6.15 0.000157966
5.8 6.2 9.87296e-05
5.8 6.25 6.04848e-05
5.8 6.3 3.63211e-05
5.8 6.35 2.1379e-05
5.8 6.4 1.23347e-05
5.8 6.45 6.97565e-06
5.8 6.5 3.86684e-06
5.8 6.55 2.10107e-06
5.8 6.6 1.11903e-06
5.8 6.65 5.84194e-07
5.8 6.7 2.98942e-07
5.8 6.75 1.49945e-07
5.8 6.8 7.37208e-08
5.8 6.85 3.55275e-08
5.8 6.9 1.67824e-08
5.8 6.95 7.77064e-09
5.8 7 3.52676e-09
5.8 7.05 1.56895e-09
5.8 7.1 6.84161e-10
5.8 7.15 2.9243e-10
5.8 7.2 1.22518e-10
5.8 7.25 5.03148e-11
5.8 7.3 2.02537e-11
5.8 7.35 7.99153e-12
5.8 7.4 3.09079e-12
5.8 7.45 1.17172e-12
5.8 7.5 4.35408e-13
5.8 7.55 1.58593e-13
5.8 7.6 5.66221e-14
5.8 7.65 1.98154e-14
5.8 7.7 6.79732e-15
5.8 7.75 2.28553e-15
5.8 7.8 7.53273e-16
5.8 7.85 2.43351e-16
5.8 7.9 7.70604e-17
5.8 7.95 2.39191e-17
5.8 8 7.27737e-18
5.8 8.05 2.1703e-18
5.8 8.1 6.34428e-19
5.8 8.15 1.81786e-19
5.8 8.2 5.10571e-20
5.8 8.25 1.40562e-20
5.8 8.3 3.79312e-21
5.8 8.35 1.00333e-21
5.8 8.4 2.60138e-22
5.8 8.45 6.61125e-23
5.8 8.5 1.64695e-23
5.8 8.55 4.02155e-24
5.8 8.6 9.62552e-25
5.8 8.65 2.25825e-25
5.8 8.7 5.19323e-26
5.8 8.75 1.17063e-26
5.8 8.8 2.58656e-27
5.8 8.85 5.60197e-28
5.8 8.9 1.18926e-28
5.8 8.95 2.47476e-29
5.8 9 5.04784e-30
5.8 9.05 1.00925e-30
5.8 9.1 1.97791e-31
5.8 9.15 3.79958e-32
5.8 9.2 7.15457e-33
5.8 9.25 1.32053e-33
5.8 9.3 2.3891e-34
5.8 9.35 4.23681e-35
5.8 9.4 7.36483e-36
5.8 9.45 1.25489e-36
5.8 9.5 2.09589e-37
5.8 9.55 3.43124e-38
5.8 9.6 5.50623e-39
5.8 9.65 8.66117e-40
5.8 9.7 1.33543e-40
5.8 9.75 2.01829e-41
5.8 9.8 2.98997e-42
5.8 9.85 4.34182e-43
5.8 9.9 6.18013e-44
5.8 9.95 8.56736e-45
5.8 10 0
5.85 0 0
5.85 0.05 6.15956e-45
5.85 0.1 4.44335e-44
5.85 0.15 3.12165e-43
5.85 0.2 2.1497e-42
5.85 0.25 1.45109e-41
5.85 0.3 9.60129e-41
5.85 0.35 6.2271e-40
5.85 0.4 3.95879e-39
5.85 0.45 2.46695e-38
5.85 0.5 1.50687e-37
5.85 0.55 9.02221e-37
5.85 0.6 5.29504e-36
5.85 0.65 3.04611e-35
5.85 0.7 1.71767e-34
5.85 0.75 9.49411e-34
5.85 0.8 5.14384e-33
5.85 0.85 2.73174e-32
5.85 0.9 1.42204e-31
5.85 0.95 7.25605e-31
5.85 1 3.62918e-30
5.85 1.05 1.77924e-29
5.85 1.1 8.55026e-29
5.85 1.15 4.02756e-28
5.85 1.2 1.85961e-27
5.85 1.25 8.41629e-27
5.85 1.3 3.73368e-26
5.85 1.35 1.62357e-25
5.85 1.4 6.92026e-25
5.85 1.45 2.89129e-24
5.85 1.5 1.18407e-23
5.85 1.55 4.75314e-23
5.85 1.6 1.87026e-22
5.85 1.65 7.21337e-22
5.85 1.7 2.72705e-21
5.85 1.75 1.01056e-20
5.85 1.8 3.67072e-20
5.85 1.85 1.30694e-19
5.85 1.9 4.56118e-19
5.85 1.95 1.56032e-18
5.85 2 5.232e-18
5.85 2.05 1.71964e-17
5.85 2.1 5.54018e-17
5.85 2.15 1.74955e-16
5.85 2.2 5.41557e-16
5.85 2.25 1.64316e-15
5.85 2.3 4.88685e-15
5.85 2.35 1.42461e-14
5.85 2.4 4.07077e-14
5.85 2.45 1.14018e-13
5.85 2.5 3.13031e-13
5.85 2.55 8.42395e-13
5.85 2.6 2.22208e-12
5.85 2.65 5.74539e-12
5.85 2.7 1.45611e-11
5.85 2.75 3.6173e-11
5.85 2.8 8.80825e-11
5.85 2.85 2.10238e-10
5.85 2.9 4.91865e-10
5.85 2.95 1.12797e-09
5.85 3 2.5355e-09
5.85 3.05 5.58656e-09
5.85 3.1 1.20654e-08
5.85 3.15 2.55418e-08
5.85 3.2 5.30001e-08
5.85 3.25 1.078e-07
5.85 3.3 2.14918e-07
5.85 3.35 4.19994e-07
5.85 3.4 8.04503e-07
5.85 3.45 1.51052e-06
5.85 3.5 2.77998e-06
5.85 3.55 5.01499e-06
5.85 3.6 8.86775e-06
5.85 3.65 1.53699e-05
5.85 3.7 2.61122e-05
5.85 3.75 4.34841e-05
5.85 3.8 7.09794e-05
5.85 3.85 0.000113566
5.85 3.9 0.000178106
5.85 3.95 0.000273793
5.85 4 0.000412555
5.85 4.05 0.000609333
5.85 4.1 0.00088215
5.85 4.15 0.00125183
5.85 4.2 0.00174125
5.85 4.25 0.00237406
5.85 4.3 0.00317275
5.85 4.35 0.00415618
5.85 4.4 0.00533663
5.85 4.45 0.00671668
5.85 4.5 0.00828622
5.85 4.55 0.0100201
5.85 4.6 0.0118769
5.85 4.65 0.0137989
5.85 4.7 0.0157146
5.85 4.75 0.0175419
5.85 4.8 0.0191939
5.85 4.85 0.0205856
5.85 4.9 0.021641
5.85 4.95 0.0223001
5.85 5 0.0225242
5.85 5.05 0.0223001
5.85 5.1 0.021641
5.85 5.15 0.0205856
5.85 5.2 0.0191939
5.85 5.25 0.0175419
5.85 5.3 0.0157146
5.85 5.35 0.0137989
5.85 5.4 0.0118769
5.85 5.45 0.0100201
5.85 5.5 0.00828622
5.85 5.55 0.00671668
5.85 5.6 0.00533663
5.85 5.65 0.00415618
5.85 5.7 0.00317275
5.85 5.75 0.00237406
5.85 5.8 0.00174125
5.85 5.85 0.00125183
5.85 5.9 0.00088215
5.85 5.95 0.000609333
5.85 6 0.000412555
5.85 6.05 0.000273793
5.85 6.1 0.000178106
5.85 6.15 0.000113566
5.85 6.2 7.09794e-05
5.85 6.25 4.34841e-05
5.85 6.3 2.61122e-05
5.85 6.35 1.53699e-05
5.85 6.4 8.86775e-06
5.85 6.45 5.01499e-06
5.85 6.5 2.77998e-06
5.85 6.55 1.51052e-06
5.85 6.6 8.04503e-07
5.85 6.65 4.19994e-07
5.85 6.7 2.14918e-07
5.85 6.75 1.078e-07
5.85 6.8 5.30001e-08
5.85 6.85 2.55418e-08
5.85 6.9 1.20654e-08
5.85 6.95 5.58656e-09
5.85 7 2.5355e-09
5.85 7.05 1.12797e-09
5.85 7.1 4.91865e-10
5.85 7.15 2.10238e-10
5.85 7.2 8.80825e-11
5.85 7.25 3.6173e-11
5.85 7.3 1.45611e-11
5.85 7.35 5.74539e-12
5.85 7.4 2.22208e-12
5.85 7.45 8.42395e-13
5.85 7.5 3.13031e-13
5.85 7.55 1.14018e-13
5.85 7.6 4.07077e-14
5.85 7.65 1.42461e-14
5.85 7.7 4.88685e-15
5.85 7.75 1.64316e-15
5.85 7.8 5.41557e-16
5.85 7.85 1.74955e-16
5.85 7.9 5.54018e-17
5.85 7.95 1.71964e-17
5.85 8 5.232e-18
5.85 8.05 1.56032e-18
5.85 8.1 4.56118e-19
5.85 8.15 1.30694e-19
5.85 8.2 3.67072e-20
5.85 8.25 1.01056e-20
5.85 8.3 2.72705e-21
5.85 8.35 7.21337e-22
5.85 8.4 1.87026e-22
5.85 8.45 4.75314e-23
5.85 8.5 1.18407e-23
5.85 8.55 2.89129e-24
5.85 8.6 6.92026e-25
5.85 8.65 1.62357e-25
5.85 8.7 3.73368e-26
5.85 8.75 8.41629e-27
5.85 8.8 1.85961e-27
5.85 8.85 4.02756e-28
5.85 8.9 8.55026e-29
5.85 8.95 1.77924e-29
5.85 9 3.62918e-30
5.85 9.05 7.25605e-31
5.85 9.1 1.42204e-31
5.85 9.15 2.73174e-32
5.85 9.2 5.14384e-33
5.85 9.25 9.49411e-34
5.85 9.3 1.71767e-34
5.85 9.35 3.04611e-35
5.85 9.4 5.29504e-36
5.85 9.45 9.02221e-37
5.85 9.5 1.50687e-37
5.85 9.55 2.46695e-38
5.85 9.6 3.95879e-39
5.85 9.65 6.2271e-40
5.85 9.7 9.60129e-41
5.85 9.75 1.45109e-41
5.85 9.8 2.1497e-42
5.85 9.85 3.12165e-43
5.85 9.9 4.44335e-44
5.85 9.95 6.15956e-45
5.85 10 0
5.9 0 0
5.9 0.05 4.34078e-45
5.9 0.1 3.1314e-44
5.9 0.15 2.19994e-43
5.9 0.2 1.51497e-42
5.9 0.25 1.02263e-41
5.9 0.3 6.76636e-41
5.9 0.35 4.38845e-40
5.9 0.4 2.78989e-39
5.9 0.45 1.73854e-38
5.9 0.5 1.06194e-37
5.9 0.55 6.35822e-37
5.9 0.6 3.73157e-36
5.9 0.65 2.14668e-35
5.9 0.7 1.21049e-34
5.9 0.75 6.69075e-34
5.9 0.8 3.62499e-33
5.9 0.85 1.92512e-32
5.9 0.9 1.00214e-31
5.9 0.95 5.1135e-31
5.9 1 2.55756e-30
5.9 1.05 1.25387e-29
5.9 1.1 6.02553e-29
5.9 1.15 2.8383e-28
5.9 1.2 1.3105e-27
5.9 1.25 5.93111e-27
5.9 1.3 2.63119e-26
5.9 1.35 1.14416e-25
5.9 1.4 4.87681e-25
5.9 1.45 2.03753e-24
5.9 1.5 8.3443e-24
5.9 1.55 3.3496e-23
5.9 1.6 1.31799e-22
5.9 1.65 5.08335e-22
5.9 1.7 1.92178e-21
5.9 1.75 7.12154e-21
5.9 1.8 2.58679e-20
5.9 1.85 9.21012e-20
5.9 1.9 3.2143e-19
5.9 1.95 1.09957e-18
5.9 2 3.68703e-18
5.9 2.05 1.21184e-17
5.9 2.1 3.9042e-17
5.9 2.15 1.23292e-16
5.9 2.2 3.81638e-16
5.9 2.25 1.15794e-15
5.9 2.3 3.44378e-15
5.9 2.35 1.00392e-14
5.9 2.4 2.86868e-14
5.9 2.45 8.03488e-14
5.9 2.5 2.20593e-13
5.9 2.55 5.93636e-13
5.9 2.6 1.5659e-12
5.9 2.65 4.04877e-12
5.9 2.7 1.02612e-11
5.9 2.75 2.54911e-11
5.9 2.8 6.20716e-11
5.9 2.85 1.48154e-10
5.9 2.9 3.46616e-10
5.9 2.95 7.94877e-10
5.9 3 1.78676e-09
5.9 3.05 3.93683e-09
5.9 3.1 8.50241e-09
5.9 3.15 1.79992e-08
5.9 3.2 3.73489e-08
5.9 3.25 7.59659e-08
5.9 3.3 1.51452e-07
5.9 3.35 2.95967e-07
5.9 3.4 5.66928e-07
5.9 3.45 1.06446e-06
5.9 3.5 1.95903e-06
5.9 3.55 3.53403e-06
5.9 3.6 6.24904e-06
5.9 3.65 1.08311e-05
5.9 3.7 1.84011e-05
5.9 3.75 3.06429e-05
5.9 3.8 5.00186e-05
5.9 3.85 8.00289e-05
5.9 3.9 0.00012551
5.9 3.95 0.00019294
5.9 4 0.000290723
5.9 4.05 0.000429391
5.9 4.1 0.000621642
5.9 4.15 0.00088215
5.9 4.2 0.00122704
5.9 4.25 0.00167297
5.9 4.3 0.0022358
5.9 4.35 0.00292882
5.9 4.4 0.00376067
5.9 4.45 0.00473317
5.9 4.5 0.00583921
5.9 4.55 0.00706105
5.9 4.6 0.00836949
5.9 4.65 0.00972396
5.9 4.7 0.0110739
5.9 4.75 0.0123616
5.9 4.8 0.0135257
5.9 4.85 0.0145064
5.9 4.9 0.0152502
5.9 4.95 0.0157146
5.9 5 0.0158726
5.9 5.05 0.0157146
5.9 5.1 0.0152502
5.9 5.15 0.0145064
5.9 5.2 0.0135257
5.9 5.25 0.0123616
5.9 5.3 0.0110739
5.9 5.35 0.00972396
5.9 5.4 0.00836949
5.9 5.45 0.00706105
5.9 5.5 0.00583921
5.9 5.55 0.00473317
5.9 5.6 0.00376067
5.9 5.65 0.00292882
5.9 5.7 0.0022358
5.9 5.75 0.00167297
5.9 5.8 0.00122704
5.9 5.85 0.00088215
5.9 5.9 0.000621642
5.9 5.95 0.000429391
5.9 6 0.000290723
5.9 6.05 0.00019294
5.9 6.1 0.00012551
5.9 6.15 8.00289e-05
5.9 6.2 5.00186e-05
5.9 6.25 3.06429e-05
5.9 6.3 1.84011e-05
5.9 6.35 1.08311e-05
5.9 6.4 6.24904e-06
5.9 6.45 3.53403e-06
5.9 6.5 1.95903e-06
5.9 6.55 1.06446e-06
5.9 6.6 5.66928e-07
5.9 6.65 2.95967e-07
5.9 6.7 1.51452e-07
5.9 6.75 7.59659e-08
5.9 6.8 3.73489e-08
5.9 6.85 1.79992e-08
5.9 6.9 8.50241e-09
5.9 6.95 3.93683e-09
5.9 7 1.78676e-09
5.9 7.05 7.94877e-10
5.9 7.1 3.46616e-10
5.9 7.15 1.48154e-10
5.9 7.2 6.20716e-11
5.9 7.25 2.54911e-11
5.9 7.3 1.02612e-11
5.9 7.35 4.04877e-12
5.9 7.4 1.5659e-12
5.9 7.45 5.93636e-13
5.9 7.5 2.20593e-13
5.9 7.55 8.03488e-14
5.9 7.6 2.86868e-14
5.9 7.65 1.00392e-14
5.9 7.7 3.44378e-15
5.9 7.75 1.15794e-15
5.9 7.8 3.81638e-16
5.9 7.85 1.23292e-16
5.9 7.9 3.9042e-17
5.9 7.95 1.21184e-17
5.9 8 3.68703e-18
5.9 8.05 1.09957e-18
5.9 8.1 3.2143e-19
5.9 8.15 9.21012e-20
5.9 8.2 2.58679e-20
5.9 8.25 7.12154e-21
5.9 8.3 1.92178e-21
5.9 8.35 5.08335e-22
5.9 8.4 1.31799e-22
5.9 8.45 3.3496e-23
5.9 8.5 8.3443e-24
5.9 8.55 2.03753e-24
5.9 8.6 4.87681e-25
5.9 8.65 1.14416e-25
5.9 8.7 2.63119e-26
5.9 8.75 5.93111e-27
5.9 8.8 1.3105e-27
5.9 8.85 2.8383e-28
5.9 8.9 6.02553e-29
5.9 8.95 1.25387e-29
5.9 9 2.55756e-30
5.9 9.05 5.1135e-31
5.9 9.1 1.00214e-31
5.9 9.15 1.92512e-32
5.9 9.2 3.62499e-33
5.9 9.25 6.69075e-34
5.9 9.3 1.21049e-34
5.9 9.35 2.14668e-35
5.9 9.4 3.73157e-36
5.9 9.45 6.35822e-37
5.9 9.5 1.06194e-37
5.9 9.55 1.73854e-38
5.9 9.6 2.78989e-39
5.9 9.65 4.38845e-40
5.9 9.7 6.76636e-41
5.9 9.75 1.02263e-41
5.9 9.8 1.51497e-42
5.9 9.85 2.19994e-43
5.9 9.9 3.1314e-44
5.9 9.95 4.34078e-45
5.9 10 0
5.95 0 0
5.95 0.05 2.99848e-45
5.95 0.1 2.16313e-44
5.95 0.15 1.51969e-43
5.95 0.2 1.04652e-42
5.95 0.25 7.06419e-42
5.95 0.3 4.67409e-41
5.95 0.35 3.03146e-40
5.95 0.4 1.9272e-39
5.95 0.45 1.20095e-38
5.95 0.5 7.33565e-38
5.95 0.55 4.39212e-37
5.95 0.6 2.57768e-36
5.95 0.65 1.48287e-35
5.95 0.7 8.36175e-35
5.95 0.75 4.62179e-34
5.95 0.8 2.50405e-33
5.95 0.85 1.32982e-32
5.95 0.9 6.92251e-32
5.95 0.95 3.53225e-31
5.95 1 1.76668e-30
5.95 1.05 8.66132e-30
5.95 1.1 4.16224e-29
5.95 1.15 1.9606e-28
5.95 1.2 9.0525e-28
5.95 1.25 4.097e-27
5.95 1.3 1.81753e-26
5.95 1.35 7.90341e-26
5.95 1.4 3.36872e-25
5.95 1.45 1.40745e-24
5.95 1.5 5.76392e-24
5.95 1.55 2.31377e-23
5.95 1.6 9.10415e-23
5.95 1.65 3.51137e-22
5.95 1.7 1.32748e-21
5.95 1.75 4.91926e-21
5.95 1.8 1.78684e-20
5.95 1.85 6.36195e-20
5.95 1.9 2.22029e-19
5.95 1.95 7.59533e-19
5.95 2 2.54683e-18
5.95 2.05 8.37084e-18
5.95 2.1 2.69683e-17
5.95 2.15 8.51639e-17
5.95 2.2 2.63617e-16
5.95 2.25 7.99847e-16
5.95 2.3 2.37879e-15
5.95 2.35 6.9346e-15
5.95 2.4 1.98154e-14
5.95 2.45 5.55008e-14
5.95 2.5 1.52374e-13
5.95 2.55 4.10053e-13
5.95 2.6 1.08164e-12
5.95 2.65 2.79668e-12
5.95 2.7 7.08788e-12
5.95 2.75 1.76078e-11
5.95 2.8 4.28757e-11
5.95 2.85 1.02337e-10
5.95 2.9 2.39423e-10
5.95 2.95 5.49056e-10
5.95 3 1.23419e-09
5.95 3.05 2.71933e-09
5.95 3.1 5.87297e-09
5.95 3.15 1.24328e-08
5.95 3.2 2.57985e-08
5.95 3.25 5.24728e-08
5.95 3.3 1.04614e-07
5.95 3.35 2.04437e-07
5.95 3.4 3.916e-07
5.95 3.45 7.35262e-07
5.95 3.5 1.35318e-06
5.95 3.55 2.44109e-06
5.95 3.6 4.31646e-06
5.95 3.65 7.48143e-06
5.95 3.7 1.27103e-05
5.95 3.75 2.11662e-05
5.95 3.8 3.45497e-05
5.95 3.85 5.5279e-05
5.95 3.9 8.66942e-05
5.95 3.95 0.000133271
5.95 4 0.000200813
5.95 4.05 0.000296596
5.95 4.1 0.000429391
5.95 4.15 0.000609333
5.95 4.2 0.000847561
5.95 4.25 0.00115558
5.95 4.3 0.00154435
5.95 4.35 0.00202304
5.95 4.4 0.00259763
5.95 4.45 0.00326937
5.95 4.5 0.00403335
5.95 4.55 0.00487732
5.95 4.6 0.00578111
5.95 4.65 0.00671668
5.95 4.7 0.00764914
5.95 4.75 0.00853857
5.95 4.8 0.00934268
5.95 4.85 0.0100201
5.95 4.9 0.0105338
5.95 4.95 0.0108546
5.95 5 0.0109637
5.95 5.05 0.0108546
5.95 5.1 0.0105338
5.95 5.15 0.0100201
5.95 5.2 0.00934268
5.95 5.25 0.00853857
5.95 5.3 0.00764914
5.95 5.35 0.00671668
5.95 5.4 0.00578111
5.95 5.45 0.00487732
5.95 5.5 0.00403335
5.95 5.55 0.00326937
5.95 5.6 0.00259763
5.95 5.65 0.00202304
5.95 5.7 0.00154435
5.95 5.75 0.00115558
5.95 5.8 0.000847561
5.95 5.85 0.000609333
5.95 5.9 0.000429391
5.95 5.95 0.000296596
5.95 6 0.000200813
5.95 6.05 0.000133271
5.95 6.1 8.66942e-05
5.95 6.15 5.5279e-05
5.95 6.2 3.45497e-05
5.95 6.25 2.11662e-05
5.95 6.3 1.27103e-05
5.95 6.35 7.48143e-06
5.95 6.4 4.31646e-06
5.95 6.45 2.44109e-06
5.95 6.5 1.35318e-06
5.95 6.55 7.35262e-07
5.95 6.6 3.916e-07
5.95 6.65 2.04437e-07
5.95 6.7 1.04614e-07
5.95 6.75 5.24728e-08
5.95 6.8 2.57985e-08
5.95 6.85 1.24328e-08
5.95 6.9 5.87297e-09
5.95 6.95 2.71933e-09
5.95 7 1.23419e-09
5.95 7.05 5.49056e-10
5.95 7.1 2.39423e-10
5.95 7.15 1.02337e-10
5.95 7.2 4.28757e-11
5.95 7.25 1.76078e-11
5.95 7.3 7.08788e-12
5.95 7.35 2.79668e-12
5.95 7.4 1.08164e-12
5.95 7.45 4.10053e-13
5.95 7.5 1.52374e-13
5.95 7.55 5.55008e-14
5.95 7.6 1.98154e-14
5.95 7.65 6.9346e-15
5.95 7.7 2.37879e-15
5.95 7.75 7.99847e-16
5.95 7.8 2.63617e-16
5.95 7.85 8.51639e-17
5.95 7.9 2.69683e-17
5.95 7.95 8.37084e-18
5.95 8 2.54683e-18
5.95 8.05 7.59533e-19
5.95 8.1 2.22029e-19
5.95 8.15 6.36195e-20
5.95 8.2 1.78684e-20
5.95 8.25 4.91926e-21
5.95 8.3 1.32748e-21
5.95 8.35 3.51137e-22
5.95 8.4 9.10415e-23
5.95 8.45 2.31377e-23
5.95 8.5 5.76392e-24
5.95 8.55 1.40745e-24
5.95 8.6 3.36872e-25
5.95 8.65 7.90341e-26
5.95 8.7 1.81753e-26
5.95 8.75 4.097e-27
5.95 8.8 9.0525e-28
5.95 8.85 1.9606e-28
5.95 8.9 4.16224e-29
5.95 8.95 8.66132e-30
5.95 9 1.76668e-30
5.95 9.05 3.53225e-31
5.95 9.1 6.92251e-32
5.95 9.15 1.32982e-32
5.95 9.2 2.50405e-33
5.95 9.25 4.62179e-34
5.95 9.3 8.36175e-35
5.95 9.35 1.48287e-35
5.95 9.4 2.57768e-36
5.95 9.45 4.39212e-37
5.95 9.5 7.33565e-38
5.95 9.55 1.20095e-38
5.95 9.6 1.9272e-39
5.95 9.65 3.03146e-40
5.95 9.7 4.67409e-41
5.95 9.75 7.06419e-42
5.95 9.8 1.04652e-42
5.95 9.85 1.51969e-43
5.95 9.9 2.16313e-44
5.95 9.95 2.99848e-45
5.95 10 0
6 0 0
6 0.05 2.03025e-45
6 0.1 1.46468e-44
6 0.15 1.029e-43
6 0.2 7.0861e-43
6 0.25 4.78322e-42
6 0.3 3.16486e-41
6 0.35 2.05262e-40
6 0.4 1.30492e-39
6 0.45 8.13165e-39
6 0.5 4.96699e-38
6 0.55 2.97391e-37
6 0.6 1.74535e-36
6 0.65 1.00405e-35
6 0.7 5.66174e-35
6 0.75 3.12941e-34
6 0.8 1.69548e-33
6 0.85 9.00417e-33
6 0.9 4.68719e-32
6 0.95 2.39167e-31
6 1 1.19621e-30
6 1.05 5.86451e-30
6 1.1 2.81822e-29
6 1.15 1.3275e-28
6 1.2 6.12936e-28
6 1.25 2.77403e-27
6 1.3 1.23063e-26
6 1.35 5.35129e-26
6 1.4 2.28091e-25
6 1.45 9.52963e-25
6 1.5 3.90266e-24
6 1.55 1.56662e-23
6 1.6 6.16427e-23
6 1.65 2.37748e-22
6 1.7 8.98815e-22
6 1.75 3.33074e-21
6 1.8 1.20984e-20
6 1.85 4.30754e-20
6 1.9 1.50331e-19
6 1.95 5.14263e-19
6 2 1.7244e-18
6 2.05 5.6677e-18
6 2.1 1.82596e-17
6 2.15 5.76624e-17
6 2.2 1.78488e-16
6 2.25 5.41556e-16
6 2.3 1.61062e-15
6 2.35 4.69523e-15
6 2.4 1.34165e-14
6 2.45 3.7578e-14
6 2.5 1.03168e-13
6 2.55 2.77635e-13
6 2.6 7.32347e-13
6 2.65 1.89354e-12
6 2.7 4.79898e-12
6 2.75 1.19217e-11
6 2.8 2.90297e-11
6 2.85 6.92888e-11
6 2.9 1.62106e-10
6 2.95 3.71748e-10
6 3 8.35629e-10
6 3.05 1.84117e-09
6 3.1 3.97639e-09
6 3.15 8.41781e-09
6 3.2 1.74672e-08
6 3.25 3.55274e-08
6 3.3 7.08302e-08
6 3.35 1.38417e-07
6 3.4 2.65138e-07
6 3.45 4.97819e-07
6 3.5 9.16188e-07
6 3.55 1.65277e-06
6 3.6 2.92251e-06
6 3.65 5.06539e-06
6 3.7 8.60568e-06
6 3.75 1.43308e-05
6 3.8 2.33923e-05
6 3.85 3.74272e-05
6 3.9 5.86972e-05
6 3.95 9.02322e-05
6 4 0.000135963
6 4.05 0.000200813
6 4.1 0.000290723
6 4.15 0.000412555
6 4.2 0.000573849
6 4.25 0.000782398
6 4.3 0.00104562
6 4.35 0.00136972
6 4.4 0.00175875
6 4.45 0.00221356
6 4.5 0.00273081
6 4.55 0.00330223
6 4.6 0.00391414
6 4.65 0.00454758
6 4.7 0.00517891
6 4.75 0.00578111
6 4.8 0.00632553
6 4.85 0.00678419
6 4.9 0.00713202
6 4.95 0.00734922
6 5 0.00742308
6 5.05 0.00734922
6 5.1 0.00713202
6 5.15 0.00678419
6 5.2 0.00632553
6 5.25 0.00578111
6 5.3 0.00517891
6 5.35 0.00454758
6 5.4 0.00391414
6 5.45 0.00330223
6 5.5 0.00273081
6 5.55 0.00221356
6 5.6 0.00175875
6 5.65 0.00136972
6 5.7 0.00104562
6 5.75 0.000782398
6 5.8 0.000573849
6 5.85 0.000412555
6 5.9 0.000290723
6 5.95 0.000200813
6 6 0.000135963
6 6.05 9.02322e-05
6 6.1 5.86972e-05
6 6.15 3.74272e-05
6 6.2 2.33923e-05
6 6.25 1.43308e-05
6 6.3 8.60568e-06
6 6.35 5.06539e-06
6 6.4 2.92251e-06
6 6.45 1.65277e-06
6 6.5 9.16188e-07
6 6.55 4.97819e-07
6 6.6 2.65138e-07
6 6.65 1.38417e-07
6 6.7 7.08302e-08
6 6.75 3.55274e-08
6 6.8 1.74672e-08
6 6.85 8.41781e-09
6 6.9 3.97639e-09
6 6.95 1.84117e-09
6 7 8.35629e-10
6 7.05 3.71748e-10
6 7.1 1.62106e-10
6 7.15 6.92888e-11
6 7.2 2.90297e-11
6 7.25 1.19217e-11
6 7.3 4.79898e-12
6 7.35 1.89354e-12
6 7.4 7.32347e-13
6 7.45 2.77635e-13
6 7.5 1.03168e-13
6 7.55 3.7578e-14
6 7.6 1.34165e-14
6 7.65 4.69523e-15
6 7.7 1.61062e-15
6 7.75 5.41556e-16
6 7.8 1.78488e-16
6 7.85 5.76624e-17
6 7.9 1.82596e-17
6 7.95 5.6677e-18
6 8 1.7244e-18
6 8.05 5.14263e-19
6 8.1 1.50331e-19
6 8.15 4.30754e-20
6 8.2 1.20984e-20
6 8.25 3.33074e-21
6 8.3 8.98815e-22
6 8.35 2.37748e-22
6 8.4 6.16427e-23
6 8.45 1.56662e-23
6 8.5 3.90266e-24
6 8.55 9.52963e-25
6 8.6 2.28091e-25
6 8.65 5.35129e-26
6 8.7 1.23063e-26
6 8.75 2.77403e-27
6 8.8 6.12936e-28
6 8.85 1.3275e-28
6 8.9 2.81822e-29
6 8.95 5.86451e-30
6 9 1.19621e-30
6 9.05 2.39167e-31
6 9.1 4.68719e-32
6 9.15 9.00417e-33
6 9.2 1.69548e-33
6 9.25 3.12941e-34
6 9.3 5.66174e-35
6 9.35 1.00405e-35
6 9.4 1.74535e-36
6 9.45 2.97391e-37
6 9.5 4.96699e-38
6 9.55 8.13165e-39
6 9.6 1.30492e-39
6 9.65 2.05262e-40
6 9.7 3.16486e-41
6 9.75 4.78322e-42
6 9.8 7.0861e-43
6 9.85 1.029e-43
6 9.9 1.46468e-44
6 9.95 2.03025e-45
6 10 0
6.05 0 0
6.05 0.05 1.34746e-45
6.05 0.1 9.7212e-45
6.05 0.15 6.82953e-44
6.05 0.2 4.70308e-43
6.05 0.25 3.17464e-42
6.05 0.3 2.10053e-41
6.05 0.35 1.36233e-40
6.05 0.4 8.66075e-40
6.05 0.45 5.39697e-39
6.05 0.5 3.29658e-38
6.05 0.55 1.97378e-37
6.05 0.6 1.15838e-36
6.05 0.65 6.66384e-36
6.05 0.7 3.75766e-35
6.05 0.75 2.07696e-34
6.05 0.8 1.12528e-33
6.05 0.85 5.97599e-33
6.05 0.9 3.11084e-32
6.05 0.95 1.58732e-31
6.05 1 7.9391e-31
6.05 1.05 3.8922e-30
6.05 1.1 1.87041e-29
6.05 1.15 8.81045e-29
6.05 1.2 4.06796e-28
6.05 1.25 1.84108e-27
6.05 1.3 8.16746e-27
6.05 1.35 3.55156e-26
6.05 1.4 1.5138e-25
6.05 1.45 6.32462e-25
6.05 1.5 2.59011e-24
6.05 1.55 1.03973e-23
6.05 1.6 4.09109e-23
6.05 1.65 1.57788e-22
6.05 1.7 5.96522e-22
6.05 1.75 2.21053e-21
6.05 1.8 8.02937e-21
6.05 1.85 2.8588e-20
6.05 1.9 9.97708e-20
6.05 1.95 3.41302e-19
6.05 2 1.14443e-18
6.05 2.05 3.76149e-18
6.05 2.1 1.21184e-17
6.05 2.15 3.82688e-17
6.05 2.2 1.18457e-16
6.05 2.25 3.59413e-16
6.05 2.3 1.06891e-15
6.05 2.35 3.11607e-15
6.05 2.4 8.90405e-15
6.05 2.45 2.49393e-14
6.05 2.5 6.84692e-14
6.05 2.55 1.84256e-13
6.05 2.6 4.86032e-13
6.05 2.65 1.25668e-12
6.05 2.7 3.18491e-12
6.05 2.75 7.912e-12
6.05 2.8 1.92659e-11
6.05 2.85 4.59843e-11
6.05 2.9 1.07583e-10
6.05 2.95 2.46714e-10
6.05 3 5.54574e-10
6.05 3.05 1.22191e-09
6.05 3.1 2.63897e-09
6.05 3.15 5.58655e-09
6.05 3.2 1.15923e-08
6.05 3.25 2.35781e-08
6.05 3.3 4.7007e-08
6.05 3.35 9.18612e-08
6.05 3.4 1.75961e-07
6.05 3.45 3.30381e-07
6.05 3.5 6.08034e-07
6.05 3.55 1.09687e-06
6.05 3.6 1.93954e-06
6.05 3.65 3.36168e-06
6.05 3.7 5.7112e-06
6.05 3.75 9.51073e-06
6.05 3.8 1.55244e-05
6.05 3.85 2.48387e-05
6.05 3.9 3.89546e-05
6.05 3.95 5.98829e-05
6.05 4 9.02322e-05
6.05 4.05 0.000133271
6.05 4.1 0.00019294
6.05 4.15 0.000273793
6.05 4.2 0.000380836
6.05 4.25 0.00051924
6.05 4.3 0.000693925
6.05 4.35 0.000909015
6.05 4.4 0.0011672
6.05 4.45 0.00146903
6.05 4.5 0.00181231
6.05 4.55 0.00219153
6.05 4.6 0.00259763
6.05 4.65 0.00301801
6.05 4.7 0.00343699
6.05 4.75 0.00383664
6.05 4.8 0.00419795
6.05 4.85 0.00450233
6.05 4.9 0.00473317
6.05 4.95 0.00487732
6.05 5 0.00492634
6.05 5.05 0.00487732
6.05 5.1 0.00473317
6.05 5.15 0.00450233
6.05 5.2 0.00419795
6.05 5.25 0.00383664
6.05 5.3 0.00343699
6.05 5.35 0.00301801
6.05 5.4 0.00259763
6.05 5.45 0.00219153
6.05 5.5 0.00181231
6.05 5.55 0.00146903
6.05 5.6 0.0011672
6.05 5.65 0.000909015
6.05 5.7 0.000693925
6.05 5.75 0.00051924
6.05 5.8 0.000380836
6.05 5.85 0.000273793
6.05 5.9 0.00019294
6.05 5.95 0.000133271
6.05 6 9.02322e-05
6.05 6.05 5.98829e-05
6.05 6.1 3.89546e-05
6.05 6.15 2.48387e-05
6.05 6.2 1.55244e-05
6.05 6.25 9.51073e-06
6.05 6.3 5.7112e-06
6.05 6.35 3.36168e-06
6.05 6.4 1.93954e-06
6.05 6.45 1.09687e-06
6.05 6.5 6.08034e-07
6.05 6.55 3.30381e-07
6.05 6.6 1.75961e-07
6.05 6.65 9.18612e-08
6.05 6.7 4.7007e-08
6.05 6.75 2.35781e-08
6.05 6.8 1.15923e-08
6.05 6.85 5.58655e-09
6.05 6.9 2.63897e-09
6.05 6.95 1.22191e-09
6.05 7 5.54574e-10
6.05 7.05 2.46714e-10
6.05 7.1 1.07583e-10
6.05 7.15 4.59843e-11
6.05 7.2 1.92659e-11
6.05 7.25 7.912e-12
6.05 7.3 3.18491e-12
6.05 7.35 1.25668e-12
6.05 7.4 4.86032e-13
6.05 7.45 1.84256e-13
6.05 7.5 6.84692e-14
6.05 7.55 2.49393e-14
6.05 7.6 8.90405e-15
6.05 7.65 3.11607e-15
6.05 7.7 1.06891e-15
6.05 7.75 3.59413e-16
6.05 7.8 1.18457e-16
6.05 7.85 3.82688e-17
6.05 7.9 1.21184e-17
6.05 7.95 3.76149e-18
6.05 8 1.14443e-18
6.05 8.05 3.41302e-19
6.05 8.1 9.97708e-20
6.05 8.15 2.8588e-20
6.05 8.2 8.02937e-21
6.05 8.25 2.21053e-21
6.05 8.3 5.96522e-22
6.05 8.35 1.57788e-22
6.05 8.4 4.09109e-23
6.05 8.45 1.03973e-23
6.05 8.5 2.59011e-24
6.05 8.55 6.32462e-25
6.05 8.6 1.5138e-25
6.05 8.65 3.55156e-26
6.05 8.7 8.16746e-27
6.05 8.75 1.84108e-27
6.05 8.8 4.06796e-28
6.05 8.85 8.81045e-29
6.05 8.9 1.87041e-29
6.05 8.95 3.8922e-30
6.05 9 7.9391e-31
6.05 9.05 1.58732e-31
6.05 9.1 3.11084e-32
6.05 9.15 5.97599e-33
6.05 9.2 1.12528e-33
6.05 9.25 2.07696e-34
6.05 9.3 3.75766e-35
6.05 9.35 6.66384e-36
6.05 9.4 1.15838e-36
6.05 9.45 1.97378e-37
6.05 9.5 3.29658e-38
6.05 9.55 5.39697e-39
6.05 9.6 8.66075e-40
6.05 9.65 1.36233e-40
6.05 9.7 2.10053e-41
6.05 9.75 3.17464e-42
6.05 9.8 4.70308e-43
6.05 9.85 6.82953e-44
6.05 9.9 9.7212e-45
6.05 9.95 1.34746e-45
6.05 10 0
6.1 0 0
6.1 0.05 8.76586e-46
6.1 0.1 6.3243e-45
6.1 0.15 4.44306e-44
6.1 0.2 3.05966e-43
6.1 0.25 2.06531e-42
6.1 0.3 1.36652e-41
6.1 0.35 8.86279e-41
6.1 0.4 5.63435e-40
6.1 0.45 3.51105e-39
6.1 0.5 2.14462e-38
6.1 0.55 1.28405e-37
6.1 0.6 7.53592e-37
6.1 0.65 4.3352e-36
6.1 0.7 2.44456e-35
6.1 0.75 1.35118e-34
6.1 0.8 7.32052e-34
6.1 0.85 3.88768e-33
6.1 0.9 2.02376e-32
6.1 0.95 1.03263e-31
6.1 1 5.16476e-31
6.1 1.05 2.53206e-30
6.1 1.1 1.21679e-29
6.1 1.15 5.73159e-29
6.1 1.2 2.64639e-28
6.1 1.25 1.1977e-27
6.1 1.3 5.31328e-27
6.1 1.35 2.31043e-26
6.1 1.4 9.84787e-26
6.1 1.45 4.11442e-25
6.1 1.5 1.68497e-24
6.1 1.55 6.76383e-24
6.1 1.6 2.6614e-23
6.1 1.65 1.02647e-22
6.1 1.7 3.88059e-22
6.1 1.75 1.43802e-21
6.1 1.8 5.22338e-21
6.1 1.85 1.85975e-20
6.1 1.9 6.49042e-20
6.1 1.95 2.22028e-19
6.1 2 7.44491e-19
6.1 2.05 2.44696e-18
6.1 2.1 7.88336e-18
6.1 2.15 2.4895e-17
6.1 2.2 7.70598e-17
6.1 2.25 2.33808e-16
6.1 2.3 6.95358e-16
6.1 2.35 2.02709e-15
6.1 2.4 5.79232e-15
6.1 2.45 1.62236e-14
6.1 2.5 4.45409e-14
6.1 2.55 1.19863e-13
6.1 2.6 3.16176e-13
6.1 2.65 8.17497e-13
6.1 2.7 2.07186e-12
6.1 2.75 5.14693e-12
6.1 2.8 1.25329e-11
6.1 2.85 2.99138e-11
6.1 2.9 6.99851e-11
6.1 2.95 1.60493e-10
6.1 3 3.60761e-10
6.1 3.05 7.94876e-10
6.1 3.1 1.7167e-09
6.1 3.15 3.63415e-09
6.1 3.2 7.54098e-09
6.1 3.25 1.53379e-08
6.1 3.3 3.05789e-08
6.1 3.35 5.97572e-08
6.1 3.4 1.14465e-07
6.1 3.45 2.14918e-07
6.1 3.5 3.95536e-07
6.1 3.55 7.13532e-07
6.1 3.6 1.2617e-06
6.1 3.65 2.18682e-06
6.1 3.7 3.71522e-06
6.1 3.75 6.18686e-06
6.1 3.8 1.00988e-05
6.1 3.85 1.61579e-05
6.1 3.9 2.53405e-05
6.1 3.95 3.89546e-05
6.1 4 5.86972e-05
6.1 4.05 8.66942e-05
6.1 4.1 0.00012551
6.1 4.15 0.000178106
6.1 4.2 0.000247739
6.1 4.25 0.000337772
6.1 4.3 0.000451406
6.1 4.35 0.000591325
6.1 4.4 0.000759275
6.1 4.45 0.000955621
6.1 4.5 0.00117893
6.1 4.55 0.00142561
6.1 4.6 0.00168979
6.1 4.65 0.00196325
6.1 4.7 0.0022358
6.1 4.75 0.00249578
6.1 4.8 0.00273081
6.1 4.85 0.00292882
6.1 4.9 0.00307898
6.1 4.95 0.00317275
6.1 5 0.00320463
6.1 5.05 0.00317275
6.1 5.1 0.00307898
6.1 5.15 0.00292882
6.1 5.2 0.00273081
6.1 5.25 0.00249578
6.1 5.3 0.0022358
6.1 5.35 0.00196325
6.1 5.4 0.00168979
6.1 5.45 0.00142561
6.1 5.5 0.00117893
6.1 5.55 0.000955621
6.1 5.6 0.000759275
6.1 5.65 0.000591325
6.1 5.7 0.000451406
6.1 5.75 0.000337772
6.1 5.8 0.000247739
6.1 5.85 0.000178106
6.1 5.9 0.00012551
6.1 5.95 8.66942e-05
6.1 6 5.86972e-05
6.1 6.05 3.89546e-05
6.1 6.1 2.53405e-05
6.1 6.15 1.61579e-05
6.1 6.2 1.00988e-05
6.1 6.25 6.18686e-06
6.1 6.3 3.71522e-06
6.1 6.35 2.18682e-06
6.1 6.4 1.2617e-06
6.1 6.45 7.13532e-07
6.1 6.5 3.95536e-07
6.1 6.55 2.14918e-07
6.1 6.6 1.14465e-07
6.1 6.65 5.97572e-08
6.1 6.7 3.05789e-08
6.1 6.75 1.53379e-08
6.1 6.8 7.54098e-09
6.1 6.85 3.63415e-09
6.1 6.9 1.7167e-09
6.1 6.95 7.94876e-10
6.1 7 3.60761e-10
6.1 7.05 1.60493e-10
6.1 7.1 6.99851e-11
6.1 7.15 2.99138e-11
6.1 7.2 1.25329e-11
6.1 7.25 5.14693e-12
6.1 7.3 2.07186e-12
6.1 7.35 8.17497e-13
6.1 7.4 3.16176e-13
6.1 7.45 1.19863e-13
6.1 7.5 4.45409e-14
6.1 7.55 1.62236e-14
6.1 7.6 5.79232e-15
6.1 7.65 2.02709e-15
6.1 7.7 6.95358e-16
6.1 7.75 2.33808e-16
6.1 7.8 7.70598e-17
6.1 7.85 2.4895e-17
6.1 7.9 7.88336e-18
6.1 7.95 2.44696e-18
6.1 8 7.44491e-19
6.1 8.05 2.22028e-19
6.1 8.1 6.49042e-20
6.1 8.15 1.85975e-20
6.1 8.2 5.22338e-21
6.1 8.25 1.43802e-21
6.1 8.3 3.88059e-22
6.1 8.35 1.02647e-22
6.1 8.4 2.6614e-23
6.1 8.45 6.76383e-24
6.1 8.5 1.68497e-24
6.1 8.55 4.11442e-25
6.1 8.6 9.84787e-26
6.1 8.65 2.31043e-26
6.1 8.7 5.31328e-27
6.1 8.75 1.1977e-27
6.1 8.8 2.64639e-28
6.1 8.85 5.73159e-29
6.1 8.9 1.21679e-29
6.1 8.95 2.53206e-30
6.1 9 5.16476e-31
6.1 9.05 1.03263e-31
6.1 9.1 2.02376e-32
6.1 9.15 3.88768e-33
6.1 9.2 7.32052e-34
6.1 9.25 1.35118e-34
6.1 9.3 2.44456e-35
6.1 9.35 4.3352e-36
6.1 9.4 7.53592e-37
6.1 9.45 1.28405e-37
6.1 9.5 2.14462e-38
6.1 9.55 3.51105e-39
6.1 9.6 5.63435e-40
6.1 9.65 8.86279e-41
6.1 9.7 1.36652e-41
6.1 9.75 2.06531e-42
6.1 9.8 3.05966e-43
6.1 9.85 4.44306e-44
6.1 9.9 6.3243e-45
6.1 9.95 8.76586e-46
6.1 10 0
6.15 0 0
6.15 0.05 5.58972e-46
6.15 0.1 4.03294e-45
6.15 0.15 2.83329e-44
6.15 0.2 1.9511e-43
6.15 0.25 1.31702e-42
6.15 0.3 8.71411e-42
6.15 0.35 5.65165e-41
6.15 0.4 3.59292e-40
6.15 0.45 2.23893e-39
6.15 0.5 1.36758e-38
6.15 0.55 8.18814e-38
6.15 0.6 4.80548e-37
6.15 0.65 2.76445e-36
6.15 0.7 1.55883e-35
6.15 0.75 8.61609e-35
6.15 0.8 4.66809e-34
6.15 0.85 2.47907e-33
6.15 0.9 1.29049e-32
6.15 0.95 6.58477e-32
6.15 1 3.29341e-31
6.15 1.05 1.61461e-30
6.15 1.1 7.75906e-30
6.15 1.15 3.65484e-29
6.15 1.2 1.68751e-28
6.15 1.25 7.63731e-28
6.15 1.3 3.38808e-27
6.15 1.35 1.47328e-26
6.15 1.4 6.2796e-26
6.15 1.45 2.6236e-25
6.15 1.5 1.07444e-24
6.15 1.55 4.31301e-24
6.15 1.6 1.69706e-23
6.15 1.65 6.54535e-23
6.15 1.7 2.47448e-22
6.15 1.75 9.16964e-22
6.15 1.8 3.33071e-21
6.15 1.85 1.18587e-20
6.15 1.9 4.13863e-20
6.15 1.95 1.41577e-19
6.15 2 4.74725e-19
6.15 2.05 1.56031e-18
6.15 2.1 5.02682e-18
6.15 2.15 1.58742e-17
6.15 2.2 4.9137e-17
6.15 2.25 1.49087e-16
6.15 2.3 4.43393e-16
6.15 2.35 1.29256e-15
6.15 2.4 3.69345e-15
6.15 2.45 1.03449e-14
6.15 2.5 2.84013e-14
6.15 2.55 7.64301e-14
6.15 2.6 2.01607e-13
6.15 2.65 5.21271e-13
6.15 2.7 1.3211e-12
6.15 2.75 3.2819e-12
6.15 2.8 7.9915e-12
6.15 2.85 1.90742e-11
6.15 2.9 4.46253e-11
6.15 2.95 1.02336e-10
6.15 3 2.30035e-10
6.15 3.05 5.06844e-10
6.15 3.1 1.09463e-09
6.15 3.15 2.31727e-09
6.15 3.2 4.80841e-09
6.15 3.25 9.78004e-09
6.15 3.3 1.94982e-08
6.15 3.35 3.81034e-08
6.15 3.4 7.29872e-08
6.15 3.45 1.37039e-07
6.15 3.5 2.52207e-07
6.15 3.55 4.54973e-07
6.15 3.6 8.04503e-07
6.15 3.65 1.39439e-06
6.15 3.7 2.36895e-06
6.15 3.75 3.94495e-06
6.15 3.8 6.43935e-06
6.15 3.85 1.03028e-05
6.15 3.9 1.61579e-05
6.15 3.95 2.48387e-05
6.15 4 3.74272e-05
6.15 4.05 5.5279e-05
6.15 4.1 8.00289e-05
6.15 4.15 0.000113566
6.15 4.2 0.000157966
6.15 4.25 0.000215374
6.15 4.3 0.000287831
6.15 4.35 0.000377047
6.15 4.4 0.000484137
6.15 4.45 0.000609333
6.15 4.5 0.00075172
6.15 4.55 0.000909015
6.15 4.6 0.00107746
6.15 4.65 0.00125183
6.15 4.7 0.00142561
6.15 4.75 0.00159138
6.15 4.8 0.00174125
6.15 4.85 0.0018675
6.15 4.9 0.00196325
6.15 4.95 0.00202304
6.15 5 0.00204337
6.15 5.05 0.00202304
6.15 5.1 0.00196325
6.15 5.15 0.0018675
6.15 5.2 0.00174125
6.15 5.25 0.00159138
6.15 5.3 0.00142561
6.15 5.35 0.00125183
6.15 5.4 0.00107746
6.15 5.45 0.000909015
6.15 5.5 0.00075172
6.15 5.55 0.000609333
6.15 5.6 0.000484137
6.15 5.65 0.000377047
6.15 5.7 0.000287831
6.15 5.75 0.000215374
6.15 5.8 0.000157966
6.15 5.85 0.000113566
6.15 5.9 8.00289e-05
6.15 5.95 5.5279e-05
6.15 6 3.74272e-05
6.15 6.05 2.48387e-05
6.15 6.1 1.61579e-05
6.15 6.15 1.03028e-05
6.15 6.2 6.43935e-06
6.15 6.25 3.94495e-06
6.15 6.3 2.36895e-06
6.15 6.35 1.39439e-06
6.15 6.4 8.04503e-07
6.15 6.45 4.54973e-07
6.15 6.5 2.52207e-07
6.15 6.55 1.37039e-07
6.15 6.6 7.29872e-08
6.15 6.65 3.81034e-08
6.15 6.7 1.94982e-08
6.15 6.75 9.78004e-09
6.15 6.8 4.80841e-09
6.15 6.85 2.31727e-09
6.15 6.9 1.09463e-09
6.15 6.95 5.06844e-10
6.15 7 2.30035e-10
6.15 7.05 1.02336e-10
6.15 7.1 4.46253e-11
6.15 7.15 1.90742e-11
6.15 7.2 7.9915e-12
6.15 7.25 3.2819e-12
6.15 7.3 1.3211e-12
6.15 7.35 5.21271e-13
6.15 7.4 2.01607e-13
6.15 7.45 7.64301e-14
6.15 7.5 2.84013e-14
6.15 7.55 1.03449e-14
6.15 7.6 3.69345e-15
6.15 7.65 1.29256e-15
6.15 7.7 4.43393e-16
6.15 7.75 1.49087e-16
6.15 7.8 4.9137e-17
6.15 7.85 1.58742e-17
6.15 7.9 5.02682e-18
6.15 7.95 1.56031e-18
6.15 8 4.74725e-19
6.15 8.05 1.41577e-19
6.15 8.1 4.13863e-20
6.15 8.15 1.18587e-20
6.15 8.2 3.33071e-21
6.15 8.25 9.16964e-22
6.15 8.3 2.47448e-22
6.15 8.35 6.54535e-23
6.15 8.4 1.69706e-23
6.15 8.45 4.31301e-24
6.15 8.5 1.07444e-24
6.15 8.55 2.6236e-25
6.15 8.6 6.2796e-26
6.15 8.65 1.47328e-26
6.15 8.7 3.38808e-27
6.15 8.75 7.63731e-28
6.15 8.8 1.68751e-28
6.15 8.85 3.65484e-29
6.15 8.9 7.75906e-30
6.15 8.95 1.61461e-30
6.15 9 3.29341e-31
6.15 9.05 6.58477e-32
6.15 9.1 1.29049e-32
6.15 9.15 2.47907e-33
6.15 9.2 4.66809e-34
6.15 9.25 8.61609e-35
6.15 9.3 1.55883e-35
6.15 9.35 2.76445e-36
6.15 9.4 4.80548e-37
6.15 9.45 8.18814e-38
6.15 9.5 1.36758e-38
6.15 9.55 2.23893e-39
6.15 9.6 3.59292e-40
6.15 9.65 5.65165e-41
6.15 9.7 8.71411e-42
6.15 9.75 1.31702e-42
6.15 9.8 1.9511e-43
6.15 9.85 2.83329e-44
6.15 9.9 4.03294e-45
6.15 9.95 5.58972e-46
6.15 10 0
6.2 0 0
6.2 0.05 3.49383e-46
6.2 0.1 2.52085e-45
6.2 0.15 1.77098e-44
6.2 0.2 1.21956e-43
6.2 0.25 8.23216e-43
6.2 0.3 5.44684e-42
6.2 0.35 3.53261e-41
6.2 0.4 2.24578e-40
6.2 0.45 1.39945e-39
6.2 0.5 8.54812e-39
6.2 0.55 5.11802e-38
6.2 0.6 3.00368e-37
6.2 0.65 1.72792e-36
6.2 0.7 9.7435e-36
6.2 0.75 5.38548e-35
6.2 0.8 2.91778e-34
6.2 0.85 1.54953e-33
6.2 0.9 8.06616e-33
6.2 0.95 4.11578e-32
6.2 1 2.05852e-31
6.2 1.05 1.0092e-30
6.2 1.1 4.84974e-30
6.2 1.15 2.28442e-29
6.2 1.2 1.05476e-28
6.2 1.25 4.77362e-28
6.2 1.3 2.11768e-27
6.2 1.35 9.20852e-27
6.2 1.4 3.92498e-26
6.2 1.45 1.63984e-25
6.2 1.5 6.7156e-25
6.2 1.55 2.69578e-24
6.2 1.6 1.06072e-23
6.2 1.65 4.09105e-23
6.2 1.7 1.54663e-22
6.2 1.75 5.7313e-22
6.2 1.8 2.08179e-21
6.2 1.85 7.41205e-21
6.2 1.9 2.58676e-20
6.2 1.95 8.84891e-20
6.2 2 2.96716e-19
6.2 2.05 9.75231e-19
6.2 2.1 3.14189e-18
6.2 2.15 9.92178e-18
6.2 2.2 3.07118e-17
6.2 2.25 9.31829e-17
6.2 2.3 2.7713e-16
6.2 2.35 8.0788e-16
6.2 2.4 2.30848e-15
6.2 2.45 6.46578e-15
6.2 2.5 1.77513e-14
6.2 2.55 4.77702e-14
6.2 2.6 1.26008e-13
6.2 2.65 3.25804e-13
6.2 2.7 8.25711e-13
6.2 2.75 2.05124e-12
6.2 2.8 4.99481e-12
6.2 2.85 1.19217e-11
6.2 2.9 2.78915e-11
6.2 2.95 6.39617e-11
6.2 3 1.43775e-10
6.2 3.05 3.16784e-10
6.2 3.1 6.84159e-10
6.2 3.15 1.44833e-09
6.2 3.2 3.00532e-09
6.2 3.25 6.11264e-09
6.2 3.3 1.21866e-08
6.2 3.35 2.3815e-08
6.2 3.4 4.56178e-08
6.2 3.45 8.56509e-08
6.2 3.5 1.57632e-07
6.2 3.55 2.84362e-07
6.2 3.6 5.02822e-07
6.2 3.65 8.71506e-07
6.2 3.7 1.48061e-06
6.2 3.75 2.46563e-06
6.2 3.8 4.02464e-06
6.2 3.85 6.43935e-06
6.2 3.9 1.00988e-05
6.2 3.95 1.55244e-05
6.2 4 2.33923e-05
6.2 4.05 3.45497e-05
6.2 4.1 5.00186e-05
6.2 4.15 7.09794e-05
6.2 4.2 9.87296e-05
6.2 4.25 0.00013461
6.2 4.3 0.000179896
6.2 4.35 0.000235656
6.2 4.4 0.000302588
6.2 4.45 0.000380836
6.2 4.5 0.000469829
6.2 4.55 0.000568139
6.2 4.6 0.000673417
6.2 4.65 0.000782398
6.2 4.7 0.000891016
6.2 4.75 0.00099462
6.2 4.8 0.00108829
6.2 4.85 0.0011672
6.2 4.9 0.00122704
6.2 4.95 0.00126441
6.2 5 0.00127712
6.2 5.05 0.00126441
6.2 5.1 0.00122704
6.2 5.15 0.0011672
6.2 5.2 0.00108829
6.2 5.25 0.00099462
6.2 5.3 0.000891016
6.2 5.35 0.000782398
6.2 5.4 0.000673417
6.2 5.45 0.000568139
6.2 5.5 0.000469829
6.2 5.55 0.000380836
6.2 5.6 0.000302588
6.2 5.65 0.000235656
6.2 5.7 0.000179896
6.2 5.75 0.00013461
6.2 5.8 9.87296e-05
6.2 5.85 7.09794e-05
6.2 5.9 5.00186e-05
6.2 5.95 3.45497e-05
6.2 6 2.33923e-05
6.2 6.05 1.55244e-05
6.2 6.1 1.00988e-05
6.2 6.15 6.43935e-06
6.2 6.2 4.02464e-06
6.2 6.25 2.46563e-06
6.2 6.3 1.48061e-06
6.2 6.35 8.71506e-07
6.2 6.4 5.02822e-07
6.2 6.45 2.84362e-07
6.2 6.5 1.57632e-07
6.2 6.55 8.56509e-08
6.2 6.6 4.56178e-08
6.2 6.65 2.3815e-08
6.2 6.7 1.21866e-08
6.2 6.75 6.11264e-09
6.2 6.8 3.00532e-09
6.2 6.85 1.44833e-09
6.2 6.9 6.84159e-10
6.2 6.95 3.16784e-10
6.2 7 1.43775e-10
6.2 7.05 6.39617e-11
6.2 7.1 2.78915e-11
6.2 7.15 1.19217e-11
6.2 7.2 4.99481e-12
6.2 7.25 2.05124e-12
6.2 7.3 8.25711e-13
6.2 7.35 3.25804e-13
6.2 7.4 1.26008e-13
6.2 7.45 4.77702e-14
6.2 7.5 1.77513e-14
6.2 7.55 6.46578e-15
6.2 7.6 2.30848e-15
6.2 7.65 8.0788e-16
6.2 7.7 2.7713e-16
6.2 7.75 9.31829e-17
6.2 7.8 3.07118e-17
6.2 7.85 9.92178e-18
6.2 7.9 3.14189e-18
6.2 7.95 9.75231e-19
6.2 8 2.96716e-19
6.2 8.05 8.84891e-20
6.2 8.1 2.58676e-20
6.2 8.15 7.41205e-21
6.2 8.2 2.08179e-21
6.2 8.25 5.7313e-22
6.2 8.3 1.54663e-22
6.2 8.35 4.09105e-23
6.2 8.4 1.06072e-23
6.2 8.45 2.69578e-24
6.2 8.5 6.7156e-25
6.2 8.55 1.63984e-25
6.2 8.6 3.92498e-26
6.2 8.65 9.20852e-27
6.2 8.7 2.11768e-27
6.2 8.75 4.77362e-28
6.2 8.8 1.05476e-28
6.2 8.85 2.28442e-29
6.2 8.9 4.84974e-30
6.2 8.95 1.0092e-30
6.2 9 2.05852e-31
6.2 9.05 4.11578e-32
6.2 9.1 8.06616e-33
6.2 9.15 1.54953e-33
6.2 9.2 2.91778e-34
6.2 9.25 5.38548e-35
6.2 9.3 9.7435e-36
6.2 9.35 1.72792e-36
6.2 9.4 3.00368e-37
6.2 9.45 5.11802e-38
6.2 9.5 8.54812e-39
6.2 9.55 1.39945e-39
6.2 9.6 2.24578e-40
6.2 9.65 3.53261e-41
6.2 9.7 5.44684e-42
6.2 9.75 8.23216e-43
6.2 9.8 1.21956e-43
6.2 9.85 1.77098e-44
6.2 9.9 2.52085e-45
6.2 9.95 3.49383e-46
6.2 10 0
6.25 0 0
6.25 0.05 2.14056e-46
6.25 0.1 1.5445e-45
6.25 0.15 1.08506e-44
6.25 0.2 7.4721e-44
6.25 0.25 5.04373e-43
6.25 0.3 3.3372e-42
6.25 0.35 2.16437e-41
6.25 0.4 1.37595e-40
6.25 0.45 8.5742e-40
6.25 0.5 5.23727e-39
6.25 0.55 3.13571e-38
6.25 0.6 1.84029e-37
6.25 0.65 1.05866e-36
6.25 0.7 5.9696e-36
6.25 0.75 3.29955e-35
6.25 0.8 1.78765e-34
6.25 0.85 9.49355e-34
6.25 0.9 4.94191e-33
6.25 0.95 2.52162e-32
6.25 1 1.26119e-31
6.25 1.05 6.18305e-31
6.25 1.1 2.97127e-30
6.25 1.15 1.39959e-29
6.25 1.2 6.46214e-29
6.25 1.25 2.92462e-28
6.25 1.3 1.29742e-27
6.25 1.35 5.64171e-27
6.25 1.4 2.40468e-26
6.25 1.45 1.00467e-25
6.25 1.5 4.11437e-25
6.25 1.55 1.65159e-24
6.25 1.6 6.49858e-24
6.25 1.65 2.50641e-23
6.25 1.7 9.47549e-23
6.25 1.75 3.51131e-22
6.25 1.8 1.27542e-21
6.25 1.85 4.54102e-21
6.25 1.9 1.58478e-20
6.25 1.95 5.4213e-20
6.25 2 1.81783e-19
6.25 2.05 5.97475e-19
6.25 2.1 1.92488e-18
6.25 2.15 6.07857e-18
6.25 2.2 1.88155e-17
6.25 2.25 5.70883e-17
6.25 2.3 1.69783e-16
6.25 2.35 4.94945e-16
6.25 2.4 1.41428e-15
6.25 2.45 3.96122e-15
6.25 2.5 1.08753e-14
6.25 2.55 2.92661e-14
6.25 2.6 7.7198e-14
6.25 2.65 1.99601e-13
6.25 2.7 5.05865e-13
6.25 2.75 1.25667e-12
6.25 2.8 3.06003e-12
6.25 2.85 7.30371e-12
6.25 2.9 1.70874e-11
6.25 2.95 3.91855e-11
6.25 3 8.80823e-11
6.25 3.05 1.94074e-10
6.25 3.1 4.19142e-10
6.25 3.15 8.87298e-10
6.25 3.2 1.84117e-09
6.25 3.25 3.74483e-09
6.25 3.3 7.46595e-09
6.25 3.35 1.45899e-08
6.25 3.4 2.7947e-08
6.25 3.45 5.24727e-08
6.25 3.5 9.65708e-08
6.25 3.55 1.7421e-07
6.25 3.6 3.08045e-07
6.25 3.65 5.33914e-07
6.25 3.7 9.07072e-07
6.25 3.75 1.51052e-06
6.25 3.8 2.46563e-06
6.25 3.85 3.94495e-06
6.25 3.9 6.18686e-06
6.25 3.95 9.51073e-06
6.25 4 1.43308e-05
6.25 4.05 2.11662e-05
6.25 4.1 3.06429e-05
6.25 4.15 4.34841e-05
6.25 4.2 6.04848e-05
6.25 4.25 8.24661e-05
6.25 4.3 0.00011021
6.25 4.35 0.00014437
6.25 4.4 0.000185374
6.25 4.45 0.000233312
6.25 4.5 0.000287831
6.25 4.55 0.000348059
6.25 4.6 0.000412555
6.25 4.65 0.00047932
6.25 4.7 0.000545862
6.25 4.75 0.000609333
6.25 4.8 0.000666716
6.25 4.85 0.000715058
6.25 4.9 0.00075172
6.25 4.95 0.000774613
6.25 5 0.000782398
6.25 5.05 0.000774613
6.25 5.1 0.00075172
6.25 5.15 0.000715058
6.25 5.2 0.000666716
6.25 5.25 0.000609333
6.25 5.3 0.000545862
6.25 5.35 0.00047932
6.25 5.4 0.000412555
6.25 5.45 0.000348059
6.25 5.5 0.000287831
6.25 5.55 0.000233312
6.25 5.6 0.000185374
6.25 5.65 0.00014437
6.25 5.7 0.00011021
6.25 5.75 8.24661e-05
6.25 5.8 6.04848e-05
6.25 5.85 4.34841e-05
6.25 5.9 3.06429e-05
6.25 5.95 2.11662e-05
6.25 6 1.43308e-05
6.25 6.05 9.51073e-06
6.25 6.1 6.18686e-06
6.25 6.15 3.94495e-06
6.25 6.2 2.46563e-06
6.25 6.25 1.51052e-06
6.25 6.3 9.07072e-07
6.25 6.35 5.33914e-07
6.25 6.4 3.08045e-07
6.25 6.45 1.7421e-07
6.25 6.5 9.65708e-08
6.25 6.55 5.24727e-08
6.25 6.6 2.7947e-08
6.25 6.65 1.45899e-08
6.25 6.7 7.46595e-09
6.25 6.75 3.74483e-09
6.25 6.8 1.84117e-09
6.25 6.85 8.87298e-10
6.25 6.9 4.19142e-10
6.25 6.95 1.94074e-10
6.25 7 8.80823e-11
6.25 7.05 3.91855e-11
6.25 7.1 1.70874e-11
6.25 7.15 7.30371e-12
6.25 7.2 3.06003e-12
6.25 7.25 1.25667e-12
6.25 7.3 5.05865e-13
6.25 7.35 1.99601e-13
6.25 7.4 7.7198e-14
6.25 7.45 2.92661e-14
6.25 7.5 1.08753e-14
6.25 7.55 3.96122e-15
6.25 7.6 1.41428e-15
6.25 7.65 4.94945e-16
6.25 7.7 1.69783e-16
6.25 7.75 5.70883e-17
6.25 7.8 1.88155e-17
6.25 7.85 6.07857e-18
6.25 7.9 1.92488e-18
6.25 7.95 5.97475e-19
6.25 8 1.81783e-19
6.25 8.05 5.4213e-20
6.25 8.1 1.58478e-20
6.25 8.15 4.54102e-21
6.25 8.2 1.27542e-21
6.25 8.25 3.51131e-22
6.25 8.3 9.47549e-23
6.25 8.35 2.50641e-23
6.25 8.4 6.49858e-24
6.25 8.45 1.65159e-24
6.25 8.5 4.11437e-25
6.25 8.55 1.00467e-25
6.25 8.6 2.40468e-26
6.25 8.65 5.64171e-27
6.25 8.7 1.29742e-27
6.25 8.75 2.92462e-28
6.25 8.8 6.46214e-29
6.25 8.85 1.39959e-29
6.25 8.9 2.97127e-30
6.25 8.95 6.18305e-31
6.25 9 1.26119e-31
6.25 9.05 2.52162e-32
6.25 9.1 4.94191e-33
6.25 9.15 9.49355e-34
6.25 9.2 1.78765e-34
6.25 9.25 3.29955e-35
6.25 9.3 5.9696e-36
6.25 9.35 1.05866e-36
6.25 9.4 1.84029e-37
6.25 9.45 3.13571e-38
6.25 9.5 5.23727e-39
6.25 9.55 8.5742e-40
6.25 9.6 1.37595e-40
6.25 9.65 2.16437e-41
6.25 9.7 3.3372e-42
6.25 9.75 5.04373e-43
6.25 9.8 7.4721e-44
6.25 9.85 1.08506e-44
6.25 9.9 1.5445e-45
6.25 9.95 2.14056e-46
6.25 10 0
6.3 0 0
6.3 0.05 1.28549e-46
6.3 0.1 9.27566e-46
6.3 0.15 6.51645e-45
6.3 0.2 4.48744e-44
6.3 0.25 3.02905e-43
6.3 0.3 2.00417e-42
6.3 0.35 1.29982e-41
6.3 0.4 8.26332e-41
6.3 0.45 5.14926e-40
6.3 0.5 3.14525e-39
6.3 0.55 1.88315e-38
6.3 0.6 1.10518e-37
6.3 0.65 6.35775e-37
6.3 0.7 3.58502e-36
6.3 0.75 1.98153e-35
6.3 0.8 1.07356e-34
6.3 0.85 5.70129e-34
6.3 0.9 2.96782e-33
6.3 0.95 1.51433e-32
6.3 1 7.57396e-32
6.3 1.05 3.71316e-31
6.3 1.1 1.78436e-30
6.3 1.15 8.40504e-30
6.3 1.2 3.88074e-29
6.3 1.25 1.75634e-28
6.3 1.3 7.79146e-28
6.3 1.35 3.38803e-27
6.3 1.4 1.44409e-26
6.3 1.45 6.03333e-26
6.3 1.5 2.4708e-25
6.3 1.55 9.91828e-25
6.3 1.6 3.90258e-24
6.3 1.65 1.50517e-23
6.3 1.7 5.69028e-23
6.3 1.75 2.10863e-22
6.3 1.8 7.6592e-22
6.3 1.85 2.72699e-21
6.3 1.9 9.51699e-21
6.3 1.95 3.25561e-20
6.3 2 1.09165e-19
6.3 2.05 3.58796e-19
6.3 2.1 1.15593e-18
6.3 2.15 3.65029e-18
6.3 2.2 1.12991e-17
6.3 2.25 3.42825e-17
6.3 2.3 1.01957e-16
6.3 2.35 2.97222e-16
6.3 2.4 8.49296e-16
6.3 2.45 2.37877e-15
6.3 2.5 6.53074e-15
6.3 2.55 1.75747e-14
6.3 2.6 4.63584e-14
6.3 2.65 1.19863e-13
6.3 2.7 3.03778e-13
6.3 2.75 7.54646e-13
6.3 2.8 1.83758e-12
6.3 2.85 4.38595e-12
6.3 2.9 1.02612e-11
6.3 2.95 2.35312e-11
6.3 3 5.28941e-11
6.3 3.05 1.16543e-10
6.3 3.1 2.51698e-10
6.3 3.15 5.32829e-10
6.3 3.2 1.10563e-09
6.3 3.25 2.24879e-09
6.3 3.3 4.48334e-09
6.3 3.35 8.76132e-09
6.3 3.4 1.67823e-08
6.3 3.45 3.15101e-08
6.3 3.5 5.79912e-08
6.3 3.55 1.04614e-07
6.3 3.6 1.84982e-07
6.3 3.65 3.20617e-07
6.3 3.7 5.44699e-07
6.3 3.75 9.07072e-07
6.3 3.8 1.48061e-06
6.3 3.85 2.36895e-06
6.3 3.9 3.71522e-06
6.3 3.95 5.7112e-06
6.3 4 8.60568e-06
6.3 4.05 1.27103e-05
6.3 4.1 1.84011e-05
6.3 4.15 2.61122e-05
6.3 4.2 3.63211e-05
6.3 4.25 4.95209e-05
6.3 4.3 6.61808e-05
6.3 4.35 8.66942e-05
6.3 4.4 0.000111317
6.3 4.45 0.000140103
6.3 4.5 0.000172842
6.3 4.55 0.000209009
6.3 4.6 0.000247739
6.3 4.65 0.000287831
6.3 4.7 0.000327789
6.3 4.75 0.000365904
6.3 4.8 0.000400362
6.3 4.85 0.000429391
6.3 4.9 0.000451407
6.3 4.95 0.000465154
6.3 5 0.000469829
6.3 5.05 0.000465154
6.3 5.1 0.000451407
6.3 5.15 0.000429391
6.3 5.2 0.000400362
6.3 5.25 0.000365904
6.3 5.3 0.000327789
6.3 5.35 0.000287831
6.3 5.4 0.000247739
6.3 5.45 0.000209009
6.3 5.5 0.000172842
6.3 5.55 0.000140103
6.3 5.6 0.000111317
6.3 5.65 8.66942e-05
6.3 5.7 6.61808e-05
6.3 5.75 4.95209e-05
6.3 5.8 3.63211e-05
6.3 5.85 2.61122e-05
6.3 5.9 1.84011e-05
6.3 5.95 1.27103e-05
6.3 6 8.60568e-06
6.3 6.05 5.7112e-06
6.3 6.1 3.71522e-06
6.3 6.15 2.36895e-06
6.3 6.2 1.48061e-06
6.3 6.25 9.07072e-07
6.3 6.3 5.44699e-07
6.3 6.35 3.20617e-07
6.3 6.4 1.84982e-07
6.3 6.45 1.04614e-07
6.3 6.5 5.79912e-08
6.3 6.55 3.15101e-08
6.3 6.6 1.67823e-08
6.3 6.65 8.76132e-09
6.3 6.7 4.48334e-09
6.3 6.75 2.24879e-09
6.3 6.8 1.10563e-09
6.3 6.85 5.32829e-10
6.3 6.9 2.51698e-10
6.3 6.95 1.16543e-10
6.3 7 5.28941e-11
6.3 7.05 2.35312e-11
6.3 7.1 1.02612e-11
6.3 7.15 4.38595e-12
6.3 7.2 1.83758e-12
6.3 7.25 7.54646e-13
6.3 7.3 3.03778e-13
6.3 7.35 1.19863e-13
6.3 7.4 4.63584e-14
6.3 7.45 1.75747e-14
6.3 7.5 6.53074e-15
6.3 7.55 2.37877e-15
6.3 7.6 8.49296e-16
6.3 7.65 2.97222e-16
6.3 7.7 1.01957e-16
6.3 7.75 3.42825e-17
6.3 7.8 1.12991e-17
6.3 7.85 3.65029e-18
6.3 7.9 1.15593e-18
6.3 7.95 3.58796e-19
6.3 8 1.09165e-19
6.3 8.05 3.25561e-20
6.3 8.1 9.51699e-21
6.3 8.15 2.72699e-21
6.3 8.2 7.6592e-22
6.3 8.25 2.10863e-22
6.3 8.3 5.69028e-23
6.3 8.35 1.50517e-23
6.3 8.4 3.90258e-24
6.3 8.45 9.91828e-25
6.3 8.5 2.4708e-25
6.3 8.55 6.03333e-26
6.3 8.6 1.44409e-26
6.3 8.65 3.38803e-27
6.3 8.7 7.79146e-28
6.3 8.75 1.75634e-28
6.3 8.8 3.88074e-29
6.3 8.85 8.40504e-30
6.3 8.9 1.78436e-30
6.3 8.95 3.71316e-31
6.3 9 7.57396e-32
6.3 9.05 1.51433e-32
6.3 9.1 2.96782e-33
6.3 9.15 5.70129e-34
6.3 9.2 1.07356e-34
6.3 9.25 1.98153e-35
6.3 9.3 3.58502e-36
6.3 9.35 6.35775e-37
6.3 9.4 1.10518e-37
6.3 9.45 1.88315e-38
6.3 9.5 3.14525e-39
6.3 9.55 5.14926e-40
6.3 9.6 8.26332e-41
6.3 9.65 1.29982e-41
6.3 9.7 2.00417e-42
6.3 9.75 3.02905e-43
6.3 9.8 4.48744e-44
6.3 9.85 6.51645e-45
6.3 9.9 9.27566e-46
6.3 9.95 1.28549e-46
6.3 10 0
6.35 0 0
6.35 0.05 7.56708e-47
6.35 0.1 5.46033e-46
6.35 0.15 3.83604e-45
6.35 0.2 2.64162e-44
6.35 0.25 1.78311e-43
6.35 0.3 1.17979e-42
6.35 0.35 7.65162e-42
6.35 0.4 4.86432e-41
6.35 0.45 3.03118e-40
6.35 0.5 1.85149e-39
6.35 0.55 1.10853e-38
6.35 0.6 6.50576e-38
6.35 0.65 3.74254e-37
6.35 0.7 2.11035e-36
6.35 0.75 1.16644e-35
6.35 0.8 6.31957e-35
6.35 0.85 3.35608e-34
6.35 0.9 1.74701e-33
6.35 0.95 8.91413e-33
6.35 1 4.45841e-32
6.35 1.05 2.18575e-31
6.35 1.1 1.05036e-30
6.35 1.15 4.9476e-30
6.35 1.2 2.28438e-29
6.35 1.25 1.03386e-28
6.35 1.3 4.58639e-28
6.35 1.35 1.99434e-27
6.35 1.4 8.5005e-27
6.35 1.45 3.55146e-26
6.35 1.5 1.45441e-25
6.35 1.55 5.83828e-25
6.35 1.6 2.29721e-24
6.35 1.65 8.85996e-24
6.35 1.7 3.34951e-23
6.35 1.75 1.24121e-22
6.35 1.8 4.50847e-22
6.35 1.85 1.6052e-21
6.35 1.9 5.60201e-21
6.35 1.95 1.91636e-20
6.35 2 6.42577e-20
6.35 2.05 2.11198e-19
6.35 2.1 6.80412e-19
6.35 2.15 2.14867e-18
6.35 2.2 6.65094e-18
6.35 2.25 2.01796e-17
6.35 2.3 6.00149e-17
6.35 2.35 1.74953e-16
6.35 2.4 4.99917e-16
6.35 2.45 1.4002e-15
6.35 2.5 3.84415e-15
6.35 2.55 1.03449e-14
6.35 2.6 2.72876e-14
6.35 2.65 7.05539e-14
6.35 2.7 1.7881e-13
6.35 2.75 4.44201e-13
6.35 2.8 1.08164e-12
6.35 2.85 2.58166e-12
6.35 2.9 6.03991e-12
6.35 2.95 1.38509e-11
6.35 3 3.11345e-11
6.35 3.05 6.85992e-11
6.35 3.1 1.48154e-10
6.35 3.15 3.13632e-10
6.35 3.2 6.50793e-10
6.35 3.25 1.32367e-09
6.35 3.3 2.63896e-09
6.35 3.35 5.15705e-09
6.35 3.4 9.87833e-09
6.35 3.45 1.85473e-08
6.35 3.5 3.41344e-08
6.35 3.55 6.1577e-08
6.35 3.6 1.08883e-07
6.35 3.65 1.88719e-07
6.35 3.7 3.20617e-07
6.35 3.75 5.33914e-07
6.35 3.8 8.71506e-07
6.35 3.85 1.39439e-06
6.35 3.9 2.18682e-06
6.35 3.95 3.36168e-06
6.35 4 5.06539e-06
6.35 4.05 7.48143e-06
6.35 4.1 1.08311e-05
6.35 4.15 1.53699e-05
6.35 4.2 2.1379e-05
6.35 4.25 2.91485e-05
6.35 4.3 3.89546e-05
6.35 4.35 5.1029e-05
6.35 4.4 6.55223e-05
6.35 4.45 8.24661e-05
6.35 4.5 0.000101736
6.35 4.55 0.000123024
6.35 4.6 0.000145821
6.35 4.65 0.00016942
6.35 4.7 0.00019294
6.35 4.75 0.000215374
6.35 4.8 0.000235656
6.35 4.85 0.000252743
6.35 4.9 0.000265702
6.35 4.95 0.000273793
6.35 5 0.000276545
6.35 5.05 0.000273793
6.35 5.1 0.000265702
6.35 5.15 0.000252743
6.35 5.2 0.000235656
6.35 5.25 0.000215374
6.35 5.3 0.00019294
6.35 5.35 0.00016942
6.35 5.4 0.000145821
6.35 5.45 0.000123024
6.35 5.5 0.000101736
6.35 5.55 8.24661e-05
6.35 5.6 6.55223e-05
6.35 5.65 5.1029e-05
6.35 5.7 3.89546e-05
6.35 5.75 2.91485e-05
6.35 5.8 2.1379e-05
6.35 5.85 1.53699e-05
6.35 5.9 1.08311e-05
6.35 5.95 7.48143e-06
6.35 6 5.06539e-06
6.35 6.05 3.36168e-06
6.35 6.1 2.18682e-06
6.35 6.15 1.39439e-06
6.35 6.2 8.71506e-07
6.35 6.25 5.33914e-07
6.35 6.3 3.20617e-07
6.35 6.35 1.88719e-07
6.35 6.4 1.08883e-07
6.35 6.45 6.1577e-08
6.35 6.5 3.41344e-08
6.35 6.55 1.85473e-08
6.35 6.6 9.87833e-09
6.35 6.65 5.15705e-09
6.35 6.7 2.63896e-09
6.35 6.75 1.32367e-09
6.35 6.8 6.50793e-10
6.35 6.85 3.13632e-10
6.35 6.9 1.48154e-10
6.35 6.95 6.85992e-11
6.35 7 3.11345e-11
6.35 7.05 1.38509e-11
6.35 7.1 6.03991e-12
6.35 7.15 2.58166e-12
6.35 7.2 1.08164e-12
6.35 7.25 4.44201e-13
6.35 7.3 1.7881e-13
6.35 7.35 7.05539e-14
6.35 7.4 2.72876e-14
6.35 7.45 1.03449e-14
6.35 7.5 3.84415e-15
6.35 7.55 1.4002e-15
6.35 7.6 4.99917e-16
6.35 7.65 1.74953e-16
6.35 7.7 6.00149e-17
6.35 7.75 2.01796e-17
6.35 7.8 6.65094e-18
6.35 7.85 2.14867e-18
6.35 7.9 6.80412e-19
6.35 7.95 2.11198e-19
6.35 8 6.42577e-20
6.35 8.05 1.91636e-20
6.35 8.1 5.60201e-21
6.35 8.15 1.6052e-21
6.35 8.2 4.50847e-22
6.35 8.25 1.24121e-22
6.35 8.3 3.34951e-23
6.35 8.35 8.85996e-24
6.35 8.4 2.29721e-24
6.35 8.45 5.83828e-25
6.35 8.5 1.45441e-25
6.35 8.55 3.55146e-26
6.35 8.6 8.5005e-27
6.35 8.65 1.99434e-27
6.35 8.7 4.58639e-28
6.35 8.75 1.03386e-28
6.35 8.8 2.28438e-29
6.35 8.85 4.9476e-30
6.35 8.9 1.05036e-30
6.35 8.95 2.18575e-31
6.35 9 4.45841e-32
6.35 9.05 8.91413e-33
6.35 9.1 1.74701e-33
6.35 9.15 3.35608e-34
6.35 9.2 6.31957e-35
6.35 9.25 1.16644e-35
6.35 9.3 2.11035e-36
6.35 9.35 3.74254e-37
6.35 9.4 6.50576e-38
6.35 9.45 1.10853e-38
6.35 9.5 1.85149e-39
6.35 9.55 3.03118e-40
6.35 9.6 4.86432e-41
6.35 9.65 7.65162e-42
6.35 9.7 1.17979e-42
6.35 9.75 1.78311e-43
6.35 9.8 2.64162e-44
6.35 9.85 3.83604e-45
6.35 9.9 5.46033e-46
6.35 9.95 7.56708e-47
6.35 10 0
6.4 0 0
6.4 0.05 4.36618e-47
6.4 0.1 3.15071e-46
6.4 0.15 2.21346e-45
6.4 0.2 1.52426e-44
6.4 0.25 1.02888e-43
6.4 0.3 6.80755e-43
6.4 0.35 4.41508e-42
6.4 0.4 2.80676e-41
6.4 0.45 1.74902e-40
6.4 0.5 1.06832e-39
6.4 0.55 6.39632e-39
6.4 0.6 3.75386e-38
6.4 0.65 2.15946e-37
6.4 0.7 1.21768e-36
6.4 0.75 6.73036e-36
6.4 0.8 3.64639e-35
6.4 0.85 1.93646e-34
6.4 0.9 1.00802e-33
6.4 0.95 5.14343e-33
6.4 1 2.57249e-32
6.4 1.05 1.26117e-31
6.4 1.1 6.06051e-31
6.4 1.15 2.85473e-30
6.4 1.2 1.31807e-29
6.4 1.25 5.96527e-29
6.4 1.3 2.6463e-28
6.4 1.35 1.15071e-27
6.4 1.4 4.90468e-27
6.4 1.45 2.04915e-26
6.4 1.5 8.39175e-26
6.4 1.55 3.3686e-25
6.4 1.6 1.32545e-24
6.4 1.65 5.11205e-24
6.4 1.7 1.9326e-23
6.4 1.75 7.16157e-23
6.4 1.8 2.6013e-22
6.4 1.85 9.26165e-22
6.4 1.9 3.23224e-21
6.4 1.95 1.1057e-20
6.4 2 3.70752e-20
6.4 2.05 1.21856e-19
6.4 2.1 3.92581e-19
6.4 2.15 1.23973e-18
6.4 2.2 3.83742e-18
6.4 2.25 1.16431e-17
6.4 2.3 3.46269e-17
6.4 2.35 1.00943e-16
6.4 2.4 2.88438e-16
6.4 2.45 8.07877e-16
6.4 2.5 2.21796e-15
6.4 2.55 5.96867e-15
6.4 2.6 1.57441e-14
6.4 2.65 4.07073e-14
6.4 2.7 1.03168e-13
6.4 2.75 2.56289e-13
6.4 2.8 6.24067e-13
6.4 2.85 1.48953e-12
6.4 2.9 3.48482e-12
6.4 2.95 7.99148e-12
6.4 3 1.79635e-11
6.4 3.05 3.95792e-11
6.4 3.1 8.54791e-11
6.4 3.15 1.80954e-10
6.4 3.2 3.75483e-10
6.4 3.25 7.63708e-10
6.4 3.3 1.52258e-09
6.4 3.35 2.97541e-09
6.4 3.4 5.6994e-09
6.4 3.45 1.0701e-08
6.4 3.5 1.96942e-08
6.4 3.55 3.55274e-08
6.4 3.6 6.28209e-08
6.4 3.65 1.08883e-07
6.4 3.7 1.84982e-07
6.4 3.75 3.08045e-07
6.4 3.8 5.02822e-07
6.4 3.85 8.04503e-07
6.4 3.9 1.2617e-06
6.4 3.95 1.93954e-06
6.4 4 2.92251e-06
6.4 4.05 4.31646e-06
6.4 4.1 6.24904e-06
6.4 4.15 8.86775e-06
6.4 4.2 1.23347e-05
6.4 4.25 1.68173e-05
6.4 4.3 2.24751e-05
6.4 4.35 2.94414e-05
6.4 4.4 3.78034e-05
6.4 4.45 4.75792e-05
6.4 4.5 5.86972e-05
6.4 4.55 7.09794e-05
6.4 4.6 8.4132e-05
6.4 4.65 9.77473e-05
6.4 4.7 0.000111317
6.4 4.75 0.000124261
6.4 4.8 0.000135963
6.4 4.85 0.000145821
6.4 4.9 0.000153297
6.4 4.95 0.000157966
6.4 5 0.000159554
6.4 5.05 0.000157966
6.4 5.1 0.000153297
6.4 5.15 0.000145821
6.4 5.2 0.000135963
6.4 5.25 0.000124261
6.4 5.3 0.000111317
6.4 5.35 9.77473e-05
6.4 5.4 8.4132e-05
6.4 5.45 7.09794e-05
6.4 5.5 5.86972e-05
6.4 5.55 4.75792e-05
6.4 5.6 3.78034e-05
6.4 5.65 2.94414e-05
6.4 5.7 2.24751e-05
6.4 5.75 1.68173e-05
6.4 5.8 1.23347e-05
6.4 5.85 8.86775e-06
6.4 5.9 6.24904e-06
6.4 5.95 4.31646e-06
6.4 6 2.92251e-06
6.4 6.05 1.93954e-06
6.4 6.1 1.2617e-06
6.4 6.15 8.04503e-07
6.4 6.2 5.02822e-07
6.4 6.25 3.08045e-07
6.4 6.3 1.84982e-07
6.4 6.35 1.08883e-07
6.4 6.4 6.28209e-08
6.4 6.45 3.55274e-08
6.4 6.5 1.96942e-08
6.4 6.55 1.0701e-08
6.4 6.6 5.6994e-09
6.4 6.65 2.97541e-09
6.4 6.7 1.52258e-09
6.4 6.75 7.63708e-10
6.4 6.8 3.75483e-10
6.4 6.85 1.80954e-10
6.4 6.9 8.54791e-11
6.4 6.95 3.95792e-11
6.4 7 1.79635e-11
6.4 7.05 7.99148e-12
6.4 7.1 3.48482e-12
6.4 7.15 1.48953e-12
6.4 7.2 6.24067e-13
6.4 7.25 2.56289e-13
6.4 7.3 1.03168e-13
6.4 7.35 4.07073e-14
6.4 7.4 1.57441e-14
6.4 7.45 5.96867e-15
6.4 7.5 2.21796e-15
6.4 7.55 8.07877e-16
6.4 7.6 2.88438e-16
6.4 7.65 1.00943e-16
6.4 7.7 3.46269e-17
6.4 7.75 1.16431e-17
6.4 7.8 3.83742e-18
6.4 7.85 1.23973e-18
6.4 7.9 3.92581e-19
6.4 7.95 1.21856e-19
6.4 8 3.70752e-20
6.4 8.05 1.1057e-20
6.4 8.1 3.23224e-21
6.4 8.15 9.26165e-22
6.4 8.2 2.6013e-22
6.4 8.25 7.16157e-23
6.4 8.3 1.9326e-23
6.4 8.35 5.11205e-24
6.4 8.4 1.32545e-24
6.4 8.45 3.3686e-25
6.4 8.5 8.39175e-26
6.4 8.55 2.04915e-26
6.4 8.6 4.90468e-27
6.4 8.65 1.15071e-27
6.4 8.7 2.6463e-28
6.4 8.75 5.96527e-29
6.4 8.8 1.31807e-29
6.4 8.85 2.85473e-30
6.4 8.9 6.06051e-31
6.4 8.95 1.26117e-31
6.4 9 2.57249e-32
6.4 9.05 5.14343e-33
6.4 9.1 1.00802e-33
6.4 9.15 1.93646e-34
6.4 9.2 3.64639e-35
6.4 9.25 6.73036e-36
6.4 9.3 1.21768e-36
6.4 9.35 2.15946e-37
6.4 9.4 3.75386e-38
6.4 9.45 6.39632e-39
6.4 9.5 1.06832e-39
6.4 9.55 1.74902e-40
6.4 9.6 2.80676e-41
6.4 9.65 4.41508e-42
6.4 9.7 6.80755e-43
6.4 9.75 1.02888e-43
6.4 9.8 1.52426e-44
6.4 9.85 2.21346e-45
6.4 9.9 3.15071e-46
6.4 9.95 4.36618e-47
6.4 10 0
6.45 0 0
6.45 0.05 2.4694e-47
6.45 0.1 1.78203e-46
6.45 0.15 1.25192e-45
6.45 0.2 8.62108e-45
6.45 0.25 5.81925e-44
6.45 0.3 3.85028e-43
6.45 0.35 2.49712e-42
6.45 0.4 1.58747e-41
6.45 0.45 9.8922e-41
6.45 0.5 6.04227e-40
6.45 0.55 3.61765e-39
6.45 0.6 2.12312e-38
6.45 0.65 1.22135e-37
6.45 0.7 6.88694e-37
6.45 0.75 3.80655e-36
6.45 0.8 2.06232e-35
6.45 0.85 1.09521e-34
6.45 0.9 5.70114e-34
6.45 0.95 2.90899e-33
6.45 1 1.45493e-32
6.45 1.05 7.1328e-32
6.45 1.1 3.42765e-31
6.45 1.15 1.61455e-30
6.45 1.2 7.45459e-30
6.45 1.25 3.37376e-29
6.45 1.3 1.49666e-28
6.45 1.35 6.50802e-28
6.45 1.4 2.77391e-27
6.45 1.45 1.15892e-26
6.45 1.5 4.74606e-26
6.45 1.55 1.90515e-25
6.45 1.6 7.49623e-25
6.45 1.65 2.89117e-24
6.45 1.7 1.093e-23
6.45 1.75 4.05028e-23
6.45 1.8 1.47118e-22
6.45 1.85 5.23798e-22
6.45 1.9 1.82801e-21
6.45 1.95 6.25331e-21
6.45 2 2.0968e-20
6.45 2.05 6.89162e-20
6.45 2.1 2.22025e-19
6.45 2.15 7.01129e-19
6.45 2.2 2.17025e-18
6.45 2.25 6.58475e-18
6.45 2.3 1.95832e-17
6.45 2.35 5.7088e-17
6.45 2.4 1.63125e-16
6.45 2.45 4.56892e-16
6.45 2.5 1.25436e-15
6.45 2.55 3.37555e-15
6.45 2.6 8.90398e-15
6.45 2.65 2.30218e-14
6.45 2.7 5.83458e-14
6.45 2.75 1.44942e-13
6.45 2.8 3.52936e-13
6.45 2.85 8.42389e-13
6.45 2.9 1.97081e-12
6.45 2.95 4.51951e-12
6.45 3 1.0159e-11
6.45 3.05 2.23836e-11
6.45 3.1 4.83417e-11
6.45 3.15 1.02336e-10
6.45 3.2 2.1235e-10
6.45 3.25 4.31906e-10
6.45 3.3 8.61075e-10
6.45 3.35 1.6827e-09
6.45 3.4 3.22322e-09
6.45 3.45 6.05182e-09
6.45 3.5 1.11377e-08
6.45 3.55 2.0092e-08
6.45 3.6 3.55274e-08
6.45 3.65 6.1577e-08
6.45 3.7 1.04614e-07
6.45 3.75 1.7421e-07
6.45 3.8 2.84362e-07
6.45 3.85 4.54973e-07
6.45 3.9 7.13532e-07
6.45 3.95 1.09687e-06
6.45 4 1.65277e-06
6.45 4.05 2.44109e-06
6.45 4.1 3.53403e-06
6.45 4.15 5.01499e-06
6.45 4.2 6.97565e-06
6.45 4.25 9.51073e-06
6.45 4.3 1.27103e-05
6.45 4.35 1.665e-05
6.45 4.4 2.1379e-05
6.45 4.45 2.69075e-05
6.45 4.5 3.3195e-05
6.45 4.55 4.0141e-05
6.45 4.6 4.75792e-05
6.45 4.65 5.5279e-05
6.45 4.7 6.29532e-05
6.45 4.75 7.02731e-05
6.45 4.8 7.6891e-05
6.45 4.85 8.24661e-05
6.45 4.9 8.66942e-05
6.45 4.95 8.93344e-05
6.45 5 9.02322e-05
6.45 5.05 8.93344e-05
6.45 5.1 8.66942e-05
6.45 5.15 8.24661e-05
6.45 5.2 7.6891e-05
6.45 5.25 7.02731e-05
6.45 5.3 6.29532e-05
6.45 5.35 5.5279e-05
6.45 5.4 4.75792e-05
6.45 5.45 4.0141e-05
6.45 5.5 3.3195e-05
6.45 5.55 2.69075e-05
6.45 5.6 2.1379e-05
6.45 5.65 1.665e-05
6.45 5.7 1.27103e-05
6.45 5.75 9.51073e-06
6.45 5.8 6.97565e-06
6.45 5.85 5.01499e-06
6.45 5.9 3.53403e-06
6.45 5.95 2.44109e-06
6.45 6 1.65277e-06
6.45 6.05 1.09687e-06
6.45 6.1 7.13532e-07
6.45 6.15 4.54973e-07
6.45 6.2 2.84362e-07
6.45 6.25 1.7421e-07
6.45 6.3 1.04614e-07
6.45 6.35 6.1577e-08
6.45 6.4 3.55274e-08
6.45 6.45 2.0092e-08
6.45 6.5 1.11377e-08
6.45 6.55 6.05182e-09
6.45 6.6 3.22322e-09
6.45 6.65 1.6827e-09
6.45 6.7 8.61075e-10
6.45 6.75 4.31906e-10
6.45 6.8 2.1235e-10
6.45 6.85 1.02336e-10
6.45 6.9 4.83417e-11
6.45 6.95 2.23836e-11
6.45 7 1.0159e-11
6.45 7.05 4.51951e-12
6.45 7.1 1.97081e-12
6.45 7.15 8.42389e-13
6.45 7.2 3.52936e-13
6.45 7.25 1.44942e-13
6.45 7.3 5.83458e-14
6.45 7.35 2.30218e-14
6.45 7.4 8.90398e-15
6.45 7.45 3.37555e-15
6.45 7.5 1.25436e-15
6.45 7.55 4.56892e-16
6.45 7.6 1.63125e-16
6.45 7.65 5.7088e-17
6.45 7.7 1.95832e-17
6.45 7.75 6.58475e-18
6.45 7.8 2.17025e-18
6.45 7.85 7.01129e-19
6.45 7.9 2.22025e-19
6.45 7.95 6.89162e-20
6.45 8 2.0968e-20
6.45 8.05 6.25331e-21
6.45 8.1 1.82801e-21
6.45 8.15 5.23798e-22
6.45 8.2 1.47118e-22
6.45 8.25 4.05028e-23
6.45 8.3 1.093e-23
6.45 8.35 2.89117e-24
6.45 8.4 7.49623e-25
6.45 8.45 1.90515e-25
6.45 8.5 4.74606e-26
6.45 8.55 1.15892e-26
6.45 8.6 2.77391e-27
6.45 8.65 6.50802e-28
6.45 8.7 1.49666e-28
6.45 8.75 3.37376e-29
6.45 8.8 7.45459e-30
6.45 8.85 1.61455e-30
6.45 8.9 3.42765e-31
6.45 8.95 7.1328e-32
6.45 9 1.45493e-32
6.45 9.05 2.90899e-33
6.45 9.1 5.70114e-34
6.45 9.15 1.09521e-34
6.45 9.2 2.06232e-35
6.45 9.25 3.80655e-36
6.45 9.3 6.88694e-37
6.45 9.35 1.22135e-37
6.45 9.4 2.12312e-38
6.45 9.45 3.61765e-39
6.45 9.5 6.04227e-40
6.45 9.55 9.8922e-41
6.45 9.6 1.58747e-41
6.45 9.65 2.49712e-42
6.45 9.7 3.85028e-43
6.45 9.75 5.81925e-44
6.45 9.8 8.62108e-45
6.45 9.85 1.25192e-45
6.45 9.9 1.78203e-46
6.45 9.95 2.4694e-47
6.45 10 0
6.5 0 0
6.5 0.05 1.36898e-47
6.5 0.1 9.87955e-47
6.5 0.15 6.94063e-46
6.5 0.2 4.7795e-45
6.5 0.25 3.22616e-44
6.5 0.3 2.13457e-43
6.5 0.35 1.38438e-42
6.5 0.4 8.80079e-42
6.5 0.45 5.48413e-41
6.5 0.5 3.34976e-40
6.5 0.55 2.00558e-39
6.5 0.6 1.17703e-38
6.5 0.65 6.77098e-38
6.5 0.7 3.818e-37
6.5 0.75 2.11028e-36
6.5 0.8 1.14331e-35
6.5 0.85 6.07164e-35
6.5 0.9 3.16058e-34
6.5 0.95 1.61268e-33
6.5 1 8.06578e-33
6.5 1.05 3.95424e-32
6.5 1.1 1.9002e-31
6.5 1.15 8.95061e-31
6.5 1.2 4.13261e-30
6.5 1.25 1.87031e-29
6.5 1.3 8.29702e-29
6.5 1.35 3.60784e-28
6.5 1.4 1.53777e-27
6.5 1.45 6.42467e-27
6.5 1.5 2.63105e-26
6.5 1.55 1.05615e-25
6.5 1.6 4.15563e-25
6.5 1.65 1.60275e-24
6.5 1.7 6.05918e-24
6.5 1.75 2.24531e-23
6.5 1.8 8.15563e-23
6.5 1.85 2.90372e-22
6.5 1.9 1.01337e-21
6.5 1.95 3.46656e-21
6.5 2 1.16237e-20
6.5 2.05 3.8204e-20
6.5 2.1 1.2308e-19
6.5 2.15 3.88673e-19
6.5 2.2 1.20309e-18
6.5 2.25 3.65027e-18
6.5 2.3 1.0856e-17
6.5 2.35 3.16468e-17
6.5 2.4 9.04284e-17
6.5 2.45 2.53278e-16
6.5 2.5 6.95351e-16
6.5 2.55 1.87123e-15
6.5 2.6 4.9359e-15
6.5 2.65 1.2762e-14
6.5 2.7 3.23437e-14
6.5 2.75 8.03481e-14
6.5 2.8 1.95648e-13
6.5 2.85 4.66973e-13
6.5 2.9 1.0925e-12
6.5 2.95 2.50536e-12
6.5 3 5.63159e-12
6.5 3.05 1.24082e-11
6.5 3.1 2.67978e-11
6.5 3.15 5.67292e-11
6.5 3.2 1.17714e-10
6.5 3.25 2.39422e-10
6.5 3.3 4.77328e-10
6.5 3.35 9.32788e-10
6.5 3.4 1.78675e-09
6.5 3.45 3.35475e-09
6.5 3.5 6.17407e-09
6.5 3.55 1.11377e-08
6.5 3.6 1.96942e-08
6.5 3.65 3.41344e-08
6.5 3.7 5.79912e-08
6.5 3.75 9.65708e-08
6.5 3.8 1.57632e-07
6.5 3.85 2.52207e-07
6.5 3.9 3.95536e-07
6.5 3.95 6.08034e-07
6.5 4 9.16188e-07
6.5 4.05 1.35318e-06
6.5 4.1 1.95903e-06
6.5 4.15 2.77998e-06
6.5 4.2 3.86684e-06
6.5 4.25 5.27211e-06
6.5 4.3 7.04576e-06
6.5 4.35 9.22965e-06
6.5 4.4 1.18511e-05
6.5 4.45 1.49157e-05
6.5 4.5 1.84011e-05
6.5 4.55 2.22514e-05
6.5 4.6 2.63747e-05
6.5 4.65 3.06429e-05
6.5 4.7 3.4897e-05
6.5 4.75 3.89546e-05
6.5 4.8 4.26231e-05
6.5 4.85 4.57136e-05
6.5 4.9 4.80574e-05
6.5 4.95 4.95209e-05
6.5 5 5.00186e-05
6.5 5.05 4.95209e-05
6.5 5.1 4.80574e-05
6.5 5.15 4.57136e-05
6.5 5.2 4.26231e-05
6.5 5.25 3.89546e-05
6.5 5.3 3.4897e-05
6.5 5.35 3.06429e-05
6.5 5.4 2.63747e-05
6.5 5.45 2.22514e-05
6.5 5.5 1.84011e-05
6.5 5.55 1.49157e-05
6.5 5.6 1.18511e-05
6.5 5.65 9.22965e-06
6.5 5.7 7.04576e-06
6.5 5.75 5.27211e-06
6.5 5.8 3.86684e-06
6.5 5.85 2.77998e-06
6.5 5.9 1.95903e-06
6.5 5.95 1.35318e-06
6.5 6 9.16188e-07
6.5 6.05 6.08034e-07
6.5 6.1 3.95536e-07
6.5 6.15 2.52207e-07
6.5 6.2 1.57632e-07
6.5 6.25 9.65708e-08
6.5 6.3 5.79912e-08
6.5 6.35 3.41344e-08
6.5 6.4 1.96942e-08
6.5 6.45 1.11377e-08
6.5 6.5 6.17407e-09
6.5 6.55 3.35475e-09
6.5 6.6 1.78675e-09
6.5 6.65 9.32788e-10
6.5 6.7 4.77328e-10
6.5 6.75 2.39422e-10
6.5 6.8 1.17714e-10
6.5 6.85 5.67292e-11
6.5 6.9 2.67978e-11
6.5 6.95 1.24082e-11
6.5 7 5.63159e-12
6.5 7.05 2.50536e-12
6.5 7.1 1.0925e-12
6.5 7.15 4.66973e-13
6.5 7.2 1.95648e-13
6.5 7.25 8.03481e-14
6.5 7.3 3.23437e-14
6.5 7.35 1.2762e-14
6.5 7.4 4.9359e-15
6.5 7.45 1.87123e-15
6.5 7.5 6.95351e-16
6.5 7.55 2.53278e-16
6.5 7.6 9.04284e-17
6.5 7.65 3.16468e-17
6.5 7.7 1.0856e-17
6.5 7.75 3.65027e-18
6.5 7.8 1.20309e-18
6.5 7.85 3.88673e-19
6.5 7.9 1.2308e-19
6.5 7.95 3.8204e-20
6.5 8 1.16237e-20
6.5 8.05 3.46656e-21
6.5 8.1 1.01337e-21
6.5 8.15 2.90372e-22
6.5 8.2 8.15563e-23
6.5 8.25 2.24531e-23
6.5 8.3 6.05918e-24
6.5 8.35 1.60275e-24
6.5 8.4 4.15563e-25
6.5 8.45 1.05615e-25
6.5 8.5 2.63105e-26
6.5 8.55 6.42467e-27
6.5 8.6 1.53777e-27
6.5 8.65 3.60784e-28
6.5 8.7 8.29702e-29
6.5 8.75 1.87031e-29
6.5 8.8 4.13261e-30
6.5 8.85 8.95061e-31
6.5 8.9 1.9002e-31
6.5 8.95 3.95424e-32
6.5 9 8.06578e-33
6.5 9.05 1.61268e-33
6.5 9.1 3.16058e-34
6.5 9.15 6.07164e-35
6.5 9.2 1.14331e-35
6.5 9.25 2.11028e-36
6.5 9.3 3.818e-37
6.5 9.35 6.77098e-38
6.5 9.4 1.17703e-38
6.5 9.45 2.00558e-39
6.5 9.5 3.34976e-40
6.5 9.55 5.48413e-41
6.5 9.6 8.80079e-42
6.5 9.65 1.38438e-42
6.5 9.7 2.13457e-43
6.5 9.75 3.22616e-44
6.5 9.8 4.7795e-45
6.5 9.85 6.94063e-46
6.5 9.9 9.87955e-47
6.5 9.95 1.36898e-47
6.5 10 0
6.55 0 0
6.55 0.05 7.43904e-48
6.55 0.1 5.36879e-47
6.55 0.15 3.7717e-46
6.55 0.2 2.59728e-45
6.55 0.25 1.75316e-44
6.55 0.3 1.15997e-43
6.55 0.35 7.52297e-43
6.55 0.4 4.78249e-42
6.55 0.45 2.98016e-41
6.55 0.5 1.8203e-40
6.55 0.55 1.08986e-39
6.55 0.6 6.39608e-39
6.55 0.65 3.67941e-38
6.55 0.7 2.07473e-37
6.55 0.75 1.14674e-36
6.55 0.8 6.2128e-36
6.55 0.85 3.29935e-35
6.55 0.9 1.71747e-34
6.55 0.95 8.76332e-34
6.55 1 4.38295e-33
6.55 1.05 2.14873e-32
6.55 1.1 1.03256e-31
6.55 1.15 4.86373e-31
6.55 1.2 2.24564e-30
6.55 1.25 1.01632e-29
6.55 1.3 4.50855e-29
6.55 1.35 1.96047e-28
6.55 1.4 8.3561e-28
6.55 1.45 3.49111e-27
6.55 1.5 1.42969e-26
6.55 1.55 5.73898e-26
6.55 1.6 2.25812e-25
6.55 1.65 8.70915e-25
6.55 1.7 3.29247e-24
6.55 1.75 1.22007e-23
6.55 1.8 4.43164e-23
6.55 1.85 1.57783e-22
6.55 1.9 5.50648e-22
6.55 1.95 1.88367e-21
6.55 2 6.31612e-21
6.55 2.05 2.07593e-20
6.55 2.1 6.68793e-20
6.55 2.15 2.11197e-19
6.55 2.2 6.5373e-19
6.55 2.25 1.98347e-18
6.55 2.3 5.89888e-18
6.55 2.35 1.71961e-17
6.55 2.4 4.91365e-17
6.55 2.45 1.37624e-16
6.55 2.5 3.77835e-16
6.55 2.55 1.01677e-15
6.55 2.6 2.68203e-15
6.55 2.65 6.93452e-15
6.55 2.7 1.75746e-14
6.55 2.75 4.36587e-14
6.55 2.8 1.06309e-13
6.55 2.85 2.53738e-13
6.55 2.9 5.93631e-13
6.55 2.95 1.36133e-12
6.55 3 3.06002e-12
6.55 3.05 6.74218e-12
6.55 3.1 1.4561e-11
6.55 3.15 3.08246e-11
6.55 3.2 6.39616e-11
6.55 3.25 1.30094e-10
6.55 3.3 2.59362e-10
6.55 3.35 5.06843e-10
6.55 3.4 9.70855e-10
6.55 3.45 1.82285e-09
6.55 3.5 3.35475e-09
6.55 3.55 6.05182e-09
6.55 3.6 1.0701e-08
6.55 3.65 1.85473e-08
6.55 3.7 3.15101e-08
6.55 3.75 5.24727e-08
6.55 3.8 8.56509e-08
6.55 3.85 1.37039e-07
6.55 3.9 2.14918e-07
6.55 3.95 3.30381e-07
6.55 4 4.97819e-07
6.55 4.05 7.35262e-07
6.55 4.1 1.06446e-06
6.55 4.15 1.51052e-06
6.55 4.2 2.10107e-06
6.55 4.25 2.86464e-06
6.55 4.3 3.82836e-06
6.55 4.35 5.01499e-06
6.55 4.4 6.43935e-06
6.55 4.45 8.10453e-06
6.55 4.5 9.99835e-06
6.55 4.55 1.20905e-05
6.55 4.6 1.43308e-05
6.55 4.65 1.665e-05
6.55 4.7 1.89615e-05
6.55 4.75 2.11662e-05
6.55 4.8 2.31595e-05
6.55 4.85 2.48388e-05
6.55 4.9 2.61122e-05
6.55 4.95 2.69075e-05
6.55 5 2.71779e-05
6.55 5.05 2.69075e-05
6.55 5.1 2.61122e-05
6.55 5.15 2.48388e-05
6.55 5.2 2.31595e-05
6.55 5.25 2.11662e-05
6.55 5.3 1.89615e-05
6.55 5.35 1.665e-05
6.55 5.4 1.43308e-05
6.55 5.45 1.20905e-05
6.55 5.5 9.99835e-06
6.55 5.55 8.10453e-06
6.55 5.6 6.43935e-06
6.55 5.65 5.01499e-06
6.55 5.7 3.82836e-06
6.55 5.75 2.86464e-06
6.55 5.8 2.10107e-06
6.55 5.85 1.51052e-06
6.55 5.9 1.06446e-06
6.55 5.95 7.35262e-07
6.55 6 4.97819e-07
6.55 6.05 3.30381e-07
6.55 6.1 2.14918e-07
6.55 6.15 1.37039e-07
6.55 6.2 8.56509e-08
6.55 6.25 5.24727e-08
6.55 6.3 3.15101e-08
6.55 6.35 1.85473e-08
6.55 6.4 1.0701e-08
6.55 6.45 6.05182e-09
6.55 6.5 3.35475e-09
6.55 6.55 1.82285e-09
6.55 6.6 9.70855e-10
6.55 6.65 5.06843e-10
6.55 6.7 2.59362e-10
6.55 6.75 1.30094e-10
6.55 6.8 6.39616e-11
6.55 6.85 3.08246e-11
6.55 6.9 1.4561e-11
6.55 6.95 6.74218e-12
6.55 7 3.06002e-12
6.55 7.05 1.36133e-12
6.55 7.1 5.93631e-13
6.55 7.15 2.53738e-13
6.55 7.2 1.06309e-13
6.55 7.25 4.36587e-14
6.55 7.3 1.75746e-14
6.55 7.35 6.93452e-15
6.55 7.4 2.68203e-15
6.55 7.45 1.01677e-15
6.55 7.5 3.77835e-16
6.55 7.55 1.37624e-16
6.55 7.6 4.91365e-17
6.55 7.65 1.71961e-17
6.55 7.7 5.89888e-18
6.55 7.75 1.98347e-18
6.55 7.8 6.5373e-19
6.55 7.85 2.11197e-19
6.55 7.9 6.68793e-20
6.55 7.95 2.07593e-20
6.55 8 6.31612e-21
6.55 8.05 1.88367e-21
6.55 8.1 5.50648e-22
6.55 8.15 1.57783e-22
6.55 8.2 4.43164e-23
6.55 8.25 1.22007e-23
6.55 8.3 3.29247e-24
6.55 8.35 8.70915e-25
6.55 8.4 2.25812e-25
6.55 8.45 5.73898e-26
6.55 8.5 1.42969e-26
6.55 8.55 3.49111e-27
6.55 8.6 8.3561e-28
6.55 8.65 1.96047e-28
6.55 8.7 4.50855e-29
6.55 8.75 1.01632e-29
6.55 8.8 2.24564e-30
6.55 8.85 4.86373e-31
6.55 8.9 1.03256e-31
6.55 8.95 2.14873e-32
6.55 9 4.38295e-33
6.55 9.05 8.76332e-34
6.55 9.1 1.71747e-34
6.55 9.15 3.29935e-35
6.55 9.2 6.2128e-36
6.55 9.25 1.14674e-36
6.55 9.3 2.07473e-37
6.55 9.35 3.67941e-38
6.55 9.4 6.39608e-39
6.55 9.45 1.08986e-39
6.55 9.5 1.8203e-40
6.55 9.55 2.98016e-41
6.55 9.6 4.78249e-42
6.55 9.65 7.52297e-43
6.55 9.7 1.15997e-43
6.55 9.75 1.75316e-44
6.55 9.8 2.59728e-45
6.55 9.85 3.7717e-46
6.55 9.9 5.36879e-47
6.55 9.95 7.43904e-48
6.55 10 0
6.6 0 0
6.6 0.05 3.96236e-48
6.6 0.1 2.85977e-47
6.6 0.15 2.00905e-46
6.6 0.2 1.38348e-45
6.6 0.25 9.33842e-45
6.6 0.3 6.17868e-44
6.6 0.35 4.00718e-43
6.6 0.4 2.54743e-42
6.6 0.45 1.5874e-41
6.6 0.5 9.69594e-41
6.6 0.55 5.80516e-40
6.6 0.6 3.40689e-39
6.6 0.65 1.95984e-38
6.6 0.7 1.10511e-37
6.6 0.75 6.1081e-37
6.6 0.8 3.30923e-36
6.6 0.85 1.75739e-35
6.6 0.9 9.14802e-35
6.6 0.95 4.66772e-34
6.6 1 2.33454e-33
6.6 1.05 1.1445e-32
6.6 1.1 5.49985e-32
6.6 1.15 2.59061e-31
6.6 1.2 1.19611e-30
6.6 1.25 5.41329e-30
6.6 1.3 2.40141e-29
6.6 1.35 1.04422e-28
6.6 1.4 4.45074e-28
6.6 1.45 1.85948e-27
6.6 1.5 7.61496e-27
6.6 1.55 3.05676e-26
6.6 1.6 1.20274e-25
6.6 1.65 4.63874e-25
6.6 1.7 1.75366e-24
6.6 1.75 6.49842e-24
6.6 1.8 2.36041e-23
6.6 1.85 8.40393e-23
6.6 1.9 2.93288e-22
6.6 1.95 1.00328e-21
6.6 2 3.3641e-21
6.6 2.05 1.10568e-20
6.6 2.1 3.56213e-20
6.6 2.15 1.12487e-19
6.6 2.2 3.48189e-19
6.6 2.25 1.05643e-18
6.6 2.3 3.14184e-18
6.6 2.35 9.1589e-18
6.6 2.4 2.61709e-17
6.6 2.45 7.33008e-17
6.6 2.5 2.0124e-16
6.6 2.55 5.41548e-16
6.6 2.6 1.42848e-15
6.6 2.65 3.69341e-15
6.6 2.7 9.36045e-15
6.6 2.75 2.32531e-14
6.6 2.8 5.66214e-14
6.6 2.85 1.35144e-13
6.6 2.9 3.16174e-13
6.6 2.95 7.25055e-13
6.6 3 1.62979e-12
6.6 3.05 3.59094e-12
6.6 3.1 7.7553e-12
6.6 3.15 1.64174e-11
6.6 3.2 3.40663e-11
6.6 3.25 6.92886e-11
6.6 3.3 1.38138e-10
6.6 3.35 2.69947e-10
6.6 3.4 5.17081e-10
6.6 3.45 9.70855e-10
6.6 3.5 1.78675e-09
6.6 3.55 3.22322e-09
6.6 3.6 5.6994e-09
6.6 3.65 9.87833e-09
6.6 3.7 1.67823e-08
6.6 3.75 2.7947e-08
6.6 3.8 4.56178e-08
6.6 3.85 7.29872e-08
6.6 3.9 1.14465e-07
6.6 3.95 1.75961e-07
6.6 4 2.65138e-07
6.6 4.05 3.916e-07
6.6 4.1 5.66928e-07
6.6 4.15 8.04503e-07
6.6 4.2 1.11903e-06
6.6 4.25 1.5257e-06
6.6 4.3 2.03898e-06
6.6 4.35 2.67098e-06
6.6 4.4 3.42959e-06
6.6 4.45 4.31646e-06
6.6 4.5 5.3251e-06
6.6 4.55 6.43935e-06
6.6 4.6 7.63257e-06
6.6 4.65 8.86776e-06
6.6 4.7 1.00988e-05
6.6 4.75 1.12731e-05
6.6 4.8 1.23347e-05
6.6 4.85 1.32291e-05
6.6 4.9 1.39073e-05
6.6 4.95 1.43308e-05
6.6 5 1.44749e-05
6.6 5.05 1.43308e-05
6.6 5.1 1.39073e-05
6.6 5.15 1.32291e-05
6.6 5.2 1.23347e-05
6.6 5.25 1.12731e-05
6.6 5.3 1.00988e-05
6.6 5.35 8.86776e-06
6.6 5.4 7.63257e-06
6.6 5.45 6.43935e-06
6.6 5.5 5.3251e-06
6.6 5.55 4.31646e-06
6.6 5.6 3.42959e-06
6.6 5.65 2.67098e-06
6.6 5.7 2.03898e-06
6.6 5.75 1.5257e-06
6.6 5.8 1.11903e-06
6.6 5.85 8.04503e-07
6.6 5.9 5.66928e-07
6.6 5.95 3.916e-07
6.6 6 2.65138e-07
6.6 6.05 1.75961e-07
6.6 6.1 1.14465e-07
6.6 6.15 7.29872e-08
6.6 6.2 4.56178e-08
6.6 6.25 2.7947e-08
6.6 6.3 1.67823e-08
6.6 6.35 9.87833e-09
6.6 6.4 5.6994e-09
6.6 6.45 3.22322e-09
6.6 6.5 1.78675e-09
6.6 6.55 9.70855e-10
6.6 6.6 5.17081e-10
6.6 6.65 2.69947e-10
6.6 6.7 1.38138e-10
6.6 6.75 6.92886e-11
6.6 6.8 3.40663e-11
6.6 6.85 1.64174e-11
6.6 6.9 7.7553e-12
6.6 6.95 3.59094e-12
6.6 7 1.62979e-12
6.6 7.05 7.25055e-13
6.6 7.1 3.16174e-13
6.6 7.15 1.35144e-13
6.6 7.2 5.66214e-14
6.6 7.25 2.32531e-14
6.6 7.3 9.36045e-15
6.6 7.35 3.69341e-15
6.6 7.4 1.42848e-15
6.6 7.45 5.41548e-16
6.6 7.5 2.0124e-16
6.6 7.55 7.33008e-17
6.6 7.6 2.61709e-17
6.6 7.65 9.1589e-18
6.6 7.7 3.14184e-18
6.6 7.75 1.05643e-18
6.6 7.8 3.48189e-19
6.6 7.85 1.12487e-19
6.6 7.9 3.56213e-20
6.6 7.95 1.10568e-20
6.6 8 3.3641e-21
6.6 8.05 1.00328e-21
6.6 8.1 2.93288e-22
6.6 8.15 8.40393e-23
6.6 8.2 2.36041e-23
6.6 8.25 6.49842e-24
6.6 8.3 1.75366e-24
6.6 8.35 4.63874e-25
6.6 8.4 1.20274e-25
6.6 8.45 3.05676e-26
6.6 8.5 7.61496e-27
6.6 8.55 1.85948e-27
6.6 8.6 4.45074e-28
6.6 8.65 1.04422e-28
6.6 8.7 2.40141e-29
6.6 8.75 5.41329e-30
6.6 8.8 1.19611e-30
6.6 8.85 2.59061e-31
6.6 8.9 5.49985e-32
6.6 8.95 1.1445e-32
6.6 9 2.33454e-33
6.6 9.05 4.66772e-34
6.6 9.1 9.14802e-35
6.6 9.15 1.75739e-35
6.6 9.2 3.30923e-36
6.6 9.25 6.1081e-37
6.6 9.3 1.10511e-37
6.6 9.35 1.95984e-38
6.6 9.4 3.40689e-39
6.6 9.45 5.80516e-40
6.6 9.5 9.69594e-41
6.6 9.55 1.5874e-41
6.6 9.6 2.54743e-42
6.6 9.65 4.00718e-43
6.6 9.7 6.17868e-44
6.6 9.75 9.33842e-45
6.6 9.8 1.38348e-45
6.6 9.85 2.00905e-46
6.6 9.9 2.85977e-47
6.6 9.95 3.96236e-48
6.6 10 0
6.65 0 0
6.65 0.05 2.06874e-48
6.65 0.1 1.49315e-47
6.65 0.15 1.04897e-46
6.65 0.2 7.22339e-46
6.65 0.25 4.87575e-45
6.65 0.3 3.22599e-44
6.65 0.35 2.09221e-43
6.65 0.4 1.33005e-42
6.65 0.45 8.288e-42
6.65 0.5 5.06235e-41
6.65 0.55 3.03092e-40
6.65 0.6 1.77876e-39
6.65 0.65 1.02325e-38
6.65 0.7 5.76981e-38
6.65 0.75 3.18906e-37
6.65 0.8 1.72776e-36
6.65 0.85 9.17535e-36
6.65 0.9 4.77618e-35
6.65 0.95 2.43701e-34
6.65 1 1.21886e-33
6.65 1.05 5.97541e-33
6.65 1.1 2.87145e-32
6.65 1.15 1.35254e-31
6.65 1.2 6.24483e-31
6.65 1.25 2.82623e-30
6.65 1.3 1.25376e-29
6.65 1.35 5.45175e-29
6.65 1.4 2.32368e-28
6.65 1.45 9.7081e-28
6.65 1.5 3.97567e-27
6.65 1.55 1.59589e-26
6.65 1.6 6.27932e-26
6.65 1.65 2.42181e-25
6.65 1.7 9.15555e-25
6.65 1.75 3.3927e-24
6.65 1.8 1.23232e-23
6.65 1.85 4.38752e-23
6.65 1.9 1.5312e-22
6.65 1.95 5.23792e-22
6.65 2 1.75632e-21
6.65 2.05 5.77252e-21
6.65 2.1 1.8597e-20
6.65 2.15 5.87268e-20
6.65 2.2 1.8178e-19
6.65 2.25 5.51535e-19
6.65 2.3 1.64027e-18
6.65 2.35 4.7816e-18
6.65 2.4 1.3663e-17
6.65 2.45 3.82681e-17
6.65 2.5 1.05061e-16
6.65 2.55 2.82725e-16
6.65 2.6 7.45764e-16
6.65 2.65 1.92821e-15
6.65 2.7 4.88678e-15
6.65 2.75 1.21396e-14
6.65 2.8 2.95601e-14
6.65 2.85 7.05537e-14
6.65 2.9 1.65063e-13
6.65 2.95 3.78525e-13
6.65 3 8.50853e-13
6.65 3.05 1.87469e-12
6.65 3.1 4.04874e-12
6.65 3.15 8.57089e-12
6.65 3.2 1.77847e-11
6.65 3.25 3.61728e-11
6.65 3.3 7.21162e-11
6.65 3.35 1.40928e-10
6.65 3.4 2.69947e-10
6.65 3.45 5.06843e-10
6.65 3.5 9.32788e-10
6.65 3.55 1.6827e-09
6.65 3.6 2.97541e-09
6.65 3.65 5.15705e-09
6.65 3.7 8.76132e-09
6.65 3.75 1.45899e-08
6.65 3.8 2.3815e-08
6.65 3.85 3.81034e-08
6.65 3.9 5.97572e-08
6.65 3.95 9.18612e-08
6.65 4 1.38417e-07
6.65 4.05 2.04437e-07
6.65 4.1 2.95967e-07
6.65 4.15 4.19994e-07
6.65 4.2 5.84194e-07
6.65 4.25 7.96499e-07
6.65 4.3 1.06446e-06
6.65 4.35 1.39439e-06
6.65 4.4 1.79042e-06
6.65 4.45 2.25342e-06
6.65 4.5 2.77998e-06
6.65 4.55 3.36168e-06
6.65 4.6 3.9846e-06
6.65 4.65 4.62943e-06
6.65 4.7 5.27211e-06
6.65 4.75 5.88513e-06
6.65 4.8 6.43935e-06
6.65 4.85 6.90625e-06
6.65 4.9 7.26033e-06
6.65 4.95 7.48144e-06
6.65 5 7.55663e-06
6.65 5.05 7.48144e-06
6.65 5.1 7.26033e-06
6.65 5.15 6.90625e-06
6.65 5.2 6.43935e-06
6.65 5.25 5.88513e-06
6.65 5.3 5.27211e-06
6.65 5.35 4.62943e-06
6.65 5.4 3.9846e-06
6.65 5.45 3.36168e-06
6.65 5.5 2.77998e-06
6.65 5.55 2.25342e-06
6.65 5.6 1.79042e-06
6.65 5.65 1.39439e-06
6.65 5.7 1.06446e-06
6.65 5.75 7.96499e-07
6.65 5.8 5.84194e-07
6.65 5.85 4.19994e-07
6.65 5.9 2.95967e-07
6.65 5.95 2.04437e-07
6.65 6 1.38417e-07
6.65 6.05 9.18612e-08
6.65 6.1 5.97572e-08
6.65 6.15 3.81034e-08
6.65 6.2 2.3815e-08
6.65 6.25 1.45899e-08
6.65 6.3 8.76132e-09
6.65 6.35 5.15705e-09
6.65 6.4 2.97541e-09
6.65 6.45 1.6827e-09
6.65 6.5 9.32788e-10
6.65 6.55 5.06843e-10
6.65 6.6 2.69947e-10
6.65 6.65 1.40928e-10
6.65 6.7 7.21162e-11
6.65 6.75 3.61728e-11
6.65 6.8 1.77847e-11
6.65 6.85 8.57089e-12
6.65 6.9 4.04874e-12
6.65 6.95 1.87469e-12
6.65 7 8.50853e-13
6.65 7.05 3.78525e-13
6.65 7.1 1.65063e-13
6.65 7.15 7.05537e-14
6.65 7.2 2.95601e-14
6.65 7.25 1.21396e-14
6.65 7.3 4.88678e-15
6.65 7.35 1.92821e-15
6.65 7.4 7.45764e-16
6.65 7.45 2.82725e-16
6.65 7.5 1.05061e-16
6.65 7.55 3.82681e-17
6.65 7.6 1.3663e-17
6.65 7.65 4.7816e-18
6.65 7.7 1.64027e-18
6.65 7.75 5.51535e-19
6.65 7.8 1.8178e-19
6.65 7.85 5.87268e-20
6.65 7.9 1.8597e-20
6.65 7.95 5.77252e-21
6.65 8 1.75632e-21
6.65 8.05 5.23792e-22
6.65 8.1 1.5312e-22
6.65 8.15 4.38752e-23
6.65 8.2 1.23232e-23
6.65 8.25 3.3927e-24
6.65 8.3 9.15555e-25
6.65 8.35 2.42181e-25
6.65 8.4 6.27932e-26
6.65 8.45 1.59589e-26
6.65 8.5 3.97567e-27
6.65 8.55 9.7081e-28
6.65 8.6 2.32368e-28
6.65 8.65 5.45175e-29
6.65 8.7 1.25376e-29
6.65 8.75 2.82623e-30
6.65 8.8 6.24483e-31
6.65 8.85 1.35254e-31
6.65 8.9 2.87145e-32
6.65 8.95 5.97541e-33
6.65 9 1.21886e-33
6.65 9.05 2.43701e-34
6.65 9.1 4.77618e-35
6.65 9.15 9.17535e-36
6.65 9.2 1.72776e-36
6.65 9.25 3.18906e-37
6.65 9.3 5.76981e-38
6.65 9.35 1.02325e-38
6.65 9.4 1.77876e-39
6.65 9.45 3.03092e-40
6.65 9.5 5.06235e-41
6.65 9.55 8.288e-42
6.65 9.6 1.33005e-42
6.65 9.65 2.09221e-43
6.65 9.7 3.22599e-44
6.65 9.75 4.87575e-45
6.65 9.8 7.22339e-46
6.65 9.85 1.04897e-46
6.65 9.9 1.49315e-47
6.65 9.95 2.06874e-48
6.65 10 0
6.7 0 0
6.7 0.05 1.0587e-48
6.7 0.1 7.64173e-48
6.7 0.15 5.36845e-47
6.7 0.2 3.69681e-46
6.7 0.25 2.49532e-45
6.7 0.3 1.651e-44
6.7 0.35 1.07075e-43
6.7 0.4 6.80688e-43
6.7 0.45 4.2416e-42
6.7 0.5 2.59078e-41
6.7 0.55 1.55115e-40
6.7 0.6 9.1032e-40
6.7 0.65 5.23667e-39
6.7 0.7 2.95281e-38
6.7 0.75 1.63206e-37
6.7 0.8 8.84209e-37
6.7 0.85 4.69562e-36
6.7 0.9 2.44428e-35
6.7 0.95 1.24717e-34
6.7 1 6.23765e-34
6.7 1.05 3.05798e-33
6.7 1.1 1.46949e-32
6.7 1.15 6.92175e-32
6.7 1.2 3.19583e-31
6.7 1.25 1.44634e-30
6.7 1.3 6.41615e-30
6.7 1.35 2.78995e-29
6.7 1.4 1.18915e-28
6.7 1.45 4.96813e-28
6.7 1.5 2.03455e-27
6.7 1.55 8.16695e-27
6.7 1.6 3.21343e-26
6.7 1.65 1.23935e-25
6.7 1.7 4.68532e-25
6.7 1.75 1.7362e-24
6.7 1.8 6.30634e-24
6.7 1.85 2.24528e-23
6.7 1.9 7.83578e-23
6.7 1.95 2.68046e-22
6.7 2 8.98781e-22
6.7 2.05 2.95403e-21
6.7 2.1 9.5168e-21
6.7 2.15 3.00528e-20
6.7 2.2 9.30237e-20
6.7 2.25 2.8224e-19
6.7 2.3 8.39384e-19
6.7 2.35 2.44691e-18
6.7 2.4 6.99184e-18
6.7 2.45 1.95831e-17
6.7 2.5 5.37633e-17
6.7 2.55 1.4468e-16
6.7 2.6 3.81631e-16
6.7 2.65 9.86724e-16
6.7 2.7 2.50071e-15
6.7 2.75 6.21221e-15
6.7 2.8 1.51267e-14
6.7 2.85 3.61043e-14
6.7 2.9 8.44672e-14
6.7 2.95 1.93701e-13
6.7 3 4.35404e-13
6.7 3.05 9.59328e-13
6.7 3.1 2.07184e-12
6.7 3.15 4.38594e-12
6.7 3.2 9.10086e-12
6.7 3.25 1.85105e-11
6.7 3.3 3.69035e-11
6.7 3.35 7.21162e-11
6.7 3.4 1.38138e-10
6.7 3.45 2.59362e-10
6.7 3.5 4.77328e-10
6.7 3.55 8.61075e-10
6.7 3.6 1.52258e-09
6.7 3.65 2.63896e-09
6.7 3.7 4.48334e-09
6.7 3.75 7.46595e-09
6.7 3.8 1.21866e-08
6.7 3.85 1.94982e-08
6.7 3.9 3.05789e-08
6.7 3.95 4.7007e-08
6.7 4 7.08302e-08
6.7 4.05 1.04614e-07
6.7 4.1 1.51452e-07
6.7 4.15 2.14918e-07
6.7 4.2 2.98942e-07
6.7 4.25 4.07582e-07
6.7 4.3 5.447e-07
6.7 4.35 7.13533e-07
6.7 4.4 9.16189e-07
6.7 4.45 1.15311e-06
6.7 4.5 1.42256e-06
6.7 4.55 1.72022e-06
6.7 4.6 2.03898e-06
6.7 4.65 2.36895e-06
6.7 4.7 2.69782e-06
6.7 4.75 3.01151e-06
6.7 4.8 3.29511e-06
6.7 4.85 3.53403e-06
6.7 4.9 3.71522e-06
6.7 4.95 3.82837e-06
6.7 5 3.86684e-06
6.7 5.05 3.82837e-06
6.7 5.1 3.71522e-06
6.7 5.15 3.53403e-06
6.7 5.2 3.29511e-06
6.7 5.25 3.01151e-06
6.7 5.3 2.69782e-06
6.7 5.35 2.36895e-06
6.7 5.4 2.03898e-06
6.7 5.45 1.72022e-06
6.7 5.5 1.42256e-06
6.7 5.55 1.15311e-06
6.7 5.6 9.16189e-07
6.7 5.65 7.13533e-07
6.7 5.7 5.447e-07
6.7 5.75 4.07582e-07
6.7 5.8 2.98942e-07
6.7 5.85 2.14918e-07
6.7 5.9 1.51452e-07
6.7 5.95 1.04614e-07
6.7 6 7.08302e-08
6.7 6.05 4.7007e-08
6.7 6.1 3.05789e-08
6.7 6.15 1.94982e-08
6.7 6.2 1.21866e-08
6.7 6.25 7.46595e-09
6.7 6.3 4.48334e-09
6.7 6.35 2.63896e-09
6.7 6.4 1.52258e-09
6.7 6.45 8.61075e-10
6.7 6.5 4.77328e-10
6.7 6.55 2.59362e-10
6.7 6.6 1.38138e-10
6.7 6.65 7.21162e-11
6.7 6.7 3.69035e-11
6.7 6.75 1.85105e-11
6.7 6.8 9.10086e-12
6.7 6.85 4.38594e-12
6.7 6.9 2.07184e-12
6.7 6.95 9.59328e-13
6.7 7 4.35404e-13
6.7 7.05 1.93701e-13
6.7 7.1 8.44672e-14
6.7 7.15 3.61043e-14
6.7 7.2 1.51267e-14
6.7 7.25 6.21221e-15
6.7 7.3 2.50071e-15
6.7 7.35 9.86724e-16
6.7 7.4 3.81631e-16
6.7 7.45 1.4468e-16
6.7 7.5 5.37633e-17
6.7 7.55 1.95831e-17
6.7 7.6 6.99184e-18
6.7 7.65 2.44691e-18
6.7 7.7 8.39384e-19
6.7 7.75 2.8224e-19
6.7 7.8 9.30237e-20
6.7 7.85 3.00528e-20
6.7 7.9 9.5168e-21
6.7 7.95 2.95403e-21
6.7 8 8.98781e-22
6.7 8.05 2.68046e-22
6.7 8.1 7.83578e-23
6.7 8.15 2.24528e-23
6.7 8.2 6.30634e-24
6.7 8.25 1.7362e-24
6.7 8.3 4.68532e-25
6.7 8.35 1.23935e-25
6.7 8.4 3.21343e-26
6.7 8.45 8.16695e-27
6.7 8.5 2.03455e-27
6.7 8.55 4.96813e-28
6.7 8.6 1.18915e-28
6.7 8.65 2.78995e-29
6.7 8.7 6.41615e-30
6.7 8.75 1.44634e-30
6.7 8.8 3.19583e-31
6.7 8.85 6.92175e-32
6.7 8.9 1.46949e-32
6.7 8.95 3.05798e-33
6.7 9 6.23765e-34
6.7 9.05 1.24717e-34
6.7 9.1 2.44428e-35
6.7 9.15 4.69562e-36
6.7 9.2 8.84209e-37
6.7 9.25 1.63206e-37
6.7 9.3 2.95281e-38
6.7 9.35 5.23667e-39
6.7 9.4 9.1032e-40
6.7 9.45 1.55115e-40
6.7 9.5 2.59078e-41
6.7 9.55 4.2416e-42
6.7 9.6 6.80688e-43
6.7 9.65 1.07075e-43
6.7 9.7 1.651e-44
6.7 9.75 2.49532e-45
6.7 9.8 3.69681e-46
6.7 9.85 5.36845e-47
6.7 9.9 7.64173e-48
6.7 9.95 1.0587e-48
6.7 10 0
6.75 0 0
6.75 0.05 5.31079e-49
6.75 0.1 3.83351e-48
6.75 0.15 2.6931e-47
6.75 0.2 1.85451e-46
6.75 0.25 1.25178e-45
6.75 0.3 8.2822e-45
6.75 0.35 5.37137e-44
6.75 0.4 3.41464e-43
6.75 0.45 2.12777e-42
6.75 0.5 1.29965e-41
6.75 0.55 7.78119e-41
6.75 0.6 4.56653e-40
6.75 0.65 2.62692e-39
6.75 0.7 1.48124e-38
6.75 0.75 8.187e-38
6.75 0.8 4.4355e-37
6.75 0.85 2.35548e-36
6.75 0.9 1.22613e-35
6.75 0.95 6.2562e-35
6.75 1 3.12899e-34
6.75 1.05 1.53397e-33
6.75 1.1 7.37136e-33
6.75 1.15 3.47213e-32
6.75 1.2 1.60311e-31
6.75 1.25 7.25519e-31
6.75 1.3 3.21849e-30
6.75 1.35 1.3995e-29
6.75 1.4 5.96501e-29
6.75 1.45 2.49211e-28
6.75 1.5 1.02057e-27
6.75 1.55 4.09668e-27
6.75 1.6 1.61191e-26
6.75 1.65 6.2168e-26
6.75 1.7 2.35022e-25
6.75 1.75 8.70901e-25
6.75 1.8 3.16334e-24
6.75 1.85 1.12626e-23
6.75 1.9 3.93051e-23
6.75 1.95 1.34455e-22
6.75 2 4.50836e-22
6.75 2.05 1.48176e-21
6.75 2.1 4.7737e-21
6.75 2.15 1.50747e-20
6.75 2.2 4.66612e-20
6.75 2.25 1.41573e-19
6.75 2.3 4.21038e-19
6.75 2.35 1.22738e-18
6.75 2.4 3.50713e-18
6.75 2.45 9.82291e-18
6.75 2.5 2.69677e-17
6.75 2.55 7.25713e-17
6.75 2.6 1.91426e-16
6.75 2.65 4.94939e-16
6.75 2.7 1.25435e-15
6.75 2.75 3.11603e-15
6.75 2.8 7.58752e-15
6.75 2.85 1.81098e-14
6.75 2.9 4.23684e-14
6.75 2.95 9.71596e-14
6.75 3 2.18396e-13
6.75 3.05 4.81193e-13
6.75 3.1 1.03922e-12
6.75 3.15 2.19995e-12
6.75 3.2 4.56492e-12
6.75 3.25 9.2847e-12
6.75 3.3 1.85105e-11
6.75 3.35 3.61728e-11
6.75 3.4 6.92886e-11
6.75 3.45 1.30094e-10
6.75 3.5 2.39422e-10
6.75 3.55 4.31906e-10
6.75 3.6 7.63708e-10
6.75 3.65 1.32367e-09
6.75 3.7 2.24879e-09
6.75 3.75 3.74483e-09
6.75 3.8 6.11264e-09
6.75 3.85 9.78004e-09
6.75 3.9 1.53379e-08
6.75 3.95 2.35781e-08
6.75 4 3.55274e-08
6.75 4.05 5.24728e-08
6.75 4.1 7.59659e-08
6.75 4.15 1.078e-07
6.75 4.2 1.49945e-07
6.75 4.25 2.04437e-07
6.75 4.3 2.73213e-07
6.75 4.35 3.57897e-07
6.75 4.4 4.59546e-07
6.75 4.45 5.78381e-07
6.75 4.5 7.13533e-07
6.75 4.55 8.62836e-07
6.75 4.6 1.02272e-06
6.75 4.65 1.18823e-06
6.75 4.7 1.35318e-06
6.75 4.75 1.51052e-06
6.75 4.8 1.65277e-06
6.75 4.85 1.77261e-06
6.75 4.9 1.86349e-06
6.75 4.95 1.92024e-06
6.75 5 1.93954e-06
6.75 5.05 1.92024e-06
6.75 5.1 1.86349e-06
6.75 5.15 1.77261e-06
6.75 5.2 1.65277e-06
6.75 5.25 1.51052e-06
6.75 5.3 1.35318e-06
6.75 5.35 1.18823e-06
6.75 5.4 1.02272e-06
6.75 5.45 8.62836e-07
6.75 5.5 7.13533e-07
6.75 5.55 5.78381e-07
6.75 5.6 4.59546e-07
6.75 5.65 3.57897e-07
6.75 5.7 2.73213e-07
6.75 5.75 2.04437e-07
6.75 5.8 1.49945e-07
6.75 5.85 1.078e-07
6.75 5.9 7.59659e-08
6.75 5.95 5.24728e-08
6.75 6 3.55274e-08
6.75 6.05 2.35781e-08
6.75 6.1 1.53379e-08
6.75 6.15 9.78004e-09
6.75 6.2 6.11264e-09
6.75 6.25 3.74483e-09
6.75 6.3 2.24879e-09
6.75 6.35 1.32367e-09
6.75 6.4 7.63708e-10
6.75 6.45 4.31906e-10
6.75 6.5 2.39422e-10
6.75 6.55 1.30094e-10
6.75 6.6 6.92886e-11
6.75 6.65 3.61728e-11
6.75 6.7 1.85105e-11
6.75 6.75 9.2847e-12
6.75 6.8 4.56492e-12
6.75 6.85 2.19995e-12
6.75 6.9 1.03922e-12
6.75 6.95 4.81193e-13
6.75 7 2.18396e-13
6.75 7.05 9.71596e-14
6.75 7.1 4.23684e-14
6.75 7.15 1.81098e-14
6.75 7.2 7.58752e-15
6.75 7.25 3.11603e-15
6.75 7.3 1.25435e-15
6.75 7.35 4.94939e-16
6.75 7.4 1.91426e-16
6.75 7.45 7.25713e-17
6.75 7.5 2.69677e-17
6.75 7.55 9.82291e-18
6.75 7.6 3.50713e-18
6.75 7.65 1.22738e-18
6.75 7.7 4.21038e-19
6.75 7.75 1.41573e-19
6.75 7.8 4.66612e-20
6.75 7.85 1.50747e-20
6.75 7.9 4.7737e-21
6.75 7.95 1.48176e-21
6.75 8 4.50836e-22
6.75 8.05 1.34455e-22
6.75 8.1 3.93051e-23
6.75 8.15 1.12626e-23
6.75 8.2 3.16334e-24
6.75 8.25 8.70901e-25
6.75 8.3 2.35022e-25
6.75 8.35 6.2168e-26
6.75 8.4 1.61191e-26
6.75 8.45 4.09668e-27
6.75 8.5 1.02057e-27
6.75 8.55 2.49211e-28
6.75 8.6 5.96501e-29
6.75 8.65 1.3995e-29
6.75 8.7 3.21849e-30
6.75 8.75 7.25519e-31
6.75 8.8 1.60311e-31
6.75 8.85 3.47213e-32
6.75 8.9 7.37136e-33
6.75 8.95 1.53397e-33
6.75 9 3.12899e-34
6.75 9.05 6.2562e-35
6.75 9.1 1.22613e-35
6.75 9.15 2.35548e-36
6.75 9.2 4.4355e-37
6.75 9.25 8.187e-38
6.75 9.3 1.48124e-38
6.75 9.35 2.62692e-39
6.75 9.4 4.56653e-40
6.75 9.45 7.78119e-41
6.75 9.5 1.29965e-41
6.75 9.55 2.12777e-42
6.75 9.6 3.41464e-43
6.75 9.65 5.37137e-44
6.75 9.7 8.2822e-45
6.75 9.75 1.25178e-45
6.75 9.8 1.85451e-46
6.75 9.85 2.6931e-47
6.75 9.9 3.83351e-48
6.75 9.95 5.31079e-49
6.75 10 0
6.8 0 0
6.8 0.05 2.61132e-49
6.8 0.1 1.88503e-48
6.8 0.15 1.32426e-47
6.8 0.2 9.11902e-47
6.8 0.25 6.15523e-46
6.8 0.3 4.07251e-45
6.8 0.35 2.64119e-44
6.8 0.4 1.67903e-43
6.8 0.45 1.04626e-42
6.8 0.5 6.39053e-42
6.8 0.55 3.8261e-41
6.8 0.6 2.24541e-40
6.8 0.65 1.29168e-39
6.8 0.7 7.28336e-39
6.8 0.75 4.02559e-38
6.8 0.8 2.18095e-37
6.8 0.85 1.1582e-36
6.8 0.9 6.02889e-36
6.8 0.95 3.07618e-35
6.8 1 1.53852e-34
6.8 1.05 7.5425e-34
6.8 1.1 3.62447e-33
6.8 1.15 1.70723e-32
6.8 1.2 7.8824e-32
6.8 1.25 3.56733e-31
6.8 1.3 1.5825e-30
6.8 1.35 6.88121e-30
6.8 1.4 2.93294e-29
6.8 1.45 1.22534e-28
6.8 1.5 5.018e-28
6.8 1.55 2.01428e-27
6.8 1.6 7.92553e-27
6.8 1.65 3.0567e-26
6.8 1.7 1.15557e-25
6.8 1.75 4.28207e-25
6.8 1.8 1.55535e-24
6.8 1.85 5.53761e-24
6.8 1.9 1.93255e-23
6.8 1.95 6.61085e-23
6.8 2 2.21666e-22
6.8 2.05 7.28549e-22
6.8 2.1 2.34711e-21
6.8 2.15 7.41183e-21
6.8 2.2 2.29421e-20
6.8 2.25 6.96078e-20
6.8 2.3 2.07013e-19
6.8 2.35 6.03468e-19
6.8 2.4 1.72435e-18
6.8 2.45 4.82963e-18
6.8 2.5 1.32592e-17
6.8 2.55 3.5681e-17
6.8 2.6 9.4118e-17
6.8 2.65 2.43346e-16
6.8 2.7 6.16723e-16
6.8 2.75 1.53205e-15
6.8 2.8 3.73052e-15
6.8 2.85 8.90394e-15
6.8 2.9 2.0831e-14
6.8 2.95 4.77699e-14
6.8 3 1.07377e-13
6.8 3.05 2.36585e-13
6.8 3.1 5.10947e-13
6.8 3.15 1.08163e-12
6.8 3.2 2.24439e-12
6.8 3.25 4.56492e-12
6.8 3.3 9.10086e-12
6.8 3.35 1.77847e-11
6.8 3.4 3.40663e-11
6.8 3.45 6.39616e-11
6.8 3.5 1.17714e-10
6.8 3.55 2.1235e-10
6.8 3.6 3.75483e-10
6.8 3.65 6.50793e-10
6.8 3.7 1.10563e-09
6.8 3.75 1.84117e-09
6.8 3.8 3.00532e-09
6.8 3.85 4.80841e-09
6.8 3.9 7.54098e-09
6.8 3.95 1.15923e-08
6.8 4 1.74672e-08
6.8 4.05 2.57985e-08
6.8 4.1 3.73489e-08
6.8 4.15 5.30001e-08
6.8 4.2 7.37208e-08
6.8 4.25 1.00512e-07
6.8 4.3 1.34326e-07
6.8 4.35 1.75961e-07
6.8 4.4 2.25937e-07
6.8 4.45 2.84363e-07
6.8 4.5 3.5081e-07
6.8 4.55 4.24215e-07
6.8 4.6 5.02822e-07
6.8 4.65 5.84194e-07
6.8 4.7 6.65295e-07
6.8 4.75 7.42652e-07
6.8 4.8 8.12589e-07
6.8 4.85 8.71507e-07
6.8 4.9 9.16189e-07
6.8 4.95 9.44091e-07
6.8 5 9.53579e-07
6.8 5.05 9.44091e-07
6.8 5.1 9.16189e-07
6.8 5.15 8.71507e-07
6.8 5.2 8.12589e-07
6.8 5.25 7.42652e-07
6.8 5.3 6.65295e-07
6.8 5.35 5.84194e-07
6.8 5.4 5.02822e-07
6.8 5.45 4.24215e-07
6.8 5.5 3.5081e-07
6.8 5.55 2.84363e-07
6.8 5.6 2.25937e-07
6.8 5.65 1.75961e-07
6.8 5.7 1.34326e-07
6.8 5.75 1.00512e-07
6.8 5.8 7.37208e-08
6.8 5.85 5.30001e-08
6.8 5.9 3.73489e-08
6.8 5.95 2.57985e-08
6.8 6 1.74672e-08
6.8 6.05 1.15923e-08
6.8 6.1 7.54098e-09
6.8 6.15 4.80841e-09
6.8 6.2 3.00532e-09
6.8 6.25 1.84117e-09
6.8 6.3 1.10563e-09
6.8 6.35 6.50793e-10
6.8 6.4 3.75483e-10
6.8 6.45 2.1235e-10
6.8 6.5 1.17714e-10
6.8 6.55 6.39616e-11
6.8 6.6 3.40663e-11
6.8 6.65 1.77847e-11
6.8 6.7 9.10086e-12
6.8 6.75 4.56492e-12
6.8 6.8 2.24439e-12
6.8 6.85 1.08163e-12
6.8 6.9 5.10947e-13
6.8 6.95 2.36585e-13
6.8 7 1.07377e-13
6.8 7.05 4.77699e-14
6.8 7.1 2.0831e-14
6.8 7.15 8.90394e-15
6.8 7.2 3.73052e-15
6.8 7.25 1.53205e-15
6.8 7.3 6.16723e-16
6.8 7.35 2.43346e-16
6.8 7.4 9.4118e-17
6.8 7.45 3.5681e-17
6.8 7.5 1.32592e-17
6.8 7.55 4.82963e-18
6.8 7.6 1.72435e-18
6.8 7.65 6.03468e-19
6.8 7.7 2.07013e-19
6.8 7.75 6.96078e-20
6.8 7.8 2.29421e-20
6.8 7.85 7.41183e-21
6.8 7.9 2.34711e-21
6.8 7.95 7.28549e-22
6.8 8 2.21666e-22
6.8 8.05 6.61085e-23
6.8 8.1 1.93255e-23
6.8 8.15 5.53761e-24
6.8 8.2 1.55535e-24
6.8 8.25 4.28207e-25
6.8 8.3 1.15557e-25
6.8 8.35 3.0567e-26
6.8 8.4 7.92553e-27
6.8 8.45 2.01428e-27
6.8 8.5 5.018e-28
6.8 8.55 1.22534e-28
6.8 8.6 2.93294e-29
6.8 8.65 6.88121e-30
6.8 8.7 1.5825e-30
6.8 8.75 3.56733e-31
6.8 8.8 7.8824e-32
6.8 8.85 1.70723e-32
6.8 8.9 3.62447e-33
6.8 8.95 7.5425e-34
6.8 9 1.53852e-34
6.8 9.05 3.07618e-35
6.8 9.1 6.02889e-36
6.8 9.15 1.1582e-36
6.8 9.2 2.18095e-37
6.8 9.25 4.02559e-38
6.8 9.3 7.28336e-39
6.8 9.35 1.29168e-39
6.8 9.4 2.24541e-40
6.8 9.45 3.8261e-41
6.8 9.5 6.39053e-42
6.8 9.55 1.04626e-42
6.8 9.6 1.67903e-43
6.8 9.65 2.64119e-44
6.8 9.7 4.07251e-45
6.8 9.75 6.15523e-46
6.8 9.8 9.11902e-47
6.8 9.85 1.32426e-47
6.8 9.9 1.88503e-48
6.8 9.95 2.61132e-49
6.8 10 0
6.85 0 0
6.85 0.05 1.25857e-49
6.85 0.1 9.08566e-49
6.85 0.15 6.38277e-48
6.85 0.2 4.39525e-47
6.85 0.25 2.96673e-46
6.85 0.3 1.96288e-45
6.85 0.35 1.27301e-44
6.85 0.4 8.09261e-44
6.85 0.45 5.04274e-43
6.85 0.5 3.0801e-42
6.85 0.55 1.84409e-41
6.85 0.6 1.08223e-40
6.85 0.65 6.22554e-40
6.85 0.7 3.51038e-39
6.85 0.75 1.94022e-38
6.85 0.8 1.05115e-37
6.85 0.85 5.58215e-37
6.85 0.9 2.90573e-36
6.85 0.95 1.48261e-35
6.85 1 7.41514e-35
6.85 1.05 3.63521e-34
6.85 1.1 1.74686e-33
6.85 1.15 8.2282e-33
6.85 1.2 3.799e-32
6.85 1.25 1.7193e-31
6.85 1.3 7.627e-31
6.85 1.35 3.31645e-30
6.85 1.4 1.41354e-29
6.85 1.45 5.9056e-29
6.85 1.5 2.41844e-28
6.85 1.55 9.70789e-28
6.85 1.6 3.81972e-27
6.85 1.65 1.47318e-26
6.85 1.7 5.56924e-26
6.85 1.75 2.06374e-25
6.85 1.8 7.49599e-25
6.85 1.85 2.66883e-24
6.85 1.9 9.31385e-24
6.85 1.95 3.18606e-23
6.85 2 1.06831e-22
6.85 2.05 3.51119e-22
6.85 2.1 1.13117e-21
6.85 2.15 3.57207e-21
6.85 2.2 1.10567e-20
6.85 2.25 3.35467e-20
6.85 2.3 9.97676e-20
6.85 2.35 2.90834e-19
6.85 2.4 8.31029e-19
6.85 2.45 2.32757e-18
6.85 2.5 6.39009e-18
6.85 2.55 1.71959e-17
6.85 2.6 4.53587e-17
6.85 2.65 1.17276e-16
6.85 2.7 2.97219e-16
6.85 2.75 7.38342e-16
6.85 2.8 1.79785e-15
6.85 2.85 4.29108e-15
6.85 2.9 1.00391e-14
6.85 2.95 2.30217e-14
6.85 3 5.17482e-14
6.85 3.05 1.14017e-13
6.85 3.1 2.46239e-13
6.85 3.15 5.21268e-13
6.85 3.2 1.08163e-12
6.85 3.25 2.19995e-12
6.85 3.3 4.38594e-12
6.85 3.35 8.57089e-12
6.85 3.4 1.64174e-11
6.85 3.45 3.08246e-11
6.85 3.5 5.67292e-11
6.85 3.55 1.02336e-10
6.85 3.6 1.80954e-10
6.85 3.65 3.13632e-10
6.85 3.7 5.32829e-10
6.85 3.75 8.87298e-10
6.85 3.8 1.44833e-09
6.85 3.85 2.31727e-09
6.85 3.9 3.63415e-09
6.85 3.95 5.58655e-09
6.85 4 8.41781e-09
6.85 4.05 1.24328e-08
6.85 4.1 1.79992e-08
6.85 4.15 2.55418e-08
6.85 4.2 3.55275e-08
6.85 4.25 4.84386e-08
6.85 4.3 6.47342e-08
6.85 4.35 8.47988e-08
6.85 4.4 1.08883e-07
6.85 4.45 1.37039e-07
6.85 4.5 1.69062e-07
6.85 4.55 2.04437e-07
6.85 4.6 2.42319e-07
6.85 4.65 2.81533e-07
6.85 4.7 3.20617e-07
6.85 4.75 3.57897e-07
6.85 4.8 3.91601e-07
6.85 4.85 4.19994e-07
6.85 4.9 4.41527e-07
6.85 4.95 4.54974e-07
6.85 5 4.59546e-07
6.85 5.05 4.54974e-07
6.85 5.1 4.41527e-07
6.85 5.15 4.19994e-07
6.85 5.2 3.91601e-07
6.85 5.25 3.57897e-07
6.85 5.3 3.20617e-07
6.85 5.35 2.81533e-07
6.85 5.4 2.42319e-07
6.85 5.45 2.04437e-07
6.85 5.5 1.69062e-07
6.85 5.55 1.37039e-07
6.85 5.6 1.08883e-07
6.85 5.65 8.47988e-08
6.85 5.7 6.47342e-08
6.85 5.75 4.84386e-08
6.85 5.8 3.55275e-08
6.85 5.85 2.55418e-08
6.85 5.9 1.79992e-08
6.85 5.95 1.24328e-08
6.85 6 8.41781e-09
6.85 6.05 5.58655e-09
6.85 6.1 3.63415e-09
6.85 6.15 2.31727e-09
6.85 6.2 1.44833e-09
6.85 6.25 8.87298e-10
6.85 6.3 5.32829e-10
6.85 6.35 3.13632e-10
6.85 6.4 1.80954e-10
6.85 6.45 1.02336e-10
6.85 6.5 5.67292e-11
6.85 6.55 3.08246e-11
6.85 6.6 1.64174e-11
6.85 6.65 8.57089e-12
6.85 6.7 4.38594e-12
6.85 6.75 2.19995e-12
6.85 6.8 1.08163e-12
6.85 6.85 5.21268e-13
6.85 6.9 2.46239e-13
6.85 6.95 1.14017e-13
6.85 7 5.17482e-14
6.85 7.05 2.30217e-14
6.85 7.1 1.00391e-14
6.85 7.15 4.29108e-15
6.85 7.2 1.79785e-15
6.85 7.25 7.38342e-16
6.85 7.3 2.97219e-16
6.85 7.35 1.17276e-16
6.85 7.4 4.53587e-17
6.85 7.45 1.71959e-17
6.85 7.5 6.39009e-18
6.85 7.55 2.32757e-18
6.85 7.6 8.31029e-19
6.85 7.65 2.90834e-19
6.85 7.7 9.97676e-20
6.85 7.75 3.35467e-20
6.85 7.8 1.10567e-20
6.85 7.85 3.57207e-21
6.85 7.9 1.13117e-21
6.85 7.95 3.51119e-22
6.85 8 1.06831e-22
6.85 8.05 3.18606e-23
6.85 8.1 9.31385e-24
6.85 8.15 2.66883e-24
6.85 8.2 7.49599e-25
6.85 8.25 2.06374e-25
6.85 8.3 5.56924e-26
6.85 8.35 1.47318e-26
6.85 8.4 3.81972e-27
6.85 8.45 9.70789e-28
6.85 8.5 2.41844e-28
6.85 8.55 5.9056e-29
6.85 8.6 1.41354e-29
6.85 8.65 3.31645e-30
6.85 8.7 7.627e-31
6.85 8.75 1.7193e-31
6.85 8.8 3.799e-32
6.85 8.85 8.2282e-33
6.85 8.9 1.74686e-33
6.85 8.95 3.63521e-34
6.85 9 7.41514e-35
6.85 9.05 1.48261e-35
6.85 9.1 2.90573e-36
6.85 9.15 5.58215e-37
6.85 9.2 1.05115e-37
6.85 9.25 1.94022e-38
6.85 9.3 3.51038e-39
6.85 9.35 6.22554e-40
6.85 9.4 1.08223e-40
6.85 9.45 1.84409e-41
6.85 9.5 3.0801e-42
6.85 9.55 5.04274e-43
6.85 9.6 8.09261e-44
6.85 9.65 1.27301e-44
6.85 9.7 1.96288e-45
6.85 9.75 2.96673e-46
6.85 9.8 4.39525e-47
6.85 9.85 6.38277e-48
6.85 9.9 9.08566e-49
6.85 9.95 1.25857e-49
6.85 10 0
6.9 0 0
6.9 0.05 5.94578e-50
6.9 0.1 4.29251e-49
6.9 0.15 3.01552e-48
6.9 0.2 2.07652e-47
6.9 0.25 1.40162e-46
6.9 0.3 9.2735e-46
6.9 0.35 6.01422e-45
6.9 0.4 3.82327e-44
6.9 0.45 2.38238e-43
6.9 0.5 1.45515e-42
6.9 0.55 8.71213e-42
6.9 0.6 5.11283e-41
6.9 0.65 2.94115e-40
6.9 0.7 1.65841e-39
6.9 0.75 9.16618e-39
6.9 0.8 4.96595e-38
6.9 0.85 2.63716e-37
6.9 0.9 1.37274e-36
6.9 0.95 7.00423e-36
6.9 1 3.50309e-35
6.9 1.05 1.71735e-34
6.9 1.1 8.25253e-34
6.9 1.15 3.88716e-33
6.9 1.2 1.79472e-32
6.9 1.25 8.12229e-32
6.9 1.3 3.60312e-31
6.9 1.35 1.56674e-30
6.9 1.4 6.67778e-30
6.9 1.45 2.78988e-29
6.9 1.5 1.1425e-28
6.9 1.55 4.58611e-28
6.9 1.6 1.80447e-27
6.9 1.65 6.95942e-27
6.9 1.7 2.63095e-26
6.9 1.75 9.74923e-26
6.9 1.8 3.54115e-25
6.9 1.85 1.26077e-24
6.9 1.9 4.3999e-24
6.9 1.95 1.5051e-23
6.9 2 5.0467e-23
6.9 2.05 1.65869e-22
6.9 2.1 5.34366e-22
6.9 2.15 1.68744e-21
6.9 2.2 5.22318e-21
6.9 2.25 1.58474e-20
6.9 2.3 4.71299e-20
6.9 2.35 1.37389e-19
6.9 2.4 3.92574e-19
6.9 2.45 1.09953e-18
6.9 2.5 3.01864e-18
6.9 2.55 8.12323e-18
6.9 2.6 2.14271e-17
6.9 2.65 5.54004e-17
6.9 2.7 1.40403e-16
6.9 2.75 3.48786e-16
6.9 2.8 8.49287e-16
6.9 2.85 2.02706e-15
6.9 2.9 4.74235e-15
6.9 2.95 1.08752e-14
6.9 3 2.44452e-14
6.9 3.05 5.386e-14
6.9 3.1 1.1632e-13
6.9 3.15 2.46239e-13
6.9 3.2 5.10947e-13
6.9 3.25 1.03922e-12
6.9 3.3 2.07184e-12
6.9 3.35 4.04874e-12
6.9 3.4 7.7553e-12
6.9 3.45 1.4561e-11
6.9 3.5 2.67978e-11
6.9 3.55 4.83417e-11
6.9 3.6 8.54791e-11
6.9 3.65 1.48154e-10
6.9 3.7 2.51698e-10
6.9 3.75 4.19142e-10
6.9 3.8 6.84159e-10
6.9 3.85 1.09463e-09
6.9 3.9 1.7167e-09
6.9 3.95 2.63897e-09
6.9 4 3.97639e-09
6.9 4.05 5.87297e-09
6.9 4.1 8.50241e-09
6.9 4.15 1.20654e-08
6.9 4.2 1.67824e-08
6.9 4.25 2.28813e-08
6.9 4.3 3.05789e-08
6.9 4.35 4.0057e-08
6.9 4.4 5.14338e-08
6.9 4.45 6.47342e-08
6.9 4.5 7.98607e-08
6.9 4.55 9.6571e-08
6.9 4.6 1.14466e-07
6.9 4.65 1.3299e-07
6.9 4.7 1.51452e-07
6.9 4.75 1.69062e-07
6.9 4.8 1.84983e-07
6.9 4.85 1.98395e-07
6.9 4.9 2.08567e-07
6.9 4.95 2.14918e-07
6.9 5 2.17078e-07
6.9 5.05 2.14918e-07
6.9 5.1 2.08567e-07
6.9 5.15 1.98395e-07
6.9 5.2 1.84983e-07
6.9 5.25 1.69062e-07
6.9 5.3 1.51452e-07
6.9 5.35 1.3299e-07
6.9 5.4 1.14466e-07
6.9 5.45 9.6571e-08
6.9 5.5 7.98607e-08
6.9 5.55 6.47342e-08
6.9 5.6 5.14338e-08
6.9 5.65 4.0057e-08
6.9 5.7 3.05789e-08
6.9 5.75 2.28813e-08
6.9 5.8 1.67824e-08
6.9 5.85 1.20654e-08
6.9 5.9 8.50241e-09
6.9 5.95 5.87297e-09
6.9 6 3.97639e-09
6.9 6.05 2.63897e-09
6.9 6.1 1.7167e-09
6.9 6.15 1.09463e-09
6.9 6.2 6.84159e-10
6.9 6.25 4.19142e-10
6.9 6.3 2.51698e-10
6.9 6.35 1.48154e-10
6.9 6.4 8.54791e-11
6.9 6.45 4.83417e-11
6.9 6.5 2.67978e-11
6.9 6.55 1.4561e-11
6.9 6.6 7.7553e-12
6.9 6.65 4.04874e-12
6.9 6.7 2.07184e-12
6.9 6.75 1.03922e-12
6.9 6.8 5.10947e-13
6.9 6.85 2.46239e-13
6.9 6.9 1.1632e-13
6.9 6.95 5.386e-14
6.9 7 2.44452e-14
6.9 7.05 1.08752e-14
6.9 7.1 4.74235e-15
6.9 7.15 2.02706e-15
6.9 7.2 8.49287e-16
6.9 7.25 3.48786e-16
6.9 7.3 1.40403e-16
6.9 7.35 5.54004e-17
6.9 7.4 2.14271e-17
6.9 7.45 8.12323e-18
6.9 7.5 3.01864e-18
6.9 7.55 1.09953e-18
6.9 7.6 3.92574e-19
6.9 7.65 1.37389e-19
6.9 7.7 4.71299e-20
6.9 7.75 1.58474e-20
6.9 7.8 5.22318e-21
6.9 7.85 1.68744e-21
6.9 7.9 5.34366e-22
6.9 7.95 1.65869e-22
6.9 8 5.0467e-23
6.9 8.05 1.5051e-23
6.9 8.1 4.3999e-24
6.9 8.15 1.26077e-24
6.9 8.2 3.54115e-25
6.9 8.25 9.74923e-26
6.9 8.3 2.63095e-26
6.9 8.35 6.95942e-27
6.9 8.4 1.80447e-27
6.9 8.45 4.58611e-28
6.9 8.5 1.1425e-28
6.9 8.55 2.78988e-29
6.9 8.6 6.67778e-30
6.9 8.65 1.56674e-30
6.9 8.7 3.60312e-31
6.9 8.75 8.12229e-32
6.9 8.8 1.79472e-32
6.9 8.85 3.88716e-33
6.9 8.9 8.25253e-34
6.9 8.95 1.71735e-34
6.9 9 3.50309e-35
6.9 9.05 7.00423e-36
6.9 9.1 1.37274e-36
6.9 9.15 2.63716e-37
6.9 9.2 4.96595e-38
6.9 9.25 9.16618e-39
6.9 9.3 1.65841e-39
6.9 9.35 2.94115e-40
6.9 9.4 5.11283e-41
6.9 9.45 8.71213e-42
6.9 9.5 1.45515e-42
6.9 9.55 2.38238e-43
6.9 9.6 3.82327e-44
6.9 9.65 6.01422e-45
6.9 9.7 9.2735e-46
6.9 9.75 1.40162e-46
6.9 9.8 2.07652e-47
6.9 9.85 3.01552e-48
6.9 9.9 4.29251e-49
6.9 9.95 5.94578e-50
6.9 10 0
6.95 0 0
6.95 0.05 2.75332e-50
6.95 0.1 1.98785e-49
6.95 0.15 1.39647e-48
6.95 0.2 9.61621e-48
6.95 0.25 6.49077e-47
6.95 0.3 4.29447e-46
6.95 0.35 2.78512e-45
6.95 0.4 1.77051e-44
6.95 0.45 1.10325e-43
6.95 0.5 6.73858e-43
6.95 0.55 4.03444e-42
6.95 0.6 2.36766e-41
6.95 0.65 1.36199e-40
6.95 0.7 7.67976e-40
6.95 0.75 4.24465e-39
6.95 0.8 2.29961e-38
6.95 0.85 1.2212e-37
6.95 0.9 6.35681e-37
6.95 0.95 3.24347e-36
6.95 1 1.62218e-35
6.95 1.05 7.95254e-35
6.95 1.1 3.82149e-34
6.95 1.15 1.80002e-33
6.95 1.2 8.31074e-33
6.95 1.25 3.76115e-32
6.95 1.3 1.66847e-31
6.95 1.35 7.25498e-31
6.95 1.4 3.09222e-30
6.95 1.45 1.29188e-29
6.95 1.5 5.29045e-29
6.95 1.55 2.12364e-28
6.95 1.6 8.35574e-28
6.95 1.65 3.2226e-27
6.95 1.7 1.21828e-26
6.95 1.75 4.51442e-26
6.95 1.8 1.63974e-25
6.95 1.85 5.83801e-25
6.95 1.9 2.03738e-24
6.95 1.95 6.96939e-24
6.95 2 2.33687e-23
6.95 2.05 7.68053e-23
6.95 2.1 2.47437e-22
6.95 2.15 7.81364e-22
6.95 2.2 2.41857e-21
6.95 2.25 7.33805e-21
6.95 2.3 2.18232e-20
6.95 2.35 6.36169e-20
6.95 2.4 1.81778e-19
6.95 2.45 5.0913e-19
6.95 2.5 1.39775e-18
6.95 2.55 3.76138e-18
6.95 2.6 9.92158e-18
6.95 2.65 2.56525e-17
6.95 2.7 6.50121e-17
6.95 2.75 1.61501e-16
6.95 2.8 3.93251e-16
6.95 2.85 9.38601e-16
6.95 2.9 2.19587e-15
6.95 2.95 5.03558e-15
6.95 3 1.1319e-14
6.95 3.05 2.4939e-14
6.95 3.1 5.386e-14
6.95 3.15 1.14017e-13
6.95 3.2 2.36585e-13
6.95 3.25 4.81193e-13
6.95 3.3 9.59328e-13
6.95 3.35 1.87469e-12
6.95 3.4 3.59094e-12
6.95 3.45 6.74218e-12
6.95 3.5 1.24082e-11
6.95 3.55 2.23836e-11
6.95 3.6 3.95792e-11
6.95 3.65 6.85992e-11
6.95 3.7 1.16543e-10
6.95 3.75 1.94074e-10
6.95 3.8 3.16784e-10
6.95 3.85 5.06844e-10
6.95 3.9 7.94876e-10
6.95 3.95 1.22191e-09
6.95 4 1.84117e-09
6.95 4.05 2.71933e-09
6.95 4.1 3.93683e-09
6.95 4.15 5.58656e-09
6.95 4.2 7.77064e-09
6.95 4.25 1.05946e-08
6.95 4.3 1.41588e-08
6.95 4.35 1.85473e-08
6.95 4.4 2.38151e-08
6.95 4.45 2.99734e-08
6.95 4.5 3.69774e-08
6.95 4.55 4.47146e-08
6.95 4.6 5.30002e-08
6.95 4.65 6.15772e-08
6.95 4.7 7.01256e-08
6.95 4.75 7.82794e-08
6.95 4.8 8.56511e-08
6.95 4.85 9.18614e-08
6.95 4.9 9.65711e-08
6.95 4.95 9.9512e-08
6.95 5 1.00512e-07
6.95 5.05 9.9512e-08
6.95 5.1 9.65711e-08
6.95 5.15 9.18614e-08
6.95 5.2 8.56511e-08
6.95 5.25 7.82794e-08
6.95 5.3 7.01256e-08
6.95 5.35 6.15772e-08
6.95 5.4 5.30002e-08
6.95 5.45 4.47146e-08
6.95 5.5 3.69774e-08
6.95 5.55 2.99734e-08
6.95 5.6 2.38151e-08
6.95 5.65 1.85473e-08
6.95 5.7 1.41588e-08
6.95 5.75 1.05946e-08
6.95 5.8 7.77064e-09
6.95 5.85 5.58656e-09
6.95 5.9 3.93683e-09
6.95 5.95 2.71933e-09
6.95 6 1.84117e-09
6.95 6.05 1.22191e-09
6.95 6.1 7.94876e-10
6.95 6.15 5.06844e-10
6.95 6.2 3.16784e-10
6.95 6.25 1.94074e-10
6.95 6.3 1.16543e-10
6.95 6.35 6.85992e-11
6.95 6.4 3.95792e-11
6.95 6.45 2.23836e-11
6.95 6.5 1.24082e-11
6.95 6.55 6.74218e-12
6.95 6.6 3.59094e-12
6.95 6.65 1.87469e-12
6.95 6.7 9.59328e-13
6.95 6.75 4.81193e-13
6.95 6.8 2.36585e-13
6.95 6.85 1.14017e-13
6.95 6.9 5.386e-14
6.95 6.95 2.4939e-14
6.95 7 1.1319e-14
6.95 7.05 5.03558e-15
6.95 7.1 2.19587e-15
6.95 7.15 9.38601e-16
6.95 7.2 3.93251e-16
6.95 7.25 1.61501e-16
6.95 7.3 6.50121e-17
6.95 7.35 2.56525e-17
6.95 7.4 9.92158e-18
6.95 7.45 3.76138e-18
6.95 7.5 1.39775e-18
6.95 7.55 5.0913e-19
6.95 7.6 1.81778e-19
6.95 7.65 6.36169e-20
6.95 7.7 2.18232e-20
6.95 7.75 7.33805e-21
6.95 7.8 2.41857e-21
6.95 7.85 7.81364e-22
6.95 7.9 2.47437e-22
6.95 7.95 7.68053e-23
6.95 8 2.33687e-23
6.95 8.05 6.96939e-24
6.95 8.1 2.03738e-24
6.95 8.15 5.83801e-25
6.95 8.2 1.63974e-25
6.95 8.25 4.51442e-26
6.95 8.3 1.21828e-26
6.95 8.35 3.2226e-27
6.95 8.4 8.35574e-28
6.95 8.45 2.12364e-28
6.95 8.5 5.29045e-29
6.95 8.55 1.29188e-29
6.95 8.6 3.09222e-30
6.95 8.65 7.25498e-31
6.95 8.7 1.66847e-31
6.95 8.75 3.76115e-32
6.95 8.8 8.31074e-33
6.95 8.85 1.80002e-33
6.95 8.9 3.82149e-34
6.95 8.95 7.95254e-35
6.95 9 1.62218e-35
6.95 9.05 3.24347e-36
6.95 9.1 6.35681e-37
6.95 9.15 1.2212e-37
6.95 9.2 2.29961e-38
6.95 9.25 4.24465e-39
6.95 9.3 7.67976e-40
6.95 9.35 1.36199e-40
6.95 9.4 2.36766e-41
6.95 9.45 4.03444e-42
6.95 9.5 6.73858e-43
6.95 9.55 1.10325e-43
6.95 9.6 1.77051e-44
6.95 9.65 2.78512e-45
6.95 9.7 4.29447e-46
6.95 9.75 6.49077e-47
6.95 9.8 9.61621e-48
6.95 9.85 1.39647e-48
6.95 9.9 1.98785e-49
6.95 9.95 2.75332e-50
6.95 10 0
7 0 0
7 0.05 1.24975e-50
7 0.1 9.02342e-50
7 0.15 6.33898e-49
7 0.2 4.36505e-48
7 0.25 2.94632e-47
7 0.3 1.94936e-46
7 0.35 1.26423e-45
7 0.4 8.0367e-45
7 0.45 5.00785e-44
7 0.5 3.05876e-43
7 0.55 1.8313e-42
7 0.6 1.07471e-41
7 0.65 6.18224e-41
7 0.7 3.48593e-40
7 0.75 1.92669e-39
7 0.8 1.04382e-38
7 0.85 5.54313e-38
7 0.9 2.88539e-37
7 0.95 1.47222e-36
7 1 7.36312e-36
7 1.05 3.60968e-35
7 1.1 1.73458e-34
7 1.15 8.17028e-34
7 1.2 3.77223e-33
7 1.25 1.70718e-32
7 1.3 7.57314e-32
7 1.35 3.293e-31
7 1.4 1.40354e-30
7 1.45 5.86377e-30
7 1.5 2.40129e-29
7 1.55 9.63899e-29
7 1.6 3.79258e-28
7 1.65 1.4627e-27
7 1.7 5.5296e-27
7 1.75 2.04903e-26
7 1.8 7.44254e-26
7 1.85 2.64978e-25
7 1.9 9.24732e-25
7 1.95 3.16328e-24
7 2 1.06066e-23
7 2.05 3.48604e-23
7 2.1 1.12307e-22
7 2.15 3.54645e-22
7 2.2 1.09774e-21
7 2.25 3.33057e-21
7 2.3 9.90504e-21
7 2.35 2.88742e-20
7 2.4 8.25047e-20
7 2.45 2.31081e-19
7 2.5 6.34402e-19
7 2.55 1.70719e-18
7 2.6 4.50313e-18
7 2.65 1.16429e-17
7 2.7 2.95071e-17
7 2.75 7.33003e-17
7 2.8 1.78485e-16
7 2.85 4.26002e-16
7 2.9 9.96637e-16
7 2.95 2.28548e-15
7 3 5.1373e-15
7 3.05 1.1319e-14
7 3.1 2.44452e-14
7 3.15 5.17482e-14
7 3.2 1.07377e-13
7 3.25 2.18396e-13
7 3.3 4.35404e-13
7 3.35 8.50853e-13
7 3.4 1.62979e-12
7 3.45 3.06002e-12
7 3.5 5.63159e-12
7 3.55 1.0159e-11
7 3.6 1.79635e-11
7 3.65 3.11345e-11
7 3.7 5.28941e-11
7 3.75 8.80823e-11
7 3.8 1.43775e-10
7 3.85 2.30035e-10
7 3.9 3.60761e-10
7 3.95 5.54574e-10
7 4 8.35629e-10
7 4.05 1.23419e-09
7 4.1 1.78676e-09
7 4.15 2.5355e-09
7 4.2 3.52676e-09
7 4.25 4.80842e-09
7 4.3 6.42605e-09
7 4.35 8.41782e-09
7 4.4 1.08086e-08
7 4.45 1.36036e-08
7 4.5 1.67824e-08
7 4.55 2.0294e-08
7 4.6 2.40544e-08
7 4.65 2.79471e-08
7 4.7 3.18269e-08
7 4.75 3.55275e-08
7 4.8 3.88732e-08
7 4.85 4.16917e-08
7 4.9 4.38293e-08
7 4.95 4.5164e-08
7 5 4.56179e-08
7 5.05 4.5164e-08
7 5.1 4.38293e-08
7 5.15 4.16917e-08
7 5.2 3.88732e-08
7 5.25 3.55275e-08
7 5.3 3.18269e-08
7 5.35 2.79471e-08
7 5.4 2.40544e-08
7 5.45 2.0294e-08
7 5.5 1.67824e-08
7 5.55 1.36036e-08
7 5.6 1.08086e-08
7 5.65 8.41782e-09
7 5.7 6.42605e-09
7 5.75 4.80842e-09
7 5.8 3.52676e-09
7 5.85 2.5355e-09
7 5.9 1.78676e-09
7 5.95 1.23419e-09
7 6 8.35629e-10
7 6.05 5.54574e-10
7 6.1 3.60761e-10
7 6.15 2.30035e-10
7 6.2 1.43775e-10
7 6.25 8.80823e-11
7 6.3 5.28941e-11
7 6.35 3.11345e-11
7 6.4 1.79635e-11
7 6.45 1.0159e-11
7 6.5 5.63159e-12
7 6.55 3.06002e-12
7 6.6 1.62979e-12
7 6.65 8.50853e-13
7 6.7 4.35404e-13
7 6.75 2.18396e-13
7 6.8 1.07377e-13
7 6.85 5.17482e-14
7 6.9 2.44452e-14
7 6.95 1.1319e-14
7 7 5.1373e-15
7 7.05 2.28548e-15
7 7.1 9.96637e-16
7 7.15 4.26002e-16
7 7.2 1.78485e-16
7 7.25 7.33003e-17
7 7.3 2.95071e-17
7 7.35 1.16429e-17
7 7.4 4.50313e-18
7 7.45 1.70719e-18
7 7.5 6.34402e-19
7 7.55 2.31081e-19
7 7.6 8.25047e-20
7 7.65 2.88742e-20
7 7.7 9.90504e-21
7 7.75 3.33057e-21
7 7.8 1.09774e-21
7 7.85 3.54645e-22
7 7.9 1.12307e-22
7 7.95 3.48604e-23
7 8 1.06066e-23
7 8.05 3.16328e-24
7 8.1 9.24732e-25
7 8.15 2.64978e-25
7 8.2 7.44254e-26
7 8.25 2.04903e-26
7 8.3 5.5296e-27
7 8.35 1.4627e-27
7 8.4 3.79258e-28
7 8.45 9.63899e-29
7 8.5 2.40129e-29
7 8.55 5.86377e-30
7 8.6 1.40354e-30
7 8.65 3.293e-31
7 8.7 7.57314e-32
7 8.75 1.70718e-32
7 8.8 3.77223e-33
7 8.85 8.17028e-34
7 8.9 1.73458e-34
7 8.95 3.60968e-35
7 9 7.36312e-36
7 9.05 1.47222e-36
7 9.1 2.88539e-37
7 9.15 5.54313e-38
7 9.2 1.04382e-38
7 9.25 1.92669e-39
7 9.3 3.48593e-40
7 9.35 6.18224e-41
7 9.4 1.07471e-41
7 9.45 1.8313e-42
7 9.5 3.05876e-43
7 9.55 5.00785e-44
7 9.6 8.0367e-45
7 9.65 1.26423e-45
7 9.7 1.94936e-46
7 9.75 2.94632e-47
7 9.8 4.36505e-48
7 9.85 6.33898e-49
7 9.9 9.02342e-50
7 9.95 1.24975e-50
7 10 0
7.05 0 0
7.05 0.05 5.56036e-51
7.05 0.1 4.01492e-50
7.05 0.15 2.82048e-49
7.05 0.2 1.94219e-48
7.05 0.25 1.31093e-47
7.05 0.3 8.67343e-47
7.05 0.35 5.62499e-46
7.05 0.4 3.5758e-45
7.05 0.45 2.22816e-44
7.05 0.5 1.36094e-43
7.05 0.55 8.14799e-43
7.05 0.6 4.78171e-42
7.05 0.65 2.75065e-41
7.05 0.7 1.55098e-40
7.05 0.75 8.57231e-40
7.05 0.8 4.64418e-39
7.05 0.85 2.46626e-38
7.05 0.9 1.28377e-37
7.05 0.95 6.55021e-37
7.05 1 3.27598e-36
7.05 1.05 1.60601e-35
7.05 1.1 7.7174e-35
7.05 1.15 3.63507e-34
7.05 1.2 1.67832e-33
7.05 1.25 7.59543e-33
7.05 1.3 3.36937e-32
7.05 1.35 1.46509e-31
7.05 1.4 6.24447e-31
7.05 1.45 2.60883e-30
7.05 1.5 1.06835e-29
7.05 1.55 4.28843e-29
7.05 1.6 1.68733e-28
7.05 1.65 6.5076e-28
7.05 1.7 2.46013e-27
7.05 1.75 9.11617e-27
7.05 1.8 3.31118e-26
7.05 1.85 1.17888e-25
7.05 1.9 4.11411e-25
7.05 1.95 1.40734e-24
7.05 2 4.71885e-24
7.05 2.05 1.55092e-23
7.05 2.1 4.99645e-23
7.05 2.15 1.57779e-22
7.05 2.2 4.88375e-22
7.05 2.25 1.48174e-21
7.05 2.3 4.40666e-21
7.05 2.35 1.28458e-20
7.05 2.4 3.67054e-20
7.05 2.45 1.02805e-19
7.05 2.5 2.82238e-19
7.05 2.55 7.59506e-19
7.05 2.6 2.00338e-18
7.05 2.65 5.17977e-18
7.05 2.7 1.31272e-17
7.05 2.75 3.26101e-17
7.05 2.8 7.94048e-17
7.05 2.85 1.89521e-16
7.05 2.9 4.43386e-16
7.05 2.95 1.01677e-15
7.05 3 2.28548e-15
7.05 3.05 5.03558e-15
7.05 3.1 1.08752e-14
7.05 3.15 2.30217e-14
7.05 3.2 4.77699e-14
7.05 3.25 9.71596e-14
7.05 3.3 1.93701e-13
7.05 3.35 3.78525e-13
7.05 3.4 7.25055e-13
7.05 3.45 1.36133e-12
7.05 3.5 2.50536e-12
7.05 3.55 4.51951e-12
7.05 3.6 7.99148e-12
7.05 3.65 1.38509e-11
7.05 3.7 2.35312e-11
7.05 3.75 3.91855e-11
7.05 3.8 6.39617e-11
7.05 3.85 1.02336e-10
7.05 3.9 1.60493e-10
7.05 3.95 2.46714e-10
7.05 4 3.71748e-10
7.05 4.05 5.49056e-10
7.05 4.1 7.94877e-10
7.05 4.15 1.12797e-09
7.05 4.2 1.56895e-09
7.05 4.25 2.13912e-09
7.05 4.3 2.85876e-09
7.05 4.35 3.74484e-09
7.05 4.4 4.80842e-09
7.05 4.45 6.05184e-09
7.05 4.5 7.46597e-09
7.05 4.55 9.02817e-09
7.05 4.6 1.07011e-08
7.05 4.65 1.24328e-08
7.05 4.7 1.41588e-08
7.05 4.75 1.58051e-08
7.05 4.8 1.72935e-08
7.05 4.85 1.85474e-08
7.05 4.9 1.94983e-08
7.05 4.95 2.00921e-08
7.05 5 2.0294e-08
7.05 5.05 2.00921e-08
7.05 5.1 1.94983e-08
7.05 5.15 1.85474e-08
7.05 5.2 1.72935e-08
7.05 5.25 1.58051e-08
7.05 5.3 1.41588e-08
7.05 5.35 1.24328e-08
7.05 5.4 1.07011e-08
7.05 5.45 9.02817e-09
7.05 5.5 7.46597e-09
7.05 5.55 6.05184e-09
7.05 5.6 4.80842e-09
7.05 5.65 3.74484e-09
7.05 5.7 2.85876e-09
7.05 5.75 2.13912e-09
7.05 5.8 1.56895e-09
7.05 5.85 1.12797e-09
7.05 5.9 7.94877e-10
7.05 5.95 5.49056e-10
7.05 6 3.71748e-10
7.05 6.05 2.46714e-10
7.05 6.1 1.60493e-10
7.05 6.15 1.02336e-10
7.05 6.2 6.39617e-11
7.05 6.25 3.91855e-11
7.05 6.3 2.35312e-11
7.05 6.35 1.38509e-11
7.05 6.4 7.99148e-12
7.05 6.45 4.51951e-12
7.05 6.5 2.50536e-12
7.05 6.55 1.36133e-12
7.05 6.6 7.25055e-13
7.05 6.65 3.78525e-13
7.05 6.7 1.93701e-13
7.05 6.75 9.71596e-14
7.05 6.8 4.77699e-14
7.05 6.85 2.30217e-14
7.05 6.9 1.08752e-14
7.05 6.95 5.03558e-15
7.05 7 2.28548e-15
7.05 7.05 1.01677e-15
7.05 7.1 4.43386e-16
7.05 7.15 1.89521e-16
7.05 7.2 7.94048e-17
7.05 7.25 3.26101e-17
7.05 7.3 1.31272e-17
7.05 7.35 5.17977e-18
7.05 7.4 2.00338e-18
7.05 7.45 7.59506e-19
7.05 7.5 2.82238e-19
7.05 7.55 1.02805e-19
7.05 7.6 3.67054e-20
7.05 7.65 1.28458e-20
7.05 7.7 4.40666e-21
7.05 7.75 1.48174e-21
7.05 7.8 4.88375e-22
7.05 7.85 1.57779e-22
7.05 7.9 4.99645e-23
7.05 7.95 1.55092e-23
7.05 8 4.71885e-24
7.05 8.05 1.40734e-24
7.05 8.1 4.11411e-25
7.05 8.15 1.17888e-25
7.05 8.2 3.31118e-26
7.05 8.25 9.11617e-27
7.05 8.3 2.46013e-27
7.05 8.35 6.5076e-28
7.05 8.4 1.68733e-28
7.05 8.45 4.28843e-29
7.05 8.5 1.06835e-29
7.05 8.55 2.60883e-30
7.05 8.6 6.24447e-31
7.05 8.65 1.46509e-31
7.05 8.7 3.36937e-32
7.05 8.75 7.59543e-33
7.05 8.8 1.67832e-33
7.05 8.85 3.63507e-34
7.05 8.9 7.7174e-35
7.05 8.95 1.60601e-35
7.05 9 3.27598e-36
7.05 9.05 6.55021e-37
7.05 9.1 1.28377e-37
7.05 9.15 2.46626e-38
7.05 9.2 4.64418e-39
7.05 9.25 8.57231e-40
7.05 9.3 1.55098e-40
7.05 9.35 2.75065e-41
7.05 9.4 4.78171e-42
7.05 9.45 8.14799e-43
7.05 9.5 1.36094e-43
7.05 9.55 2.22816e-44
7.05 9.6 3.5758e-45
7.05 9.65 5.62499e-46
7.05 9.7 8.67343e-47
7.05 9.75 1.31093e-47
7.05 9.8 1.94219e-48
7.05 9.85 2.82048e-49
7.05 9.9 4.01492e-50
7.05 9.95 5.56036e-51
7.05 10 0
7.1 0 0
7.1 0.05 2.42494e-51
7.1 0.1 1.75105e-50
7.1 0.15 1.23011e-49
7.1 0.2 8.47052e-49
7.1 0.25 5.71739e-48
7.1 0.3 3.78274e-47
7.1 0.35 2.45322e-46
7.1 0.4 1.5595e-45
7.1 0.45 9.71755e-45
7.1 0.5 5.93537e-44
7.1 0.55 3.55352e-43
7.1 0.6 2.0854e-42
7.1 0.65 1.19961e-41
7.1 0.7 6.76411e-41
7.1 0.75 3.73853e-40
7.1 0.8 2.0254e-39
7.1 0.85 1.07557e-38
7.1 0.9 5.59869e-38
7.1 0.95 2.85662e-37
7.1 1 1.42869e-36
7.1 1.05 7.00393e-36
7.1 1.1 3.36562e-35
7.1 1.15 1.58528e-34
7.1 1.2 7.31922e-34
7.1 1.25 3.3124e-33
7.1 1.3 1.46939e-32
7.1 1.35 6.38927e-32
7.1 1.4 2.72322e-31
7.1 1.45 1.13771e-30
7.1 1.5 4.65905e-30
7.1 1.55 1.87017e-29
7.1 1.6 7.3584e-29
7.1 1.65 2.83793e-28
7.1 1.7 1.07285e-27
7.1 1.75 3.97549e-27
7.1 1.8 1.44398e-26
7.1 1.85 5.14101e-26
7.1 1.9 1.79412e-25
7.1 1.95 6.13723e-25
7.1 2 2.05783e-24
7.1 2.05 6.76338e-24
7.1 2.1 2.17888e-23
7.1 2.15 6.88051e-23
7.1 2.2 2.12973e-22
7.1 2.25 6.46164e-22
7.1 2.3 1.92167e-21
7.1 2.35 5.60183e-21
7.1 2.4 1.60065e-20
7.1 2.45 4.48313e-20
7.1 2.5 1.23078e-19
7.1 2.55 3.31204e-19
7.1 2.6 8.73629e-19
7.1 2.65 2.25878e-18
7.1 2.7 5.72448e-18
7.1 2.75 1.42205e-17
7.1 2.8 3.46265e-17
7.1 2.85 8.26451e-17
7.1 2.9 1.93349e-16
7.1 2.95 4.43386e-16
7.1 3 9.96637e-16
7.1 3.05 2.19587e-15
7.1 3.1 4.74235e-15
7.1 3.15 1.00391e-14
7.1 3.2 2.0831e-14
7.1 3.25 4.23684e-14
7.1 3.3 8.44672e-14
7.1 3.35 1.65063e-13
7.1 3.4 3.16174e-13
7.1 3.45 5.93631e-13
7.1 3.5 1.0925e-12
7.1 3.55 1.97081e-12
7.1 3.6 3.48482e-12
7.1 3.65 6.03991e-12
7.1 3.7 1.02612e-11
7.1 3.75 1.70874e-11
7.1 3.8 2.78915e-11
7.1 3.85 4.46253e-11
7.1 3.9 6.99851e-11
7.1 3.95 1.07583e-10
7.1 4 1.62106e-10
7.1 4.05 2.39423e-10
7.1 4.1 3.46616e-10
7.1 4.15 4.91865e-10
7.1 4.2 6.84161e-10
7.1 4.25 9.32792e-10
7.1 4.3 1.2466e-09
7.1 4.35 1.63298e-09
7.1 4.4 2.09677e-09
7.1 4.45 2.63897e-09
7.1 4.5 3.25562e-09
7.1 4.55 3.93683e-09
7.1 4.6 4.66632e-09
7.1 4.65 5.42147e-09
7.1 4.7 6.17409e-09
7.1 4.75 6.89198e-09
7.1 4.8 7.54101e-09
7.1 4.85 8.08777e-09
7.1 4.9 8.50243e-09
7.1 4.95 8.76136e-09
7.1 5 8.84941e-09
7.1 5.05 8.76136e-09
7.1 5.1 8.50243e-09
7.1 5.15 8.08777e-09
7.1 5.2 7.54101e-09
7.1 5.25 6.89198e-09
7.1 5.3 6.17409e-09
7.1 5.35 5.42147e-09
7.1 5.4 4.66632e-09
7.1 5.45 3.93683e-09
7.1 5.5 3.25562e-09
7.1 5.55 2.63897e-09
7.1 5.6 2.09677e-09
7.1 5.65 1.63298e-09
7.1 5.7 1.2466e-09
7.1 5.75 9.32792e-10
7.1 5.8 6.84161e-10
7.1 5.85 4.91865e-10
7.1 5.9 3.46616e-10
7.1 5.95 2.39423e-10
7.1 6 1.62106e-10
7.1 6.05 1.07583e-10
7.1 6.1 6.99851e-11
7.1 6.15 4.46253e-11
7.1 6.2 2.78915e-11
7.1 6.25 1.70874e-11
7.1 6.3 1.02612e-11
7.1 6.35 6.03991e-12
7.1 6.4 3.48482e-12
7.1 6.45 1.97081e-12
7.1 6.5 1.0925e-12
7.1 6.55 5.93631e-13
7.1 6.6 3.16174e-13
7.1 6.65 1.65063e-13
7.1 6.7 8.44672e-14
7.1 6.75 4.23684e-14
7.1 6.8 2.0831e-14
7.1 6.85 1.00391e-14
7.1 6.9 4.74235e-15
7.1 6.95 2.19587e-15
7.1 7 9.96637e-16
7.1 7.05 4.43386e-16
7.1 7.1 1.93349e-16
7.1 7.15 8.26451e-17
7.1 7.2 3.46265e-17
7.1 7.25 1.42205e-17
7.1 7.3 5.72448e-18
7.1 7.35 2.25878e-18
7.1 7.4 8.73629e-19
7.1 7.45 3.31204e-19
7.1 7.5 1.23078e-19
7.1 7.55 4.48313e-20
7.1 7.6 1.60065e-20
7.1 7.65 5.60183e-21
7.1 7.7 1.92167e-21
7.1 7.75 6.46164e-22
7.1 7.8 2.12973e-22
7.1 7.85 6.88051e-23
7.1 7.9 2.17888e-23
7.1 7.95 6.76338e-24
7.1 8 2.05783e-24
7.1 8.05 6.13723e-25
7.1 8.1 1.79412e-25
7.1 8.15 5.14101e-26
7.1 8.2 1.44398e-26
7.1 8.25 3.97549e-27
7.1 8.3 1.07285e-27
7.1 8.35 2.83793e-28
7.1 8.4 7.3584e-29
7.1 8.45 1.87017e-29
7.1 8.5 4.65905e-30
7.1 8.55 1.13771e-30
7.1 8.6 2.72322e-31
7.1 8.65 6.38927e-32
7.1 8.7 1.46939e-32
7.1 8.75 3.3124e-33
7.1 8.8 7.31922e-34
7.1 8.85 1.58528e-34
7.1 8.9 3.36562e-35
7.1 8.95 7.00393e-36
7.1 9 1.42869e-36
7.1 9.05 2.85662e-37
7.1 9.1 5.59869e-38
7.1 9.15 1.07557e-38
7.1 9.2 2.0254e-39
7.1 9.25 3.73853e-40
7.1 9.3 6.76411e-41
7.1 9.35 1.19961e-41
7.1 9.4 2.0854e-42
7.1 9.45 3.55352e-43
7.1 9.5 5.93537e-44
7.1 9.55 9.71755e-45
7.1 9.6 1.5595e-45
7.1 9.65 2.45322e-46
7.1 9.7 3.78274e-47
7.1 9.75 5.71739e-48
7.1 9.8 8.47052e-49
7.1 9.85 1.23011e-49
7.1 9.9 1.75105e-50
7.1 9.95 2.42494e-51
7.1 10 0
7.15 0 0
7.15 0.05 1.03661e-51
7.15 0.1 7.48579e-51
7.15 0.15 5.25873e-50
7.15 0.2 3.62115e-49
7.15 0.25 2.44417e-48
7.15 0.3 1.61711e-47
7.15 0.35 1.04874e-46
7.15 0.4 6.66678e-46
7.15 0.45 4.15418e-45
7.15 0.5 2.53731e-44
7.15 0.55 1.51909e-43
7.15 0.6 8.91483e-43
7.15 0.65 5.12817e-42
7.15 0.7 2.89155e-41
7.15 0.75 1.59816e-40
7.15 0.8 8.6582e-40
7.15 0.85 4.59785e-39
7.15 0.9 2.39332e-38
7.15 0.95 1.22114e-37
7.15 1 6.10732e-37
7.15 1.05 2.99401e-36
7.15 1.1 1.43871e-35
7.15 1.15 6.77663e-35
7.15 1.2 3.12876e-34
7.15 1.25 1.41595e-33
7.15 1.3 6.2812e-33
7.15 1.35 2.73121e-32
7.15 1.4 1.16409e-31
7.15 1.45 4.86332e-31
7.15 1.5 1.99158e-30
7.15 1.55 7.99431e-30
7.15 1.6 3.14544e-29
7.15 1.65 1.21311e-28
7.15 1.7 4.586e-28
7.15 1.75 1.69936e-27
7.15 1.8 6.17241e-27
7.15 1.85 2.19756e-26
7.15 1.9 7.66909e-26
7.15 1.95 2.62339e-25
7.15 2 8.79629e-25
7.15 2.05 2.89103e-24
7.15 2.1 9.31369e-24
7.15 2.15 2.94109e-23
7.15 2.2 9.10353e-23
7.15 2.25 2.76203e-22
7.15 2.3 8.21415e-22
7.15 2.35 2.39449e-21
7.15 2.4 6.84196e-21
7.15 2.45 1.9163e-20
7.15 2.5 5.26092e-20
7.15 2.55 1.41572e-19
7.15 2.6 3.73428e-19
7.15 2.65 9.65501e-19
7.15 2.7 2.44689e-18
7.15 2.75 6.07844e-18
7.15 2.8 1.48008e-17
7.15 2.85 3.53259e-17
7.15 2.9 8.26451e-17
7.15 2.95 1.89521e-16
7.15 3 4.26002e-16
7.15 3.05 9.38601e-16
7.15 3.1 2.02706e-15
7.15 3.15 4.29108e-15
7.15 3.2 8.90394e-15
7.15 3.25 1.81098e-14
7.15 3.3 3.61043e-14
7.15 3.35 7.05537e-14
7.15 3.4 1.35144e-13
7.15 3.45 2.53738e-13
7.15 3.5 4.66973e-13
7.15 3.55 8.42389e-13
7.15 3.6 1.48953e-12
7.15 3.65 2.58166e-12
7.15 3.7 4.38595e-12
7.15 3.75 7.30371e-12
7.15 3.8 1.19217e-11
7.15 3.85 1.90742e-11
7.15 3.9 2.99138e-11
7.15 3.95 4.59843e-11
7.15 4 6.92888e-11
7.15 4.05 1.02337e-10
7.15 4.1 1.48154e-10
7.15 4.15 2.10238e-10
7.15 4.2 2.9243e-10
7.15 4.25 3.98702e-10
7.15 4.3 5.3283e-10
7.15 4.35 6.97982e-10
7.15 4.4 8.96218e-10
7.15 4.45 1.12797e-09
7.15 4.5 1.39154e-09
7.15 4.55 1.68271e-09
7.15 4.6 1.99451e-09
7.15 4.65 2.31728e-09
7.15 4.7 2.63898e-09
7.15 4.75 2.94582e-09
7.15 4.8 3.22323e-09
7.15 4.85 3.45693e-09
7.15 4.9 3.63417e-09
7.15 4.95 3.74484e-09
7.15 5 3.78248e-09
7.15 5.05 3.74484e-09
7.15 5.1 3.63417e-09
7.15 5.15 3.45693e-09
7.15 5.2 3.22323e-09
7.15 5.25 2.94582e-09
7.15 5.3 2.63898e-09
7.15 5.35 2.31728e-09
7.15 5.4 1.99451e-09
7.15 5.45 1.68271e-09
7.15 5.5 1.39154e-09
7.15 5.55 1.12797e-09
7.15 5.6 8.96218e-10
7.15 5.65 6.97982e-10
7.15 5.7 5.3283e-10
7.15 5.75 3.98702e-10
7.15 5.8 2.9243e-10
7.15 5.85 2.10238e-10
7.15 5.9 1.48154e-10
7.15 5.95 1.02337e-10
7.15 6 6.92888e-11
7.15 6.05 4.59843e-11
7.15 6.1 2.99138e-11
7.15 6.15 1.90742e-11
7.15 6.2 1.19217e-11
7.15 6.25 7.30371e-12
7.15 6.3 4.38595e-12
7.15 6.35 2.58166e-12
7.15 6.4 1.48953e-12
7.15 6.45 8.42389e-13
7.15 6.5 4.66973e-13
7.15 6.55 2.53738e-13
7.15 6.6 1.35144e-13
7.15 6.65 7.05537e-14
7.15 6.7 3.61043e-14
7.15 6.75 1.81098e-14
7.15 6.8 8.90394e-15
7.15 6.85 4.29108e-15
7.15 6.9 2.02706e-15
7.15 6.95 9.38601e-16
7.15 7 4.26002e-16
7.15 7.05 1.89521e-16
7.15 7.1 8.26451e-17
7.15 7.15 3.53259e-17
7.15 7.2 1.48008e-17
7.15 7.25 6.07844e-18
7.15 7.3 2.44689e-18
7.15 7.35 9.65501e-19
7.15 7.4 3.73428e-19
7.15 7.45 1.41572e-19
7.15 7.5 5.26092e-20
7.15 7.55 1.9163e-20
7.15 7.6 6.84196e-21
7.15 7.65 2.39449e-21
7.15 7.7 8.21415e-22
7.15 7.75 2.76203e-22
7.15 7.8 9.10353e-23
7.15 7.85 2.94109e-23
7.15 7.9 9.31369e-24
7.15 7.95 2.89103e-24
7.15 8 8.79629e-25
7.15 8.05 2.62339e-25
7.15 8.1 7.66909e-26
7.15 8.15 2.19756e-26
7.15 8.2 6.17241e-27
7.15 8.25 1.69936e-27
7.15 8.3 4.586e-28
7.15 8.35 1.21311e-28
7.15 8.4 3.14544e-29
7.15 8.45 7.99431e-30
7.15 8.5 1.99158e-30
7.15 8.55 4.86332e-31
7.15 8.6 1.16409e-31
7.15 8.65 2.73121e-32
7.15 8.7 6.2812e-33
7.15 8.75 1.41595e-33
7.15 8.8 3.12876e-34
7.15 8.85 6.77663e-35
7.15 8.9 1.43871e-35
7.15 8.95 2.99401e-36
7.15 9 6.10732e-37
7.15 9.05 1.22114e-37
7.15 9.1 2.39332e-38
7.15 9.15 4.59785e-39
7.15 9.2 8.6582e-40
7.15 9.25 1.59816e-40
7.15 9.3 2.89155e-41
7.15 9.35 5.12817e-42
7.15 9.4 8.91483e-43
7.15 9.45 1.51909e-43
7.15 9.5 2.53731e-44
7.15 9.55 4.15418e-45
7.15 9.6 6.66678e-46
7.15 9.65 1.04874e-46
7.15 9.7 1.61711e-47
7.15 9.75 2.44417e-48
7.15 9.8 3.62115e-49
7.15 9.85 5.25873e-50
7.15 9.9 7.48579e-51
7.15 9.95 1.03661e-51
7.15 10 0
7.2 0 0
7.2 0.05 4.34354e-52
7.2 0.1 3.13685e-51
7.2 0.15 2.20361e-50
7.2 0.2 1.5174e-49
7.2 0.25 1.0242e-48
7.2 0.3 6.77624e-48
7.2 0.35 4.39456e-47
7.2 0.4 2.79359e-46
7.2 0.45 1.74072e-45
7.2 0.5 1.06321e-44
7.2 0.55 6.36539e-44
7.2 0.6 3.73554e-43
7.2 0.65 2.14883e-42
7.2 0.7 1.21163e-41
7.2 0.75 6.69662e-41
7.2 0.8 3.62796e-40
7.2 0.85 1.92658e-39
7.2 0.9 1.00284e-38
7.2 0.95 5.11678e-38
7.2 1 2.55905e-37
7.2 1.05 1.25453e-36
7.2 1.1 6.02838e-36
7.2 1.15 2.83948e-35
7.2 1.2 1.31098e-34
7.2 1.25 5.93295e-34
7.2 1.3 2.63186e-33
7.2 1.35 1.14439e-32
7.2 1.4 4.87757e-32
7.2 1.45 2.03775e-31
7.2 1.5 8.34477e-31
7.2 1.55 3.34962e-30
7.2 1.6 1.31794e-29
7.2 1.65 5.0829e-29
7.2 1.7 1.92152e-28
7.2 1.75 7.12027e-28
7.2 1.8 2.58622e-27
7.2 1.85 9.20767e-27
7.2 1.9 3.2133e-26
7.2 1.95 1.09918e-25
7.2 2 3.68558e-25
7.2 2.05 1.21132e-24
7.2 2.1 3.90234e-24
7.2 2.15 1.23228e-23
7.2 2.2 3.81427e-23
7.2 2.25 1.15726e-22
7.2 2.3 3.44162e-22
7.2 2.35 1.00326e-21
7.2 2.4 2.86668e-21
7.2 2.45 8.02898e-21
7.2 2.5 2.20424e-20
7.2 2.55 5.93161e-20
7.2 2.6 1.56459e-19
7.2 2.65 4.04527e-19
7.2 2.7 1.0252e-18
7.2 2.75 2.54674e-18
7.2 2.8 6.20122e-18
7.2 2.85 1.48008e-17
7.2 2.9 3.46265e-17
7.2 2.95 7.94048e-17
7.2 3 1.78485e-16
7.2 3.05 3.93251e-16
7.2 3.1 8.49287e-16
7.2 3.15 1.79785e-15
7.2 3.2 3.73052e-15
7.2 3.25 7.58752e-15
7.2 3.3 1.51267e-14
7.2 3.35 2.95601e-14
7.2 3.4 5.66214e-14
7.2 3.45 1.06309e-13
7.2 3.5 1.95648e-13
7.2 3.55 3.52936e-13
7.2 3.6 6.24067e-13
7.2 3.65 1.08164e-12
7.2 3.7 1.83758e-12
7.2 3.75 3.06003e-12
7.2 3.8 4.99481e-12
7.2 3.85 7.9915e-12
7.2 3.9 1.25329e-11
7.2 3.95 1.92659e-11
7.2 4 2.90297e-11
7.2 4.05 4.28757e-11
7.2 4.1 6.20716e-11
7.2 4.15 8.80825e-11
7.2 4.2 1.22518e-10
7.2 4.25 1.67043e-10
7.2 4.3 2.23238e-10
7.2 4.35 2.9243e-10
7.2 4.4 3.75485e-10
7.2 4.45 4.72581e-10
7.2 4.5 5.83008e-10
7.2 4.55 7.04997e-10
7.2 4.6 8.35631e-10
7.2 4.65 9.7086e-10
7.2 4.7 1.10564e-09
7.2 4.75 1.23419e-09
7.2 4.8 1.35042e-09
7.2 4.85 1.44833e-09
7.2 4.9 1.52259e-09
7.2 4.95 1.56896e-09
7.2 5 1.58472e-09
7.2 5.05 1.56896e-09
7.2 5.1 1.52259e-09
7.2 5.15 1.44833e-09
7.2 5.2 1.35042e-09
7.2 5.25 1.23419e-09
7.2 5.3 1.10564e-09
7.2 5.35 9.7086e-10
7.2 5.4 8.35631e-10
7.2 5.45 7.04997e-10
7.2 5.5 5.83008e-10
7.2 5.55 4.72581e-10
7.2 5.6 3.75485e-10
7.2 5.65 2.9243e-10
7.2 5.7 2.23238e-10
7.2 5.75 1.67043e-10
7.2 5.8 1.22518e-10
7.2 5.85 8.80825e-11
7.2 5.9 6.20716e-11
7.2 5.95 4.28757e-11
7.2 6 2.90297e-11
7.2 6.05 1.92659e-11
7.2 6.1 1.25329e-11
7.2 6.15 7.9915e-12
7.2 6.2 4.99481e-12
7.2 6.25 3.06003e-12
7.2 6.3 1.83758e-12
7.2 6.35 1.08164e-12
7.2 6.4 6.24067e-13
7.2 6.45 3.52936e-13
7.2 6.5 1.95648e-13
7.2 6.55 1.06309e-13
7.2 6.6 5.66214e-14
7.2 6.65 2.95601e-14
7.2 6.7 1.51267e-14
7.2 6.75 7.58752e-15
7.2 6.8 3.73052e-15
7.2 6.85 1.79785e-15
7.2 6.9 8.49287e-16
7.2 6.95 3.93251e-16
7.2 7 1.78485e-16
7.2 7.05 7.94048e-17
7.2 7.1 3.46265e-17
7.2 7.15 1.48008e-17
7.2 7.2 6.20122e-18
7.2 7.25 2.54674e-18
7.2 7.3 1.0252e-18
7.2 7.35 4.04527e-19
7.2 7.4 1.56459e-19
7.2 7.45 5.93161e-20
7.2 7.5 2.20424e-20
7.2 7.55 8.02898e-21
7.2 7.6 2.86668e-21
7.2 7.65 1.00326e-21
7.2 7.7 3.44162e-22
7.2 7.75 1.15726e-22
7.2 7.8 3.81427e-23
7.2 7.85 1.23228e-23
7.2 7.9 3.90234e-24
7.2 7.95 1.21132e-24
7.2 8 3.68558e-25
7.2 8.05 1.09918e-25
7.2 8.1 3.2133e-26
7.2 8.15 9.20767e-27
7.2 8.2 2.58622e-27
7.2 8.25 7.12027e-28
7.2 8.3 1.92152e-28
7.2 8.35 5.0829e-29
7.2 8.4 1.31794e-29
7.2 8.45 3.34962e-30
7.2 8.5 8.34477e-31
7.2 8.55 2.03775e-31
7.2 8.6 4.87757e-32
7.2 8.65 1.14439e-32
7.2 8.7 2.63186e-33
7.2 8.75 5.93295e-34
7.2 8.8 1.31098e-34
7.2 8.85 2.83948e-35
7.2 8.9 6.02838e-36
7.2 8.95 1.25453e-36
7.2 9 2.55905e-37
7.2 9.05 5.11678e-38
7.2 9.1 1.00284e-38
7.2 9.15 1.92658e-39
7.2 9.2 3.62796e-40
7.2 9.25 6.69662e-41
7.2 9.3 1.21163e-41
7.2 9.35 2.14883e-42
7.2 9.4 3.73554e-43
7.2 9.45 6.36539e-44
7.2 9.5 1.06321e-44
7.2 9.55 1.74072e-45
7.2 9.6 2.79359e-46
7.2 9.65 4.39456e-47
7.2 9.7 6.77624e-48
7.2 9.75 1.0242e-48
7.2 9.8 1.5174e-49
7.2 9.85 2.20361e-50
7.2 9.9 3.13685e-51
7.2 9.95 4.34354e-52
7.2 10 0
7.25 0 0
7.25 0.05 1.78398e-52
7.25 0.1 1.28845e-51
7.25 0.15 9.05121e-51
7.25 0.2 6.23259e-50
7.25 0.25 4.20679e-49
7.25 0.3 2.78327e-48
7.25 0.35 1.80501e-47
7.25 0.4 1.14743e-46
7.25 0.45 7.14975e-46
7.25 0.5 4.36694e-45
7.25 0.55 2.61447e-44
7.25 0.6 1.5343e-43
7.25 0.65 8.82584e-43
7.25 0.7 4.97648e-42
7.25 0.75 2.75048e-41
7.25 0.8 1.49009e-40
7.25 0.85 7.91293e-40
7.25 0.9 4.11889e-39
7.25 0.95 2.10157e-38
7.25 1 1.05105e-37
7.25 1.05 5.15257e-37
7.25 1.1 2.47596e-36
7.25 1.15 1.16622e-35
7.25 1.2 5.38438e-35
7.25 1.25 2.43674e-34
7.25 1.3 1.08094e-33
7.25 1.35 4.70014e-33
7.25 1.4 2.00326e-32
7.25 1.45 8.36919e-32
7.25 1.5 3.42726e-31
7.25 1.55 1.37571e-30
7.25 1.6 5.41284e-30
7.25 1.65 2.08757e-29
7.25 1.7 7.89175e-29
7.25 1.75 2.92431e-28
7.25 1.8 1.06216e-27
7.25 1.85 3.78159e-27
7.25 1.9 1.3197e-26
7.25 1.95 4.51432e-26
7.25 2 1.51365e-25
7.25 2.05 4.97482e-25
7.25 2.1 1.60267e-24
7.25 2.15 5.06091e-24
7.25 2.2 1.5665e-23
7.25 2.25 4.75276e-23
7.25 2.3 1.41344e-22
7.25 2.35 4.12029e-22
7.25 2.4 1.17732e-21
7.25 2.45 3.29742e-21
7.25 2.5 9.05255e-21
7.25 2.55 2.43604e-20
7.25 2.6 6.42558e-20
7.25 2.65 1.66133e-19
7.25 2.7 4.21034e-19
7.25 2.75 1.04591e-18
7.25 2.8 2.54674e-18
7.25 2.85 6.07844e-18
7.25 2.9 1.42205e-17
7.25 2.95 3.26101e-17
7.25 3 7.33003e-17
7.25 3.05 1.61501e-16
7.25 3.1 3.48786e-16
7.25 3.15 7.38342e-16
7.25 3.2 1.53205e-15
7.25 3.25 3.11603e-15
7.25 3.3 6.21221e-15
7.25 3.35 1.21396e-14
7.25 3.4 2.32531e-14
7.25 3.45 4.36587e-14
7.25 3.5 8.03481e-14
7.25 3.55 1.44942e-13
7.25 3.6 2.56289e-13
7.25 3.65 4.44201e-13
7.25 3.7 7.54646e-13
7.25 3.75 1.25667e-12
7.25 3.8 2.05124e-12
7.25 3.85 3.2819e-12
7.25 3.9 5.14693e-12
7.25 3.95 7.912e-12
7.25 4 1.19217e-11
7.25 4.05 1.76078e-11
7.25 4.1 2.54911e-11
7.25 4.15 3.6173e-11
7.25 4.2 5.03148e-11
7.25 4.25 6.85995e-11
7.25 4.3 9.16772e-11
7.25 4.35 1.20093e-10
7.25 4.4 1.542e-10
7.25 4.45 1.94075e-10
7.25 4.5 2.39424e-10
7.25 4.55 2.89521e-10
7.25 4.6 3.43169e-10
7.25 4.65 3.98703e-10
7.25 4.7 4.54052e-10
7.25 4.75 5.06846e-10
7.25 4.8 5.54576e-10
7.25 4.85 5.94786e-10
7.25 4.9 6.2528e-10
7.25 4.95 6.44322e-10
7.25 5 6.50797e-10
7.25 5.05 6.44322e-10
7.25 5.1 6.2528e-10
7.25 5.15 5.94786e-10
7.25 5.2 5.54576e-10
7.25 5.25 5.06846e-10
7.25 5.3 4.54052e-10
7.25 5.35 3.98703e-10
7.25 5.4 3.43169e-10
7.25 5.45 2.89521e-10
7.25 5.5 2.39424e-10
7.25 5.55 1.94075e-10
7.25 5.6 1.542e-10
7.25 5.65 1.20093e-10
7.25 5.7 9.16772e-11
7.25 5.75 6.85995e-11
7.25 5.8 5.03148e-11
7.25 5.85 3.6173e-11
7.25 5.9 2.54911e-11
7.25 5.95 1.76078e-11
7.25 6 1.19217e-11
7.25 6.05 7.912e-12
7.25 6.1 5.14693e-12
7.25 6.15 3.2819e-12
7.25 6.2 2.05124e-12
7.25 6.25 1.25667e-12
7.25 6.3 7.54646e-13
7.25 6.35 4.44201e-13
7.25 6.4 2.56289e-13
7.25 6.45 1.44942e-13
7.25 6.5 8.03481e-14
7.25 6.55 4.36587e-14
7.25 6.6 2.32531e-14
7.25 6.65 1.21396e-14
7.25 6.7 6.21221e-15
7.25 6.75 3.11603e-15
7.25 6.8 1.53205e-15
7.25 6.85 7.38342e-16
7.25 6.9 3.48786e-16
7.25 6.95 1.61501e-16
7.25 7 7.33003e-17
7.25 7.05 3.26101e-17
7.25 7.1 1.42205e-17
7.25 7.15 6.07844e-18
7.25 7.2 2.54674e-18
7.25 7.25 1.04591e-18
7.25 7.3 4.21034e-19
7.25 7.35 1.66133e-19
7.25 7.4 6.42558e-20
7.25 7.45 2.43604e-20
7.25 7.5 9.05255e-21
7.25 7.55 3.29742e-21
7.25 7.6 1.17732e-21
7.25 7.65 4.12029e-22
7.25 7.7 1.41344e-22
7.25 7.75 4.75276e-23
7.25 7.8 1.5665e-23
7.25 7.85 5.06091e-24
7.25 7.9 1.60267e-24
7.25 7.95 4.97482e-25
7.25 8 1.51365e-25
7.25 8.05 4.51432e-26
7.25 8.1 1.3197e-26
7.25 8.15 3.78159e-27
7.25 8.2 1.06216e-27
7.25 8.25 2.92431e-28
7.25 8.3 7.89175e-29
7.25 8.35 2.08757e-29
7.25 8.4 5.41284e-30
7.25 8.45 1.37571e-30
7.25 8.5 3.42726e-31
7.25 8.55 8.36919e-32
7.25 8.6 2.00326e-32
7.25 8.65 4.70014e-33
7.25 8.7 1.08094e-33
7.25 8.75 2.43674e-34
7.25 8.8 5.38438e-35
7.25 8.85 1.16622e-35
7.25 8.9 2.47596e-36
7.25 8.95 5.15257e-37
7.25 9 1.05105e-37
7.25 9.05 2.10157e-38
7.25 9.1 4.11889e-39
7.25 9.15 7.91293e-40
7.25 9.2 1.49009e-40
7.25 9.25 2.75048e-41
7.25 9.3 4.97648e-42
7.25 9.35 8.82584e-43
7.25 9.4 1.5343e-43
7.25 9.45 2.61447e-44
7.25 9.5 4.36694e-45
7.25 9.55 7.14975e-46
7.25 9.6 1.14743e-46
7.25 9.65 1.80501e-47
7.25 9.7 2.78327e-48
7.25 9.75 4.20679e-49
7.25 9.8 6.23259e-50
7.25 9.85 9.05121e-51
7.25 9.9 1.28845e-51
7.25 9.95 1.78398e-52
7.25 10 0
7.3 0 0
7.3 0.05 7.18213e-53
7.3 0.1 5.18748e-52
7.3 0.15 3.64414e-51
7.3 0.2 2.50931e-50
7.3 0.25 1.6937e-49
7.3 0.3 1.12057e-48
7.3 0.35 7.2671e-48
7.3 0.4 4.61961e-47
7.3 0.45 2.87852e-46
7.3 0.5 1.75814e-45
7.3 0.55 1.05259e-44
7.3 0.6 6.17708e-44
7.3 0.65 3.55327e-43
7.3 0.7 2.00352e-42
7.3 0.75 1.10733e-41
7.3 0.8 5.99902e-41
7.3 0.85 3.18569e-40
7.3 0.9 1.65823e-39
7.3 0.95 8.46069e-39
7.3 1 4.23142e-38
7.3 1.05 2.07436e-37
7.3 1.1 9.96785e-37
7.3 1.15 4.69502e-36
7.3 1.2 2.16766e-35
7.3 1.25 9.80988e-35
7.3 1.3 4.35165e-34
7.3 1.35 1.89218e-33
7.3 1.4 8.06472e-33
7.3 1.45 3.36925e-32
7.3 1.5 1.37973e-31
7.3 1.55 5.53828e-31
7.3 1.6 2.17907e-30
7.3 1.65 8.40399e-30
7.3 1.7 3.177e-29
7.3 1.75 1.17724e-28
7.3 1.8 4.27594e-28
7.3 1.85 1.52235e-27
7.3 1.9 5.31269e-27
7.3 1.95 1.81732e-26
7.3 2 6.09346e-26
7.3 2.05 2.00269e-25
7.3 2.1 6.45179e-25
7.3 2.15 2.03734e-24
7.3 2.2 6.30613e-24
7.3 2.25 1.91328e-23
7.3 2.3 5.68997e-23
7.3 2.35 1.65866e-22
7.3 2.4 4.73939e-22
7.3 2.45 1.3274e-21
7.3 2.5 3.64417e-21
7.3 2.55 9.80643e-21
7.3 2.6 2.58666e-20
7.3 2.65 6.68779e-20
7.3 2.7 1.69489e-19
7.3 2.75 4.21034e-19
7.3 2.8 1.0252e-18
7.3 2.85 2.44689e-18
7.3 2.9 5.72448e-18
7.3 2.95 1.31272e-17
7.3 3 2.95071e-17
7.3 3.05 6.50121e-17
7.3 3.1 1.40403e-16
7.3 3.15 2.97219e-16
7.3 3.2 6.16723e-16
7.3 3.25 1.25435e-15
7.3 3.3 2.50071e-15
7.3 3.35 4.88678e-15
7.3 3.4 9.36045e-15
7.3 3.45 1.75746e-14
7.3 3.5 3.23437e-14
7.3 3.55 5.83458e-14
7.3 3.6 1.03168e-13
7.3 3.65 1.7881e-13
7.3 3.7 3.03778e-13
7.3 3.75 5.05865e-13
7.3 3.8 8.25711e-13
7.3 3.85 1.3211e-12
7.3 3.9 2.07186e-12
7.3 3.95 3.18491e-12
7.3 4 4.79898e-12
7.3 4.05 7.08788e-12
7.3 4.1 1.02612e-11
7.3 4.15 1.45611e-11
7.3 4.2 2.02537e-11
7.3 4.25 2.76141e-11
7.3 4.3 3.69037e-11
7.3 4.35 4.8342e-11
7.3 4.4 6.20718e-11
7.3 4.45 7.81228e-11
7.3 4.5 9.63775e-11
7.3 4.55 1.16544e-10
7.3 4.6 1.38139e-10
7.3 4.65 1.60493e-10
7.3 4.7 1.82773e-10
7.3 4.75 2.04025e-10
7.3 4.8 2.23238e-10
7.3 4.85 2.39424e-10
7.3 4.9 2.51699e-10
7.3 4.95 2.59364e-10
7.3 5 2.61971e-10
7.3 5.05 2.59364e-10
7.3 5.1 2.51699e-10
7.3 5.15 2.39424e-10
7.3 5.2 2.23238e-10
7.3 5.25 2.04025e-10
7.3 5.3 1.82773e-10
7.3 5.35 1.60493e-10
7.3 5.4 1.38139e-10
7.3 5.45 1.16544e-10
7.3 5.5 9.63775e-11
7.3 5.55 7.81228e-11
7.3 5.6 6.20718e-11
7.3 5.65 4.8342e-11
7.3 5.7 3.69037e-11
7.3 5.75 2.76141e-11
7.3 5.8 2.02537e-11
7.3 5.85 1.45611e-11
7.3 5.9 1.02612e-11
7.3 5.95 7.08788e-12
7.3 6 4.79898e-12
7.3 6.05 3.18491e-12
7.3 6.1 2.07186e-12
7.3 6.15 1.3211e-12
7.3 6.2 8.25711e-13
7.3 6.25 5.05865e-13
7.3 6.3 3.03778e-13
7.3 6.35 1.7881e-13
7.3 6.4 1.03168e-13
7.3 6.45 5.83458e-14
7.3 6.5 3.23437e-14
7.3 6.55 1.75746e-14
7.3 6.6 9.36045e-15
7.3 6.65 4.88678e-15
7.3 6.7 2.50071e-15
7.3 6.75 1.25435e-15
7.3 6.8 6.16723e-16
7.3 6.85 2.97219e-16
7.3 6.9 1.40403e-16
7.3 6.95 6.50121e-17
7.3 7 2.95071e-17
7.3 7.05 1.31272e-17
7.3 7.1 5.72448e-18
7.3 7.15 2.44689e-18
7.3 7.2 1.0252e-18
7.3 7.25 4.21034e-19
7.3 7.3 1.69489e-19
7.3 7.35 6.68779e-20
7.3 7.4 2.58666e-20
7.3 7.45 9.80643e-21
7.3 7.5 3.64417e-21
7.3 7.55 1.3274e-21
7.3 7.6 4.73939e-22
7.3 7.65 1.65866e-22
7.3 7.7 5.68997e-23
7.3 7.75 1.91328e-23
7.3 7.8 6.30613e-24
7.3 7.85 2.03734e-24
7.3 7.9 6.45179e-25
7.3 7.95 2.00269e-25
7.3 8 6.09346e-26
7.3 8.05 1.81732e-26
7.3 8.1 5.31269e-27
7.3 8.15 1.52235e-27
7.3 8.2 4.27594e-28
7.3 8.25 1.17724e-28
7.3 8.3 3.177e-29
7.3 8.35 8.40399e-30
7.3 8.4 2.17907e-30
7.3 8.45 5.53828e-31
7.3 8.5 1.37973e-31
7.3 8.55 3.36925e-32
7.3 8.6 8.06472e-33
7.3 8.65 1.89218e-33
7.3 8.7 4.35165e-34
7.3 8.75 9.80988e-35
7.3 8.8 2.16766e-35
7.3 8.85 4.69502e-36
7.3 8.9 9.96785e-37
7.3 8.95 2.07436e-37
7.3 9 4.23142e-38
7.3 9.05 8.46069e-39
7.3 9.1 1.65823e-39
7.3 9.15 3.18569e-40
7.3 9.2 5.99902e-41
7.3 9.25 1.10733e-41
7.3 9.3 2.00352e-42
7.3 9.35 3.55327e-43
7.3 9.4 6.17708e-44
7.3 9.45 1.05259e-44
7.3 9.5 1.75814e-45
7.3 9.55 2.87852e-46
7.3 9.6 4.61961e-47
7.3 9.65 7.2671e-48
7.3 9.7 1.12057e-48
7.3 9.75 1.6937e-49
7.3 9.8 2.50931e-50
7.3 9.85 3.64414e-51
7.3 9.9 5.18748e-52
7.3 9.95 7.18213e-53
7.3 10 0
7.35 0 0
7.35 0.05 2.83421e-53
7.35 0.1 2.04722e-52
7.35 0.15 1.43814e-51
7.35 0.2 9.90282e-51
7.35 0.25 6.68403e-50
7.35 0.3 4.4222e-49
7.35 0.35 2.86787e-48
7.35 0.4 1.82306e-47
7.35 0.45 1.13596e-46
7.35 0.5 6.93821e-46
7.35 0.55 4.15385e-45
7.35 0.6 2.43766e-44
7.35 0.65 1.40222e-43
7.35 0.7 7.90642e-43
7.35 0.75 4.36981e-42
7.35 0.8 2.36736e-41
7.35 0.85 1.25715e-40
7.35 0.9 6.54374e-40
7.35 0.95 3.33876e-39
7.35 1 1.6698e-38
7.35 1.05 8.1858e-38
7.35 1.1 3.93348e-37
7.35 1.15 1.85273e-36
7.35 1.2 8.5539e-36
7.35 1.25 3.8711e-35
7.35 1.3 1.71721e-34
7.35 1.35 7.46674e-34
7.35 1.4 3.18241e-33
7.35 1.45 1.32953e-32
7.35 1.5 5.44452e-32
7.35 1.55 2.18544e-31
7.35 1.6 8.59872e-31
7.35 1.65 3.31625e-30
7.35 1.7 1.25365e-29
7.35 1.75 4.64542e-29
7.35 1.8 1.68729e-28
7.35 1.85 6.00719e-28
7.35 1.9 2.09638e-27
7.35 1.95 7.17109e-27
7.35 2 2.40446e-26
7.35 2.05 7.90253e-26
7.35 2.1 2.54584e-25
7.35 2.15 8.03921e-25
7.35 2.2 2.48835e-24
7.35 2.25 7.54965e-24
7.35 2.3 2.24521e-23
7.35 2.35 6.54493e-23
7.35 2.4 1.87011e-22
7.35 2.45 5.23778e-22
7.35 2.5 1.43795e-21
7.35 2.55 3.86949e-21
7.35 2.6 1.02066e-20
7.35 2.65 2.63891e-20
7.35 2.7 6.68779e-20
7.35 2.75 1.66133e-19
7.35 2.8 4.04527e-19
7.35 2.85 9.65501e-19
7.35 2.9 2.25878e-18
7.35 2.95 5.17977e-18
7.35 3 1.16429e-17
7.35 3.05 2.56525e-17
7.35 3.1 5.54004e-17
7.35 3.15 1.17276e-16
7.35 3.2 2.43346e-16
7.35 3.25 4.94939e-16
7.35 3.3 9.86724e-16
7.35 3.35 1.92821e-15
7.35 3.4 3.69341e-15
7.35 3.45 6.93452e-15
7.35 3.5 1.2762e-14
7.35 3.55 2.30218e-14
7.35 3.6 4.07073e-14
7.35 3.65 7.05539e-14
7.35 3.7 1.19863e-13
7.35 3.75 1.99601e-13
7.35 3.8 3.25804e-13
7.35 3.85 5.21271e-13
7.35 3.9 8.17497e-13
7.35 3.95 1.25668e-12
7.35 4 1.89354e-12
7.35 4.05 2.79668e-12
7.35 4.1 4.04877e-12
7.35 4.15 5.74539e-12
7.35 4.2 7.99153e-12
7.35 4.25 1.08957e-11
7.35 4.3 1.45611e-11
7.35 4.35 1.90743e-11
7.35 4.4 2.44916e-11
7.35 4.45 3.08249e-11
7.35 4.5 3.80276e-11
7.35 4.55 4.59845e-11
7.35 4.6 5.45053e-11
7.35 4.65 6.33257e-11
7.35 4.7 7.21167e-11
7.35 4.75 8.0502e-11
7.35 4.8 8.80829e-11
7.35 4.85 9.44693e-11
7.35 4.9 9.93127e-11
7.35 4.95 1.02337e-10
7.35 5 1.03366e-10
7.35 5.05 1.02337e-10
7.35 5.1 9.93127e-11
7.35 5.15 9.44693e-11
7.35 5.2 8.80829e-11
7.35 5.25 8.0502e-11
7.35 5.3 7.21167e-11
7.35 5.35 6.33257e-11
7.35 5.4 5.45053e-11
7.35 5.45 4.59845e-11
7.35 5.5 3.80276e-11
7.35 5.55 3.08249e-11
7.35 5.6 2.44916e-11
7.35 5.65 1.90743e-11
7.35 5.7 1.45611e-11
7.35 5.75 1.08957e-11
7.35 5.8 7.99153e-12
7.35 5.85 5.74539e-12
7.35 5.9 4.04877e-12
7.35 5.95 2.79668e-12
7.35 6 1.89354e-12
7.35 6.05 1.25668e-12
7.35 6.1 8.17497e-13
7.35 6.15 5.21271e-13
7.35 6.2 3.25804e-13
7.35 6.25 1.99601e-13
7.35 6.3 1.19863e-13
7.35 6.35 7.05539e-14
7.35 6.4 4.07073e-14
7.35 6.45 2.30218e-14
7.35 6.5 1.2762e-14
7.35 6.55 6.93452e-15
7.35 6.6 3.69341e-15
7.35 6.65 1.92821e-15
7.35 6.7 9.86724e-16
7.35 6.75 4.94939e-16
7.35 6.8 2.43346e-16
7.35 6.85 1.17276e-16
7.35 6.9 5.54004e-17
7.35 6.95 2.56525e-17
7.35 7 1.16429e-17
7.35 7.05 5.17977e-18
7.35 7.1 2.25878e-18
7.35 7.15 9.65501e-19
7.35 7.2 4.04527e-19
7.35 7.25 1.66133e-19
7.35 7.3 6.68779e-20
7.35 7.35 2.63891e-20
7.35 7.4 1.02066e-20
7.35 7.45 3.86949e-21
7.35 7.5 1.43795e-21
7.35 7.55 5.23778e-22
7.35 7.6 1.87011e-22
7.35 7.65 6.54493e-23
7.35 7.7 2.24521e-23
7.35 7.75 7.54965e-24
7.35 7.8 2.48835e-24
7.35 7.85 8.03921e-25
7.35 7.9 2.54584e-25
7.35 7.95 7.90253e-26
7.35 8 2.40446e-26
7.35 8.05 7.17109e-27
7.35 8.1 2.09638e-27
7.35 8.15 6.00719e-28
7.35 8.2 1.68729e-28
7.35 8.25 4.64542e-29
7.35 8.3 1.25365e-29
7.35 8.35 3.31625e-30
7.35 8.4 8.59872e-31
7.35 8.45 2.18544e-31
7.35 8.5 5.44452e-32
7.35 8.55 1.32953e-32
7.35 8.6 3.18241e-33
7.35 8.65 7.46674e-34
7.35 8.7 1.71721e-34
7.35 8.75 3.8711e-35
7.35 8.8 8.5539e-36
7.35 8.85 1.85273e-36
7.35 8.9 3.93348e-37
7.35 8.95 8.1858e-38
7.35 9 1.6698e-38
7.35 9.05 3.33876e-39
7.35 9.1 6.54374e-40
7.35 9.15 1.25715e-40
7.35 9.2 2.36736e-41
7.35 9.25 4.36981e-42
7.35 9.3 7.90642e-43
7.35 9.35 1.40222e-43
7.35 9.4 2.43766e-44
7.35 9.45 4.15385e-45
7.35 9.5 6.93821e-46
7.35 9.55 1.13596e-46
7.35 9.6 1.82306e-47
7.35 9.65 2.86787e-48
7.35 9.7 4.4222e-49
7.35 9.75 6.68403e-50
7.35 9.8 9.90282e-51
7.35 9.85 1.43814e-51
7.35 9.9 2.04722e-52
7.35 9.95 2.83421e-53
7.35 10 0
7.4 0 0
7.4 0.05 1.0963e-53
7.4 0.1 7.91934e-53
7.4 0.15 5.56319e-52
7.4 0.2 3.83071e-51
7.4 0.25 2.58558e-50
7.4 0.3 1.71063e-49
7.4 0.35 1.10937e-48
7.4 0.4 7.05206e-48
7.4 0.45 4.39417e-47
7.4 0.5 2.68385e-46
7.4 0.55 1.60679e-45
7.4 0.6 9.42933e-45
7.4 0.65 5.42403e-44
7.4 0.7 3.05833e-43
7.4 0.75 1.6903e-42
7.4 0.8 9.15725e-42
7.4 0.85 4.86278e-41
7.4 0.9 2.53118e-40
7.4 0.95 1.29146e-39
7.4 1 6.4589e-39
7.4 1.05 3.16632e-38
7.4 1.1 1.52149e-37
7.4 1.15 7.16641e-37
7.4 1.2 3.30867e-36
7.4 1.25 1.49735e-35
7.4 1.3 6.64217e-35
7.4 1.35 2.88813e-34
7.4 1.4 1.23095e-33
7.4 1.45 5.14259e-33
7.4 1.5 2.10592e-32
7.4 1.55 8.45314e-32
7.4 1.6 3.32592e-31
7.4 1.65 1.2827e-30
7.4 1.7 4.84901e-30
7.4 1.75 1.7968e-29
7.4 1.8 6.52624e-29
7.4 1.85 2.32351e-28
7.4 1.9 8.10851e-28
7.4 1.95 2.77368e-27
7.4 2 9.30008e-27
7.4 2.05 3.05657e-26
7.4 2.1 9.84689e-26
7.4 2.15 3.10942e-25
7.4 2.2 9.62448e-25
7.4 2.25 2.92005e-24
7.4 2.3 8.68402e-24
7.4 2.35 2.53144e-23
7.4 2.4 7.23318e-23
7.4 2.45 2.02585e-22
7.4 2.5 5.56163e-22
7.4 2.55 1.49662e-21
7.4 2.6 3.94765e-21
7.4 2.65 1.02066e-20
7.4 2.7 2.58666e-20
7.4 2.75 6.42558e-20
7.4 2.8 1.56459e-19
7.4 2.85 3.73428e-19
7.4 2.9 8.73629e-19
7.4 2.95 2.00338e-18
7.4 3 4.50313e-18
7.4 3.05 9.92158e-18
7.4 3.1 2.14271e-17
7.4 3.15 4.53587e-17
7.4 3.2 9.4118e-17
7.4 3.25 1.91426e-16
7.4 3.3 3.81631e-16
7.4 3.35 7.45764e-16
7.4 3.4 1.42848e-15
7.4 3.45 2.68203e-15
7.4 3.5 4.9359e-15
7.4 3.55 8.90398e-15
7.4 3.6 1.57441e-14
7.4 3.65 2.72876e-14
7.4 3.7 4.63584e-14
7.4 3.75 7.7198e-14
7.4 3.8 1.26008e-13
7.4 3.85 2.01607e-13
7.4 3.9 3.16176e-13
7.4 3.95 4.86032e-13
7.4 4 7.32347e-13
7.4 4.05 1.08164e-12
7.4 4.1 1.5659e-12
7.4 4.15 2.22208e-12
7.4 4.2 3.09079e-12
7.4 4.25 4.214e-12
7.4 4.3 5.63163e-12
7.4 4.35 7.37715e-12
7.4 4.4 9.47234e-12
7.4 4.45 1.19218e-11
7.4 4.5 1.47075e-11
7.4 4.55 1.77849e-11
7.4 4.6 2.10803e-11
7.4 4.65 2.44917e-11
7.4 4.7 2.78917e-11
7.4 4.75 3.11347e-11
7.4 4.8 3.40667e-11
7.4 4.85 3.65367e-11
7.4 4.9 3.84099e-11
7.4 4.95 3.95796e-11
7.4 5 3.99773e-11
7.4 5.05 3.95796e-11
7.4 5.1 3.84099e-11
7.4 5.15 3.65367e-11
7.4 5.2 3.40667e-11
7.4 5.25 3.11347e-11
7.4 5.3 2.78917e-11
7.4 5.35 2.44917e-11
7.4 5.4 2.10803e-11
7.4 5.45 1.77849e-11
7.4 5.5 1.47075e-11
7.4 5.55 1.19218e-11
7.4 5.6 9.47234e-12
7.4 5.65 7.37715e-12
7.4 5.7 5.63163e-12
7.4 5.75 4.214e-12
7.4 5.8 3.09079e-12
7.4 5.85 2.22208e-12
7.4 5.9 1.5659e-12
7.4 5.95 1.08164e-12
7.4 6 7.32347e-13
7.4 6.05 4.86032e-13
7.4 6.1 3.16176e-13
7.4 6.15 2.01607e-13
7.4 6.2 1.26008e-13
7.4 6.25 7.7198e-14
7.4 6.3 4.63584e-14
7.4 6.35 2.72876e-14
7.4 6.4 1.57441e-14
7.4 6.45 8.90398e-15
7.4 6.5 4.9359e-15
7.4 6.55 2.68203e-15
7.4 6.6 1.42848e-15
7.4 6.65 7.45764e-16
7.4 6.7 3.81631e-16
7.4 6.75 1.91426e-16
7.4 6.8 9.4118e-17
7.4 6.85 4.53587e-17
7.4 6.9 2.14271e-17
7.4 6.95 9.92158e-18
7.4 7 4.50313e-18
7.4 7.05 2.00338e-18
7.4 7.1 8.73629e-19
7.4 7.15 3.73428e-19
7.4 7.2 1.56459e-19
7.4 7.25 6.42558e-20
7.4 7.3 2.58666e-20
7.4 7.35 1.02066e-20
7.4 7.4 3.94765e-21
7.4 7.45 1.49662e-21
7.4 7.5 5.56163e-22
7.4 7.55 2.02585e-22
7.4 7.6 7.23318e-23
7.4 7.65 2.53144e-23
7.4 7.7 8.68402e-24
7.4 7.75 2.92005e-24
7.4 7.8 9.62448e-25
7.4 7.85 3.10942e-25
7.4 7.9 9.84689e-26
7.4 7.95 3.05657e-26
7.4 8 9.30008e-27
7.4 8.05 2.77368e-27
7.4 8.1 8.10851e-28
7.4 8.15 2.32351e-28
7.4 8.2 6.52624e-29
7.4 8.25 1.7968e-29
7.4 8.3 4.84901e-30
7.4 8.35 1.2827e-30
7.4 8.4 3.32592e-31
7.4 8.45 8.45314e-32
7.4 8.5 2.10592e-32
7.4 8.55 5.14259e-33
7.4 8.6 1.23095e-33
7.4 8.65 2.88813e-34
7.4 8.7 6.64217e-35
7.4 8.75 1.49735e-35
7.4 8.8 3.30867e-36
7.4 8.85 7.16641e-37
7.4 8.9 1.52149e-37
7.4 8.95 3.16632e-38
7.4 9 6.4589e-39
7.4 9.05 1.29146e-39
7.4 9.1 2.53118e-40
7.4 9.15 4.86278e-41
7.4 9.2 9.15725e-42
7.4 9.25 1.6903e-42
7.4 9.3 3.05833e-43
7.4 9.35 5.42403e-44
7.4 9.4 9.42933e-45
7.4 9.45 1.60679e-45
7.4 9.5 2.68385e-46
7.4 9.55 4.39417e-47
7.4 9.6 7.05206e-48
7.4 9.65 1.10937e-48
7.4 9.7 1.71063e-49
7.4 9.75 2.58558e-50
7.4 9.8 3.83071e-51
7.4 9.85 5.56319e-52
7.4 9.9 7.91934e-53
7.4 9.95 1.0963e-53
7.4 10 0
7.45 0 0
7.45 0.05 4.15663e-54
7.45 0.1 3.00283e-53
7.45 0.15 2.10942e-52
7.45 0.2 1.45251e-51
7.45 0.25 9.80378e-51
7.45 0.3 6.4862e-50
7.45 0.35 4.20638e-49
7.45 0.4 2.67391e-48
7.45 0.45 1.66612e-47
7.45 0.5 1.01762e-46
7.45 0.55 6.09235e-46
7.45 0.6 3.57524e-45
7.45 0.65 2.05658e-44
7.45 0.7 1.15959e-43
7.45 0.75 6.4089e-43
7.45 0.8 3.47202e-42
7.45 0.85 1.84374e-41
7.45 0.9 9.59706e-41
7.45 0.95 4.8966e-40
7.45 1 2.44889e-39
7.45 1.05 1.20051e-38
7.45 1.1 5.76869e-38
7.45 1.15 2.71712e-37
7.45 1.2 1.25446e-36
7.45 1.25 5.6771e-36
7.45 1.3 2.51833e-35
7.45 1.35 1.09501e-34
7.45 1.4 4.66702e-34
7.45 1.45 1.94976e-33
7.45 1.5 7.98432e-33
7.45 1.55 3.2049e-32
7.45 1.6 1.26098e-31
7.45 1.65 4.86315e-31
7.45 1.7 1.83842e-30
7.45 1.75 6.81225e-30
7.45 1.8 2.4743e-29
7.45 1.85 8.80912e-29
7.45 1.9 3.07418e-28
7.45 1.95 1.05158e-27
7.45 2 3.52592e-27
7.45 2.05 1.15883e-26
7.45 2.1 3.73321e-26
7.45 2.15 1.17886e-25
7.45 2.2 3.64887e-25
7.45 2.25 1.10706e-24
7.45 2.3 3.29231e-24
7.45 2.35 9.59722e-24
7.45 2.4 2.74225e-23
7.45 2.45 7.68041e-23
7.45 2.5 2.10852e-22
7.45 2.55 5.67397e-22
7.45 2.6 1.49662e-21
7.45 2.65 3.86949e-21
7.45 2.7 9.80643e-21
7.45 2.75 2.43604e-20
7.45 2.8 5.93161e-20
7.45 2.85 1.41572e-19
7.45 2.9 3.31204e-19
7.45 2.95 7.59506e-19
7.45 3 1.70719e-18
7.45 3.05 3.76138e-18
7.45 3.1 8.12323e-18
7.45 3.15 1.71959e-17
7.45 3.2 3.5681e-17
7.45 3.25 7.25713e-17
7.45 3.3 1.4468e-16
7.45 3.35 2.82725e-16
7.45 3.4 5.41548e-16
7.45 3.45 1.01677e-15
7.45 3.5 1.87123e-15
7.45 3.55 3.37555e-15
7.45 3.6 5.96867e-15
7.45 3.65 1.03449e-14
7.45 3.7 1.75747e-14
7.45 3.75 2.92661e-14
7.45 3.8 4.77702e-14
7.45 3.85 7.64301e-14
7.45 3.9 1.19863e-13
7.45 3.95 1.84256e-13
7.45 4 2.77635e-13
7.45 4.05 4.10053e-13
7.45 4.1 5.93636e-13
7.45 4.15 8.42395e-13
7.45 4.2 1.17172e-12
7.45 4.25 1.59753e-12
7.45 4.3 2.13496e-12
7.45 4.35 2.79668e-12
7.45 4.4 3.59097e-12
7.45 4.45 4.51955e-12
7.45 4.5 5.57561e-12
7.45 4.55 6.74225e-12
7.45 4.6 7.99155e-12
7.45 4.65 9.2848e-12
7.45 4.7 1.05737e-11
7.45 4.75 1.18032e-11
7.45 4.8 1.29147e-11
7.45 4.85 1.3851e-11
7.45 4.9 1.45612e-11
7.45 4.95 1.50046e-11
7.45 5 1.51554e-11
7.45 5.05 1.50046e-11
7.45 5.1 1.45612e-11
7.45 5.15 1.3851e-11
7.45 5.2 1.29147e-11
7.45 5.25 1.18032e-11
7.45 5.3 1.05737e-11
7.45 5.35 9.2848e-12
7.45 5.4 7.99155e-12
7.45 5.45 6.74225e-12
7.45 5.5 5.57561e-12
7.45 5.55 4.51955e-12
7.45 5.6 3.59097e-12
7.45 5.65 2.79668e-12
7.45 5.7 2.13496e-12
7.45 5.75 1.59753e-12
7.45 5.8 1.17172e-12
7.45 5.85 8.42395e-13
7.45 5.9 5.93636e-13
7.45 5.95 4.10053e-13
7.45 6 2.77635e-13
7.45 6.05 1.84256e-13
7.45 6.1 1.19863e-13
7.45 6.15 7.64301e-14
7.45 6.2 4.77702e-14
7.45 6.25 2.92661e-14
7.45 6.3 1.75747e-14
7.45 6.35 1.03449e-14
7.45 6.4 5.96867e-15
7.45 6.45 3.37555e-15
7.45 6.5 1.87123e-15
7.45 6.55 1.01677e-15
7.45 6.6 5.41548e-16
7.45 6.65 2.82725e-16
7.45 6.7 1.4468e-16
7.45 6.75 7.25713e-17
7.45 6.8 3.5681e-17
7.45 6.85 1.71959e-17
7.45 6.9 8.12323e-18
7.45 6.95 3.76138e-18
7.45 7 1.70719e-18
7.45 7.05 7.59506e-19
7.45 7.1 3.31204e-19
7.45 7.15 1.41572e-19
7.45 7.2 5.93161e-20
7.45 7.25 2.43604e-20
7.45 7.3 9.80643e-21
7.45 7.35 3.86949e-21
7.45 7.4 1.49662e-21
7.45 7.45 5.67397e-22
7.45 7.5 2.10852e-22
7.45 7.55 7.68041e-23
7.45 7.6 2.74225e-23
7.45 7.65 9.59722e-24
7.45 7.7 3.29231e-24
7.45 7.75 1.10706e-24
7.45 7.8 3.64887e-25
7.45 7.85 1.17886e-25
7.45 7.9 3.73321e-26
7.45 7.95 1.15883e-26
7.45 8 3.52592e-27
7.45 8.05 1.05158e-27
7.45 8.1 3.07418e-28
7.45 8.15 8.80912e-29
7.45 8.2 2.4743e-29
7.45 8.25 6.81225e-30
7.45 8.3 1.83842e-30
7.45 8.35 4.86315e-31
7.45 8.4 1.26098e-31
7.45 8.45 3.2049e-32
7.45 8.5 7.98432e-33
7.45 8.55 1.94976e-33
7.45 8.6 4.66702e-34
7.45 8.65 1.09501e-34
7.45 8.7 2.51833e-35
7.45 8.75 5.6771e-36
7.45 8.8 1.25446e-36
7.45 8.85 2.71712e-37
7.45 8.9 5.76869e-38
7.45 8.95 1.20051e-38
7.45 9 2.44889e-39
7.45 9.05 4.8966e-40
7.45 9.1 9.59706e-41
7.45 9.15 1.84374e-41
7.45 9.2 3.47202e-42
7.45 9.25 6.4089e-43
7.45 9.3 1.15959e-43
7.45 9.35 2.05658e-44
7.45 9.4 3.57524e-45
7.45 9.45 6.09235e-46
7.45 9.5 1.01762e-46
7.45 9.55 1.66612e-47
7.45 9.6 2.67391e-48
7.45 9.65 4.20638e-49
7.45 9.7 6.4862e-50
7.45 9.75 9.80378e-51
7.45 9.8 1.45251e-51
7.45 9.85 2.10942e-52
7.45 9.9 3.00283e-53
7.45 9.95 4.15663e-54
7.45 10 0
7.5 0 0
7.5 0.05 1.54479e-54
7.5 0.1 1.11607e-53
7.5 0.15 7.84009e-53
7.5 0.2 5.3985e-52
7.5 0.25 3.64374e-51
7.5 0.3 2.41069e-50
7.5 0.35 1.56336e-49
7.5 0.4 9.9379e-49
7.5 0.45 6.1923e-48
7.5 0.5 3.78207e-47
7.5 0.55 2.26427e-46
7.5 0.6 1.32876e-45
7.5 0.65 7.64336e-45
7.5 0.7 4.30965e-44
7.5 0.75 2.38188e-43
7.5 0.8 1.29038e-42
7.5 0.85 6.85225e-42
7.5 0.9 3.56672e-41
7.5 0.95 1.8198e-40
7.5 1 9.10119e-40
7.5 1.05 4.4616e-39
7.5 1.1 2.14389e-38
7.5 1.15 1.00979e-37
7.5 1.2 4.66209e-37
7.5 1.25 2.10983e-36
7.5 1.3 9.35906e-36
7.5 1.35 4.06945e-35
7.5 1.4 1.73443e-34
7.5 1.45 7.24595e-34
7.5 1.5 2.96724e-33
7.5 1.55 1.19104e-32
7.5 1.6 4.68617e-32
7.5 1.65 1.80729e-31
7.5 1.7 6.8321e-31
7.5 1.75 2.53162e-30
7.5 1.8 9.19516e-30
7.5 1.85 3.27369e-29
7.5 1.9 1.14244e-28
7.5 1.95 3.90791e-28
7.5 2 1.31031e-27
7.5 2.05 4.30645e-27
7.5 2.1 1.38734e-26
7.5 2.15 4.38087e-26
7.5 2.2 1.35599e-25
7.5 2.25 4.11403e-25
7.5 2.3 1.22348e-24
7.5 2.35 3.56648e-24
7.5 2.4 1.01906e-23
7.5 2.45 2.85415e-23
7.5 2.5 7.83554e-23
7.5 2.55 2.10852e-22
7.5 2.6 5.56163e-22
7.5 2.65 1.43795e-21
7.5 2.7 3.64417e-21
7.5 2.75 9.05255e-21
7.5 2.8 2.20424e-20
7.5 2.85 5.26092e-20
7.5 2.9 1.23078e-19
7.5 2.95 2.82238e-19
7.5 3 6.34402e-19
7.5 3.05 1.39775e-18
7.5 3.1 3.01864e-18
7.5 3.15 6.39009e-18
7.5 3.2 1.32592e-17
7.5 3.25 2.69677e-17
7.5 3.3 5.37633e-17
7.5 3.35 1.05061e-16
7.5 3.4 2.0124e-16
7.5 3.45 3.77835e-16
7.5 3.5 6.95351e-16
7.5 3.55 1.25436e-15
7.5 3.6 2.21796e-15
7.5 3.65 3.84415e-15
7.5 3.7 6.53074e-15
7.5 3.75 1.08753e-14
7.5 3.8 1.77513e-14
7.5 3.85 2.84013e-14
7.5 3.9 4.45409e-14
7.5 3.95 6.84692e-14
7.5 4 1.03168e-13
7.5 4.05 1.52374e-13
7.5 4.1 2.20593e-13
7.5 4.15 3.13031e-13
7.5 4.2 4.35408e-13
7.5 4.25 5.93637e-13
7.5 4.3 7.93341e-13
7.5 4.35 1.03923e-12
7.5 4.4 1.33439e-12
7.5 4.45 1.67944e-12
7.5 4.5 2.07187e-12
7.5 4.55 2.50538e-12
7.5 4.6 2.96962e-12
7.5 4.65 3.45018e-12
7.5 4.7 3.92914e-12
7.5 4.75 4.38599e-12
7.5 4.8 4.79902e-12
7.5 4.85 5.14697e-12
7.5 4.9 5.41084e-12
7.5 4.95 5.57562e-12
7.5 5 5.63165e-12
7.5 5.05 5.57562e-12
7.5 5.1 5.41084e-12
7.5 5.15 5.14697e-12
7.5 5.2 4.79902e-12
7.5 5.25 4.38599e-12
7.5 5.3 3.92914e-12
7.5 5.35 3.45018e-12
7.5 5.4 2.96962e-12
7.5 5.45 2.50538e-12
7.5 5.5 2.07187e-12
7.5 5.55 1.67944e-12
7.5 5.6 1.33439e-12
7.5 5.65 1.03923e-12
7.5 5.7 7.93341e-13
7.5 5.75 5.93637e-13
7.5 5.8 4.35408e-13
7.5 5.85 3.13031e-13
7.5 5.9 2.20593e-13
7.5 5.95 1.52374e-13
7.5 6 1.03168e-13
7.5 6.05 6.84692e-14
7.5 6.1 4.45409e-14
7.5 6.15 2.84013e-14
7.5 6.2 1.77513e-14
7.5 6.25 1.08753e-14
7.5 6.3 6.53074e-15
7.5 6.35 3.84415e-15
7.5 6.4 2.21796e-15
7.5 6.45 1.25436e-15
7.5 6.5 6.95351e-16
7.5 6.55 3.77835e-16
7.5 6.6 2.0124e-16
7.5 6.65 1.05061e-16
7.5 6.7 5.37633e-17
7.5 6.75 2.69677e-17
7.5 6.8 1.32592e-17
7.5 6.85 6.39009e-18
7.5 6.9 3.01864e-18
7.5 6.95 1.39775e-18
7.5 7 6.34402e-19
7.5 7.05 2.82238e-19
7.5 7.1 1.23078e-19
7.5 7.15 5.26092e-20
7.5 7.2 2.20424e-20
7.5 7.25 9.05255e-21
7.5 7.3 3.64417e-21
7.5 7.35 1.43795e-21
7.5 7.4 5.56163e-22
7.5 7.45 2.10852e-22
7.5 7.5 7.83554e-23
7.5 7.55 2.85415e-23
7.5 7.6 1.01906e-23
7.5 7.65 3.56648e-24
7.5 7.7 1.22348e-24
7.5 7.75 4.11403e-25
7.5 7.8 1.35599e-25
7.5 7.85 4.38087e-26
7.5 7.9 1.38734e-26
7.5 7.95 4.30645e-27
7.5 8 1.31031e-27
7.5 8.05 3.90791e-28
7.5 8.1 1.14244e-28
7.5 8.15 3.27369e-29
7.5 8.2 9.19516e-30
7.5 8.25 2.53162e-30
7.5 8.3 6.8321e-31
7.5 8.35 1.80729e-31
7.5 8.4 4.68617e-32
7.5 8.45 1.19104e-32
7.5 8.5 2.96724e-33
7.5 8.55 7.24595e-34
7.5 8.6 1.73443e-34
7.5 8.65 4.06945e-35
7.5 8.7 9.35906e-36
7.5 8.75 2.10983e-36
7.5 8.8 4.66209e-37
7.5 8.85 1.00979e-37
7.5 8.9 2.14389e-38
7.5 8.95 4.4616e-39
7.5 9 9.10119e-40
7.5 9.05 1.8198e-40
7.5 9.1 3.56672e-41
7.5 9.15 6.85225e-42
7.5 9.2 1.29038e-42
7.5 9.25 2.38188e-43
7.5 9.3 4.30965e-44
7.5 9.35 7.64336e-45
7.5 9.4 1.32876e-45
7.5 9.45 2.26427e-46
7.5 9.5 3.78207e-47
7.5 9.55 6.1923e-48
7.5 9.6 9.9379e-49
7.5 9.65 1.56336e-49
7.5 9.7 2.41069e-50
7.5 9.75 3.64374e-51
7.5 9.8 5.3985e-52
7.5 9.85 7.84009e-53
7.5 9.9 1.11607e-53
7.5 9.95 1.54479e-54
7.5 10 0
7.55 0 0
7.55 0.05 5.62752e-55
7.55 0.1 4.06599e-54
7.55 0.15 2.85625e-53
7.55 0.2 1.96674e-52
7.55 0.25 1.32745e-51
7.55 0.3 8.78236e-51
7.55 0.35 5.69541e-50
7.55 0.4 3.62043e-49
7.55 0.45 2.25588e-48
7.55 0.5 1.37782e-47
7.55 0.55 8.24874e-47
7.55 0.6 4.84065e-46
7.55 0.65 2.78446e-45
7.55 0.7 1.56999e-44
7.55 0.75 8.67706e-44
7.55 0.8 4.70076e-43
7.55 0.85 2.49622e-42
7.55 0.9 1.29932e-41
7.55 0.95 6.62934e-41
7.55 1 3.31545e-40
7.55 1.05 1.6253e-39
7.55 1.1 7.80987e-39
7.55 1.15 3.67851e-38
7.55 1.2 1.69832e-37
7.55 1.25 7.68572e-37
7.55 1.3 3.40932e-36
7.55 1.35 1.48241e-35
7.55 1.4 6.31814e-35
7.55 1.45 2.63953e-34
7.55 1.5 1.08089e-33
7.55 1.55 4.33866e-33
7.55 1.6 1.70705e-32
7.55 1.65 6.58345e-32
7.55 1.7 2.48874e-31
7.55 1.75 9.22193e-31
7.55 1.8 3.34951e-30
7.55 1.85 1.1925e-29
7.55 1.9 4.16153e-29
7.55 1.95 1.42352e-28
7.55 2 4.773e-28
7.55 2.05 1.56869e-27
7.55 2.1 5.05356e-27
7.55 2.15 1.59579e-26
7.55 2.2 4.93934e-26
7.55 2.25 1.49858e-25
7.55 2.3 4.45663e-25
7.55 2.35 1.29912e-24
7.55 2.4 3.71201e-24
7.55 2.45 1.03964e-23
7.55 2.5 2.85415e-23
7.55 2.55 7.68041e-23
7.55 2.6 2.02585e-22
7.55 2.65 5.23778e-22
7.55 2.7 1.3274e-21
7.55 2.75 3.29742e-21
7.55 2.8 8.02898e-21
7.55 2.85 1.9163e-20
7.55 2.9 4.48313e-20
7.55 2.95 1.02805e-19
7.55 3 2.31081e-19
7.55 3.05 5.0913e-19
7.55 3.1 1.09953e-18
7.55 3.15 2.32757e-18
7.55 3.2 4.82963e-18
7.55 3.25 9.82291e-18
7.55 3.3 1.95831e-17
7.55 3.35 3.82681e-17
7.55 3.4 7.33008e-17
7.55 3.45 1.37624e-16
7.55 3.5 2.53278e-16
7.55 3.55 4.56892e-16
7.55 3.6 8.07877e-16
7.55 3.65 1.4002e-15
7.55 3.7 2.37877e-15
7.55 3.75 3.96122e-15
7.55 3.8 6.46578e-15
7.55 3.85 1.03449e-14
7.55 3.9 1.62236e-14
7.55 3.95 2.49393e-14
7.55 4 3.7578e-14
7.55 4.05 5.55008e-14
7.55 4.1 8.03488e-14
7.55 4.15 1.14018e-13
7.55 4.2 1.58593e-13
7.55 4.25 2.16226e-13
7.55 4.3 2.88966e-13
7.55 4.35 3.78529e-13
7.55 4.4 4.86035e-13
7.55 4.45 6.11717e-13
7.55 4.5 7.54653e-13
7.55 4.55 9.12555e-13
7.55 4.6 1.08165e-12
7.55 4.65 1.25669e-12
7.55 4.7 1.43114e-12
7.55 4.75 1.59754e-12
7.55 4.8 1.74798e-12
7.55 4.85 1.87472e-12
7.55 4.9 1.97083e-12
7.55 4.95 2.03085e-12
7.55 5 2.05126e-12
7.55 5.05 2.03085e-12
7.55 5.1 1.97083e-12
7.55 5.15 1.87472e-12
7.55 5.2 1.74798e-12
7.55 5.25 1.59754e-12
7.55 5.3 1.43114e-12
7.55 5.35 1.25669e-12
7.55 5.4 1.08165e-12
7.55 5.45 9.12555e-13
7.55 5.5 7.54653e-13
7.55 5.55 6.11717e-13
7.55 5.6 4.86035e-13
7.55 5.65 3.78529e-13
7.55 5.7 2.88966e-13
7.55 5.75 2.16226e-13
7.55 5.8 1.58593e-13
7.55 5.85 1.14018e-13
7.55 5.9 8.03488e-14
7.55 5.95 5.55008e-14
7.55 6 3.7578e-14
7.55 6.05 2.49393e-14
7.55 6.1 1.62236e-14
7.55 6.15 1.03449e-14
7.55 6.2 6.46578e-15
7.55 6.25 3.96122e-15
7.55 6.3 2.37877e-15
7.55 6.35 1.4002e-15
7.55 6.4 8.07877e-16
7.55 6.45 4.56892e-16
7.55 6.5 2.53278e-16
7.55 6.55 1.37624e-16
7.55 6.6 7.33008e-17
7.55 6.65 3.82681e-17
7.55 6.7 1.95831e-17
7.55 6.75 9.82291e-18
7.55 6.8 4.82963e-18
7.55 6.85 2.32757e-18
7.55 6.9 1.09953e-18
7.55 6.95 5.0913e-19
7.55 7 2.31081e-19
7.55 7.05 1.02805e-19
7.55 7.1 4.48313e-20
7.55 7.15 1.9163e-20
7.55 7.2 8.02898e-21
7.55 7.25 3.29742e-21
7.55 7.3 1.3274e-21
7.55 7.35 5.23778e-22
7.55 7.4 2.02585e-22
7.55 7.45 7.68041e-23
7.55 7.5 2.85415e-23
7.55 7.55 1.03964e-23
7.55 7.6 3.71201e-24
7.55 7.65 1.29912e-24
7.55 7.7 4.45663e-25
7.55 7.75 1.49858e-25
7.55 7.8 4.93934e-26
7.55 7.85 1.59579e-26
7.55 7.9 5.05356e-27
7.55 7.95 1.56869e-27
7.55 8 4.773e-28
7.55 8.05 1.42352e-28
7.55 8.1 4.16153e-29
7.55 8.15 1.1925e-29
7.55 8.2 3.34951e-30
7.55 8.25 9.22193e-31
7.55 8.3 2.48874e-31
7.55 8.35 6.58345e-32
7.55 8.4 1.70705e-32
7.55 8.45 4.33866e-33
7.55 8.5 1.08089e-33
7.55 8.55 2.63953e-34
7.55 8.6 6.31814e-35
7.55 8.65 1.48241e-35
7.55 8.7 3.40932e-36
7.55 8.75 7.68572e-37
7.55 8.8 1.69832e-37
7.55 8.85 3.67851e-38
7.55 8.9 7.80987e-39
7.55 8.95 1.6253e-39
7.55 9 3.31545e-40
7.55 9.05 6.62934e-41
7.55 9.1 1.29932e-41
7.55 9.15 2.49622e-42
7.55 9.2 4.70076e-43
7.55 9.25 8.67706e-44
7.55 9.3 1.56999e-44
7.55 9.35 2.78446e-45
7.55 9.4 4.84065e-46
7.55 9.45 8.24874e-47
7.55 9.5 1.37782e-47
7.55 9.55 2.25588e-48
7.55 9.6 3.62043e-49
7.55 9.65 5.69541e-50
7.55 9.7 8.78236e-51
7.55 9.75 1.32745e-51
7.55 9.8 1.96674e-52
7.55 9.85 2.85625e-53
7.55 9.9 4.06599e-54
7.55 9.95 5.62752e-55
7.55 10 0
7.6 0 0
7.6 0.05 2.00946e-55
7.6 0.1 1.45198e-54
7.6 0.15 1.01997e-53
7.6 0.2 7.02322e-53
7.6 0.25 4.74031e-52
7.6 0.3 3.13615e-51
7.6 0.35 2.03381e-50
7.6 0.4 1.29283e-49
7.6 0.45 8.05557e-49
7.6 0.5 4.92006e-48
7.6 0.55 2.94554e-47
7.6 0.6 1.72854e-46
7.6 0.65 9.94292e-46
7.6 0.7 5.6062e-45
7.6 0.75 3.09844e-44
7.6 0.8 1.67856e-43
7.6 0.85 8.91353e-43
7.6 0.9 4.63962e-42
7.6 0.95 2.36719e-41
7.6 1 1.18387e-40
7.6 1.05 5.80355e-40
7.6 1.1 2.7887e-39
7.6 1.15 1.3135e-38
7.6 1.2 6.06422e-38
7.6 1.25 2.74434e-37
7.6 1.3 1.21736e-36
7.6 1.35 5.29323e-36
7.6 1.4 2.256e-35
7.6 1.45 9.42486e-35
7.6 1.5 3.85948e-34
7.6 1.55 1.54918e-33
7.6 1.6 6.09523e-33
7.6 1.65 2.3507e-32
7.6 1.7 8.88629e-32
7.6 1.75 3.29278e-31
7.6 1.8 1.19597e-30
7.6 1.85 4.25791e-30
7.6 1.9 1.4859e-29
7.6 1.95 5.08275e-29
7.6 2 1.70422e-28
7.6 2.05 5.60104e-28
7.6 2.1 1.80438e-27
7.6 2.15 5.69778e-27
7.6 2.2 1.76359e-26
7.6 2.25 5.35067e-26
7.6 2.3 1.59123e-25
7.6 2.35 4.63849e-25
7.6 2.4 1.32536e-24
7.6 2.45 3.71201e-24
7.6 2.5 1.01906e-23
7.6 2.55 2.74225e-23
7.6 2.6 7.23318e-23
7.6 2.65 1.87011e-22
7.6 2.7 4.73939e-22
7.6 2.75 1.17732e-21
7.6 2.8 2.86668e-21
7.6 2.85 6.84196e-21
7.6 2.9 1.60065e-20
7.6 2.95 3.67054e-20
7.6 3 8.25047e-20
7.6 3.05 1.81778e-19
7.6 3.1 3.92574e-19
7.6 3.15 8.31029e-19
7.6 3.2 1.72435e-18
7.6 3.25 3.50713e-18
7.6 3.3 6.99184e-18
7.6 3.35 1.3663e-17
7.6 3.4 2.61709e-17
7.6 3.45 4.91365e-17
7.6 3.5 9.04284e-17
7.6 3.55 1.63125e-16
7.6 3.6 2.88438e-16
7.6 3.65 4.99917e-16
7.6 3.7 8.49296e-16
7.6 3.75 1.41428e-15
7.6 3.8 2.30848e-15
7.6 3.85 3.69345e-15
7.6 3.9 5.79232e-15
7.6 3.95 8.90405e-15
7.6 4 1.34165e-14
7.6 4.05 1.98154e-14
7.6 4.1 2.86868e-14
7.6 4.15 4.07077e-14
7.6 4.2 5.66221e-14
7.6 4.25 7.71986e-14
7.6 4.3 1.03169e-13
7.6 4.35 1.35145e-13
7.6 4.4 1.73528e-13
7.6 4.45 2.18399e-13
7.6 4.5 2.69431e-13
7.6 4.55 3.25807e-13
7.6 4.6 3.86177e-13
7.6 4.65 4.4867e-13
7.6 4.7 5.10954e-13
7.6 4.75 5.70364e-13
7.6 4.8 6.24075e-13
7.6 4.85 6.69323e-13
7.6 4.9 7.03638e-13
7.6 4.95 7.25066e-13
7.6 5 7.32353e-13
7.6 5.05 7.25066e-13
7.6 5.1 7.03638e-13
7.6 5.15 6.69323e-13
7.6 5.2 6.24075e-13
7.6 5.25 5.70364e-13
7.6 5.3 5.10954e-13
7.6 5.35 4.4867e-13
7.6 5.4 3.86177e-13
7.6 5.45 3.25807e-13
7.6 5.5 2.69431e-13
7.6 5.55 2.18399e-13
7.6 5.6 1.73528e-13
7.6 5.65 1.35145e-13
7.6 5.7 1.03169e-13
7.6 5.75 7.71986e-14
7.6 5.8 5.66221e-14
7.6 5.85 4.07077e-14
7.6 5.9 2.86868e-14
7.6 5.95 1.98154e-14
7.6 6 1.34165e-14
7.6 6.05 8.90405e-15
7.6 6.1 5.79232e-15
7.6 6.15 3.69345e-15
7.6 6.2 2.30848e-15
7.6 6.25 1.41428e-15
7.6 6.3 8.49296e-16
7.6 6.35 4.99917e-16
7.6 6.4 2.88438e-16
7.6 6.45 1.63125e-16
7.6 6.5 9.04284e-17
7.6 6.55 4.91365e-17
7.6 6.6 2.61709e-17
7.6 6.65 1.3663e-17
7.6 6.7 6.99184e-18
7.6 6.75 3.50713e-18
7.6 6.8 1.72435e-18
7.6 6.85 8.31029e-19
7.6 6.9 3.92574e-19
7.6 6.95 1.81778e-19
7.6 7 8.25047e-20
7.6 7.05 3.67054e-20
7.6 7.1 1.60065e-20
7.6 7.15 6.84196e-21
7.6 7.2 2.86668e-21
7.6 7.25 1.17732e-21
7.6 7.3 4.73939e-22
7.6 7.35 1.87011e-22
7.6 7.4 7.23318e-23
7.6 7.45 2.74225e-23
7.6 7.5 1.01906e-23
7.6 7.55 3.71201e-24
7.6 7.6 1.32536e-24
7.6 7.65 4.63849e-25
7.6 7.7 1.59123e-25
7.6 7.75 5.35067e-26
7.6 7.8 1.76359e-26
7.6 7.85 5.69778e-27
7.6 7.9 1.80438e-27
7.6 7.95 5.60104e-28
7.6 8 1.70422e-28
7.6 8.05 5.08275e-29
7.6 8.1 1.4859e-29
7.6 8.15 4.25791e-30
7.6 8.2 1.19597e-30
7.6 8.25 3.29278e-31
7.6 8.3 8.88629e-32
7.6 8.35 2.3507e-32
7.6 8.4 6.09523e-33
7.6 8.45 1.54918e-33
7.6 8.5 3.85948e-34
7.6 8.55 9.42486e-35
7.6 8.6 2.256e-35
7.6 8.65 5.29323e-36
7.6 8.7 1.21736e-36
7.6 8.75 2.74434e-37
7.6 8.8 6.06422e-38
7.6 8.85 1.3135e-38
7.6 8.9 2.7887e-39
7.6 8.95 5.80355e-40
7.6 9 1.18387e-40
7.6 9.05 2.36719e-41
7.6 9.1 4.63962e-42
7.6 9.15 8.91353e-43
7.6 9.2 1.67856e-43
7.6 9.25 3.09844e-44
7.6 9.3 5.6062e-45
7.6 9.35 9.94292e-46
7.6 9.4 1.72854e-46
7.6 9.45 2.94554e-47
7.6 9.5 4.92006e-48
7.6 9.55 8.05557e-49
7.6 9.6 1.29283e-49
7.6 9.65 2.03381e-50
7.6 9.7 3.13615e-51
7.6 9.75 4.74031e-52
7.6 9.8 7.02322e-53
7.6 9.85 1.01997e-53
7.6 9.9 1.45198e-54
7.6 9.95 2.00946e-55
7.6 10 0
7.65 0 0
7.65 0.05 7.03332e-56
7.65 0.1 5.08244e-55
7.65 0.15 3.57024e-54
7.65 0.2 2.45835e-53
7.65 0.25 1.65925e-52
7.65 0.3 1.09774e-51
7.65 0.35 7.11887e-51
7.65 0.4 4.52525e-50
7.65 0.45 2.81964e-49
7.65 0.5 1.72213e-48
7.65 0.55 1.031e-47
7.65 0.6 6.05023e-47
7.65 0.65 3.4802e-46
7.65 0.7 1.96226e-45
7.65 0.75 1.0845e-44
7.65 0.8 5.87519e-44
7.65 0.85 3.11985e-43
7.65 0.9 1.62392e-42
7.65 0.95 8.28541e-42
7.65 1 4.14365e-41
7.65 1.05 2.03129e-40
7.65 1.1 9.76063e-40
7.65 1.15 4.5973e-39
7.65 1.2 2.1225e-38
7.65 1.25 9.60526e-38
7.65 1.3 4.26078e-37
7.65 1.35 1.85263e-36
7.65 1.4 7.89596e-36
7.65 1.45 3.29868e-35
7.65 1.5 1.3508e-34
7.65 1.55 5.42204e-34
7.65 1.6 2.13329e-33
7.65 1.65 8.22727e-33
7.65 1.7 3.11013e-32
7.65 1.75 1.15244e-31
7.65 1.8 4.18578e-31
7.65 1.85 1.49022e-30
7.65 1.9 5.20046e-30
7.65 1.95 1.7789e-29
7.65 2 5.96452e-29
7.65 2.05 1.96028e-28
7.65 2.1 6.31505e-28
7.65 2.15 1.99412e-27
7.65 2.2 6.17226e-27
7.65 2.25 1.87263e-26
7.65 2.3 5.569e-26
7.65 2.35 1.62337e-25
7.65 2.4 4.63849e-25
7.65 2.45 1.29912e-24
7.65 2.5 3.56648e-24
7.65 2.55 9.59722e-24
7.65 2.6 2.53144e-23
7.65 2.65 6.54493e-23
7.65 2.7 1.65866e-22
7.65 2.75 4.12029e-22
7.65 2.8 1.00326e-21
7.65 2.85 2.39449e-21
7.65 2.9 5.60183e-21
7.65 2.95 1.28458e-20
7.65 3 2.88742e-20
7.65 3.05 6.36169e-20
7.65 3.1 1.37389e-19
7.65 3.15 2.90834e-19
7.65 3.2 6.03468e-19
7.65 3.25 1.22738e-18
7.65 3.3 2.44691e-18
7.65 3.35 4.7816e-18
7.65 3.4 9.1589e-18
7.65 3.45 1.71961e-17
7.65 3.5 3.16468e-17
7.65 3.55 5.7088e-17
7.65 3.6 1.00943e-16
7.65 3.65 1.74953e-16
7.65 3.7 2.97222e-16
7.65 3.75 4.94945e-16
7.65 3.8 8.0788e-16
7.65 3.85 1.29256e-15
7.65 3.9 2.02709e-15
7.65 3.95 3.11607e-15
7.65 4 4.69523e-15
7.65 4.05 6.9346e-15
7.65 4.1 1.00392e-14
7.65 4.15 1.42461e-14
7.65 4.2 1.98154e-14
7.65 4.25 2.70164e-14
7.65 4.3 3.61048e-14
7.65 4.35 4.72953e-14
7.65 4.4 6.07276e-14
7.65 4.45 7.64307e-14
7.65 4.5 9.42898e-14
7.65 4.55 1.14019e-13
7.65 4.6 1.35146e-13
7.65 4.65 1.57016e-13
7.65 4.7 1.78813e-13
7.65 4.75 1.99603e-13
7.65 4.8 2.184e-13
7.65 4.85 2.34235e-13
7.65 4.9 2.46244e-13
7.65 4.95 2.53742e-13
7.65 5 2.56292e-13
7.65 5.05 2.53742e-13
7.65 5.1 2.46244e-13
7.65 5.15 2.34235e-13
7.65 5.2 2.184e-13
7.65 5.25 1.99603e-13
7.65 5.3 1.78813e-13
7.65 5.35 1.57016e-13
7.65 5.4 1.35146e-13
7.65 5.45 1.14019e-13
7.65 5.5 9.42898e-14
7.65 5.55 7.64307e-14
7.65 5.6 6.07276e-14
7.65 5.65 4.72953e-14
7.65 5.7 3.61048e-14
7.65 5.75 2.70164e-14
7.65 5.8 1.98154e-14
7.65 5.85 1.42461e-14
7.65 5.9 1.00392e-14
7.65 5.95 6.9346e-15
7.65 6 4.69523e-15
7.65 6.05 3.11607e-15
7.65 6.1 2.02709e-15
7.65 6.15 1.29256e-15
7.65 6.2 8.0788e-16
7.65 6.25 4.94945e-16
7.65 6.3 2.97222e-16
7.65 6.35 1.74953e-16
7.65 6.4 1.00943e-16
7.65 6.45 5.7088e-17
7.65 6.5 3.16468e-17
7.65 6.55 1.71961e-17
7.65 6.6 9.1589e-18
7.65 6.65 4.7816e-18
7.65 6.7 2.44691e-18
7.65 6.75 1.22738e-18
7.65 6.8 6.03468e-19
7.65 6.85 2.90834e-19
7.65 6.9 1.37389e-19
7.65 6.95 6.36169e-20
7.65 7 2.88742e-20
7.65 7.05 1.28458e-20
7.65 7.1 5.60183e-21
7.65 7.15 2.39449e-21
7.65 7.2 1.00326e-21
7.65 7.25 4.12029e-22
7.65 7.3 1.65866e-22
7.65 7.35 6.54493e-23
7.65 7.4 2.53144e-23
7.65 7.45 9.59722e-24
7.65 7.5 3.56648e-24
7.65 7.55 1.29912e-24
7.65 7.6 4.63849e-25
7.65 7.65 1.62337e-25
7.65 7.7 5.569e-26
7.65 7.75 1.87263e-26
7.65 7.8 6.17226e-27
7.65 7.85 1.99412e-27
7.65 7.9 6.31505e-28
7.65 7.95 1.96028e-28
7.65 8 5.96452e-29
7.65 8.05 1.7789e-29
7.65 8.1 5.20046e-30
7.65 8.15 1.49022e-30
7.65 8.2 4.18578e-31
7.65 8.25 1.15244e-31
7.65 8.3 3.11013e-32
7.65 8.35 8.22727e-33
7.65 8.4 2.13329e-33
7.65 8.45 5.42204e-34
7.65 8.5 1.3508e-34
7.65 8.55 3.29868e-35
7.65 8.6 7.89596e-36
7.65 8.65 1.85263e-36
7.65 8.7 4.26078e-37
7.65 8.75 9.60526e-38
7.65 8.8 2.1225e-38
7.65 8.85 4.5973e-39
7.65 8.9 9.76063e-40
7.65 8.95 2.03129e-40
7.65 9 4.14365e-41
7.65 9.05 8.28541e-42
7.65 9.1 1.62392e-42
7.65 9.15 3.11985e-43
7.65 9.2 5.87519e-44
7.65 9.25 1.0845e-44
7.65 9.3 1.96226e-45
7.65 9.35 3.4802e-46
7.65 9.4 6.05023e-47
7.65 9.45 1.031e-47
7.65 9.5 1.72213e-48
7.65 9.55 2.81964e-49
7.65 9.6 4.52525e-50
7.65 9.65 7.11887e-51
7.65 9.7 1.09774e-51
7.65 9.75 1.65925e-52
7.65 9.8 2.45835e-53
7.65 9.85 3.57024e-54
7.65 9.9 5.08244e-55
7.65 9.95 7.03332e-56
7.65 10 0
7.7 0 0
7.7 0.05 2.413e-56
7.7 0.1 1.74382e-55
7.7 0.15 1.22497e-54
7.7 0.2 8.4347e-54
7.7 0.25 5.69292e-53
7.7 0.3 3.76637e-52
7.7 0.35 2.44248e-51
7.7 0.4 1.5526e-50
7.7 0.45 9.67407e-50
7.7 0.5 5.90853e-49
7.7 0.55 3.53729e-48
7.7 0.6 2.07578e-47
7.7 0.65 1.19402e-46
7.7 0.7 6.7323e-46
7.7 0.75 3.72078e-45
7.7 0.8 2.01569e-44
7.7 0.85 1.07037e-43
7.7 0.9 5.57138e-43
7.7 0.95 2.84257e-42
7.7 1 1.4216e-41
7.7 1.05 6.96891e-41
7.7 1.1 3.34865e-40
7.7 1.15 1.57722e-39
7.7 1.2 7.28175e-39
7.7 1.25 3.29531e-38
7.7 1.3 1.46176e-37
7.7 1.35 6.35584e-37
7.7 1.4 2.70887e-36
7.7 1.45 1.13167e-35
7.7 1.5 4.63417e-35
7.7 1.55 1.86012e-34
7.7 1.6 7.31859e-34
7.7 1.65 2.82248e-33
7.7 1.7 1.06697e-32
7.7 1.75 3.95359e-32
7.7 1.8 1.43598e-31
7.7 1.85 5.11236e-31
7.7 1.9 1.78407e-30
7.7 1.95 6.10265e-30
7.7 2 2.04617e-29
7.7 2.05 6.72486e-29
7.7 2.1 2.16641e-28
7.7 2.15 6.84094e-28
7.7 2.2 2.11742e-27
7.7 2.25 6.42412e-27
7.7 2.3 1.91046e-26
7.7 2.35 5.569e-26
7.7 2.4 1.59123e-25
7.7 2.45 4.45663e-25
7.7 2.5 1.22348e-24
7.7 2.55 3.29231e-24
7.7 2.6 8.68402e-24
7.7 2.65 2.24521e-23
7.7 2.7 5.68997e-23
7.7 2.75 1.41344e-22
7.7 2.8 3.44162e-22
7.7 2.85 8.21415e-22
7.7 2.9 1.92167e-21
7.7 2.95 4.40666e-21
7.7 3 9.90504e-21
7.7 3.05 2.18232e-20
7.7 3.1 4.71299e-20
7.7 3.15 9.97676e-20
7.7 3.2 2.07013e-19
7.7 3.25 4.21038e-19
7.7 3.3 8.39384e-19
7.7 3.35 1.64027e-18
7.7 3.4 3.14184e-18
7.7 3.45 5.89888e-18
7.7 3.5 1.0856e-17
7.7 3.55 1.95832e-17
7.7 3.6 3.46269e-17
7.7 3.65 6.00149e-17
7.7 3.7 1.01957e-16
7.7 3.75 1.69783e-16
7.7 3.8 2.7713e-16
7.7 3.85 4.43393e-16
7.7 3.9 6.95358e-16
7.7 3.95 1.06891e-15
7.7 4 1.61062e-15
7.7 4.05 2.37879e-15
7.7 4.1 3.44378e-15
7.7 4.15 4.88685e-15
7.7 4.2 6.79732e-15
7.7 4.25 9.26746e-15
7.7 4.3 1.23851e-14
7.7 4.35 1.62237e-14
7.7 4.4 2.08314e-14
7.7 4.45 2.6218e-14
7.7 4.5 3.23442e-14
7.7 4.55 3.91118e-14
7.7 4.6 4.6359e-14
7.7 4.65 5.3861e-14
7.7 4.7 6.1338e-14
7.7 4.75 6.84699e-14
7.7 4.8 7.49176e-14
7.7 4.85 8.03494e-14
7.7 4.9 8.44688e-14
7.7 4.95 8.70411e-14
7.7 5 8.79158e-14
7.7 5.05 8.70411e-14
7.7 5.1 8.44688e-14
7.7 5.15 8.03494e-14
7.7 5.2 7.49176e-14
7.7 5.25 6.84699e-14
7.7 5.3 6.1338e-14
7.7 5.35 5.3861e-14
7.7 5.4 4.6359e-14
7.7 5.45 3.91118e-14
7.7 5.5 3.23442e-14
7.7 5.55 2.6218e-14
7.7 5.6 2.08314e-14
7.7 5.65 1.62237e-14
7.7 5.7 1.23851e-14
7.7 5.75 9.26746e-15
7.7 5.8 6.79732e-15
7.7 5.85 4.88685e-15
7.7 5.9 3.44378e-15
7.7 5.95 2.37879e-15
7.7 6 1.61062e-15
7.7 6.05 1.06891e-15
7.7 6.1 6.95358e-16
7.7 6.15 4.43393e-16
7.7 6.2 2.7713e-16
7.7 6.25 1.69783e-16
7.7 6.3 1.01957e-16
7.7 6.35 6.00149e-17
7.7 6.4 3.46269e-17
7.7 6.45 1.95832e-17
7.7 6.5 1.0856e-17
7.7 6.55 5.89888e-18
7.7 6.6 3.14184e-18
7.7 6.65 1.64027e-18
7.7 6.7 8.39384e-19
7.7 6.75 4.21038e-19
7.7 6.8 2.07013e-19
7.7 6.85 9.97676e-20
7.7 6.9 4.71299e-20
7.7 6.95 2.18232e-20
7.7 7 9.90504e-21
7.7 7.05 4.40666e-21
7.7 7.1 1.92167e-21
7.7 7.15 8.21415e-22
7.7 7.2 3.44162e-22
7.7 7.25 1.41344e-22
7.7 7.3 5.68997e-23
7.7 7.35 2.24521e-23
7.7 7.4 8.68402e-24
7.7 7.45 3.29231e-24
7.7 7.5 1.22348e-24
7.7 7.55 4.45663e-25
7.7 7.6 1.59123e-25
7.7 7.65 5.569e-26
7.7 7.7 1.91046e-26
7.7 7.75 6.42412e-27
7.7 7.8 2.11742e-27
7.7 7.85 6.84094e-28
7.7 7.9 2.16641e-28
7.7 7.95 6.72486e-29
7.7 8 2.04617e-29
7.7 8.05 6.10265e-30
7.7 8.1 1.78407e-30
7.7 8.15 5.11236e-31
7.7 8.2 1.43598e-31
7.7 8.25 3.95359e-32
7.7 8.3 1.06697e-32
7.7 8.35 2.82248e-33
7.7 8.4 7.31859e-34
7.7 8.45 1.86012e-34
7.7 8.5 4.63417e-35
7.7 8.55 1.13167e-35
7.7 8.6 2.70887e-36
7.7 8.65 6.35584e-37
7.7 8.7 1.46176e-37
7.7 8.75 3.29531e-38
7.7 8.8 7.28175e-39
7.7 8.85 1.57722e-39
7.7 8.9 3.34865e-40
7.7 8.95 6.96891e-41
7.7 9 1.4216e-41
7.7 9.05 2.84257e-42
7.7 9.1 5.57138e-43
7.7 9.15 1.07037e-43
7.7 9.2 2.01569e-44
7.7 9.25 3.72078e-45
7.7 9.3 6.7323e-46
7.7 9.35 1.19402e-46
7.7 9.4 2.07578e-47
7.7 9.45 3.53729e-48
7.7 9.5 5.90853e-49
7.7 9.55 9.67407e-50
7.7 9.6 1.5526e-50
7.7 9.65 2.44248e-51
7.7 9.7 3.76637e-52
7.7 9.75 5.69292e-53
7.7 9.8 8.4347e-54
7.7 9.85 1.22497e-54
7.7 9.9 1.74382e-55
7.7 9.95 2.413e-56
7.7 10 0
7.75 0 0
7.75 0.05 8.11468e-57
7.75 0.1 5.86475e-56
7.75 0.15 4.11974e-55
7.75 0.2 2.83669e-54
7.75 0.25 1.91459e-53
7.75 0.3 1.26666e-52
7.75 0.35 8.21424e-52
7.75 0.4 5.22149e-51
7.75 0.45 3.25344e-50
7.75 0.5 1.98706e-49
7.75 0.55 1.1896e-48
7.75 0.6 6.98085e-48
7.75 0.65 4.01548e-47
7.75 0.7 2.26405e-46
7.75 0.75 1.25128e-45
7.75 0.8 6.77866e-45
7.75 0.85 3.59958e-44
7.75 0.9 1.87361e-43
7.75 0.95 9.55929e-43
7.75 1 4.7807e-42
7.75 1.05 2.34356e-41
7.75 1.1 1.12611e-40
7.75 1.15 5.30397e-40
7.75 1.2 2.44874e-39
7.75 1.25 1.10816e-38
7.75 1.3 4.91562e-38
7.75 1.35 2.13734e-37
7.75 1.4 9.10936e-37
7.75 1.45 3.80557e-36
7.75 1.5 1.55836e-35
7.75 1.55 6.25513e-35
7.75 1.6 2.46106e-34
7.75 1.65 9.49126e-34
7.75 1.7 3.58793e-33
7.75 1.75 1.32948e-32
7.75 1.8 4.82877e-32
7.75 1.85 1.71913e-31
7.75 1.9 5.99925e-31
7.75 1.95 2.05212e-30
7.75 2 6.88059e-30
7.75 2.05 2.26134e-29
7.75 2.1 7.28487e-29
7.75 2.15 2.30036e-28
7.75 2.2 7.12008e-28
7.75 2.25 2.16019e-27
7.75 2.3 6.42412e-27
7.75 2.35 1.87263e-26
7.75 2.4 5.35067e-26
7.75 2.45 1.49858e-25
7.75 2.5 4.11403e-25
7.75 2.55 1.10706e-24
7.75 2.6 2.92005e-24
7.75 2.65 7.54965e-24
7.75 2.7 1.91328e-23
7.75 2.75 4.75276e-23
7.75 2.8 1.15726e-22
7.75 2.85 2.76203e-22
7.75 2.9 6.46164e-22
7.75 2.95 1.48174e-21
7.75 3 3.33057e-21
7.75 3.05 7.33805e-21
7.75 3.1 1.58474e-20
7.75 3.15 3.35467e-20
7.75 3.2 6.96078e-20
7.75 3.25 1.41573e-19
7.75 3.3 2.8224e-19
7.75 3.35 5.51535e-19
7.75 3.4 1.05643e-18
7.75 3.45 1.98347e-18
7.75 3.5 3.65027e-18
7.75 3.55 6.58475e-18
7.75 3.6 1.16431e-17
7.75 3.65 2.01796e-17
7.75 3.7 3.42825e-17
7.75 3.75 5.70883e-17
7.75 3.8 9.31829e-17
7.75 3.85 1.49087e-16
7.75 3.9 2.33808e-16
7.75 3.95 3.59413e-16
7.75 4 5.41556e-16
7.75 4.05 7.99847e-16
7.75 4.1 1.15794e-15
7.75 4.15 1.64316e-15
7.75 4.2 2.28553e-15
7.75 4.25 3.11609e-15
7.75 4.3 4.16435e-15
7.75 4.35 5.45506e-15
7.75 4.4 7.00433e-15
7.75 4.45 8.81553e-15
7.75 4.5 1.08754e-14
7.75 4.55 1.31509e-14
7.75 4.6 1.55877e-14
7.75 4.65 1.81101e-14
7.75 4.7 2.06242e-14
7.75 4.75 2.30222e-14
7.75 4.8 2.51902e-14
7.75 4.85 2.70165e-14
7.75 4.9 2.84016e-14
7.75 4.95 2.92665e-14
7.75 5 2.95607e-14
7.75 5.05 2.92665e-14
7.75 5.1 2.84016e-14
7.75 5.15 2.70165e-14
7.75 5.2 2.51902e-14
7.75 5.25 2.30222e-14
7.75 5.3 2.06242e-14
7.75 5.35 1.81101e-14
7.75 5.4 1.55877e-14
7.75 5.45 1.31509e-14
7.75 5.5 1.08754e-14
7.75 5.55 8.81553e-15
7.75 5.6 7.00433e-15
7.75 5.65 5.45506e-15
7.75 5.7 4.16435e-15
7.75 5.75 3.11609e-15
7.75 5.8 2.28553e-15
7.75 5.85 1.64316e-15
7.75 5.9 1.15794e-15
7.75 5.95 7.99847e-16
7.75 6 5.41556e-16
7.75 6.05 3.59413e-16
7.75 6.1 2.33808e-16
7.75 6.15 1.49087e-16
7.75 6.2 9.31829e-17
7.75 6.25 5.70883e-17
7.75 6.3 3.42825e-17
7.75 6.35 2.01796e-17
7.75 6.4 1.16431e-17
7.75 6.45 6.58475e-18
7.75 6.5 3.65027e-18
7.75 6.55 1.98347e-18
7.75 6.6 1.05643e-18
7.75 6.65 5.51535e-19
7.75 6.7 2.8224e-19
7.75 6.75 1.41573e-19
7.75 6.8 6.96078e-20
7.75 6.85 3.35467e-20
7.75 6.9 1.58474e-20
7.75 6.95 7.33805e-21
7.75 7 3.33057e-21
7.75 7.05 1.48174e-21
7.75 7.1 6.46164e-22
7.75 7.15 2.76203e-22
7.75 7.2 1.15726e-22
7.75 7.25 4.75276e-23
7.75 7.3 1.91328e-23
7.75 7.35 7.54965e-24
7.75 7.4 2.92005e-24
7.75 7.45 1.10706e-24
7.75 7.5 4.11403e-25
7.75 7.55 1.49858e-25
7.75 7.6 5.35067e-26
7.75 7.65 1.87263e-26
7.75 7.7 6.42412e-27
7.75 7.75 2.16019e-27
7.75 7.8 7.12008e-28
7.75 7.85 2.30036e-28
7.75 7.9 7.28487e-29
7.75 7.95 2.26134e-29
7.75 8 6.88059e-30
7.75 8.05 2.05212e-30
7.75 8.1 5.99925e-31
7.75 8.15 1.71913e-31
7.75 8.2 4.82877e-32
7.75 8.25 1.32948e-32
7.75 8.3 3.58793e-33
7.75 8.35 9.49126e-34
7.75 8.4 2.46106e-34
7.75 8.45 6.25513e-35
7.75 8.5 1.55836e-35
7.75 8.55 3.80557e-36
7.75 8.6 9.10936e-37
7.75 8.65 2.13734e-37
7.75 8.7 4.91562e-38
7.75 8.75 1.10816e-38
7.75 8.8 2.44874e-39
7.75 8.85 5.30397e-40
7.75 8.9 1.12611e-40
7.75 8.95 2.34356e-41
7.75 9 4.7807e-42
7.75 9.05 9.55929e-43
7.75 9.1 1.87361e-43
7.75 9.15 3.59958e-44
7.75 9.2 6.77866e-45
7.75 9.25 1.25128e-45
7.75 9.3 2.26405e-46
7.75 9.35 4.01548e-47
7.75 9.4 6.98085e-48
7.75 9.45 1.1896e-48
7.75 9.5 1.98706e-49
7.75 9.55 3.25344e-50
7.75 9.6 5.22149e-51
7.75 9.65 8.21424e-52
7.75 9.7 1.26666e-52
7.75 9.75 1.91459e-53
7.75 9.8 2.83669e-54
7.75 9.85 4.11974e-55
7.75 9.9 5.86475e-56
7.75 9.95 8.11468e-57
7.75 10 0
7.8 0 0
7.8 0.05 2.67487e-57
7.8 0.1 1.93337e-56
7.8 0.15 1.3581e-55
7.8 0.2 9.35132e-55
7.8 0.25 6.31153e-54
7.8 0.3 4.17559e-53
7.8 0.35 2.70783e-52
7.8 0.4 1.72126e-51
7.8 0.45 1.07249e-50
7.8 0.5 6.55026e-50
7.8 0.55 3.92144e-49
7.8 0.6 2.30119e-48
7.8 0.65 1.32367e-47
7.8 0.7 7.46323e-47
7.8 0.75 4.12472e-46
7.8 0.8 2.2345e-45
7.8 0.85 1.18655e-44
7.8 0.9 6.17607e-44
7.8 0.95 3.15106e-43
7.8 1 1.57587e-42
7.8 1.05 7.72509e-42
7.8 1.1 3.71198e-41
7.8 1.15 1.74834e-40
7.8 1.2 8.0717e-40
7.8 1.25 3.65277e-39
7.8 1.3 1.62031e-38
7.8 1.35 7.04518e-38
7.8 1.4 3.00265e-37
7.8 1.45 1.2544e-36
7.8 1.5 5.13668e-36
7.8 1.55 2.06181e-35
7.8 1.6 8.11208e-35
7.8 1.65 3.12848e-34
7.8 1.7 1.18264e-33
7.8 1.75 4.38216e-33
7.8 1.8 1.59163e-32
7.8 1.85 5.66646e-32
7.8 1.9 1.97742e-31
7.8 1.95 6.76401e-31
7.8 2 2.26791e-30
7.8 2.05 7.45357e-30
7.8 2.1 2.40115e-29
7.8 2.15 7.58213e-29
7.8 2.2 2.34682e-28
7.8 2.25 7.12008e-28
7.8 2.3 2.11742e-27
7.8 2.35 6.17226e-27
7.8 2.4 1.76359e-26
7.8 2.45 4.93934e-26
7.8 2.5 1.35599e-25
7.8 2.55 3.64887e-25
7.8 2.6 9.62448e-25
7.8 2.65 2.48835e-24
7.8 2.7 6.30613e-24
7.8 2.75 1.5665e-23
7.8 2.8 3.81427e-23
7.8 2.85 9.10353e-23
7.8 2.9 2.12973e-22
7.8 2.95 4.88375e-22
7.8 3 1.09774e-21
7.8 3.05 2.41857e-21
7.8 3.1 5.22318e-21
7.8 3.15 1.10567e-20
7.8 3.2 2.29421e-20
7.8 3.25 4.66612e-20
7.8 3.3 9.30237e-20
7.8 3.35 1.8178e-19
7.8 3.4 3.48189e-19
7.8 3.45 6.5373e-19
7.8 3.5 1.20309e-18
7.8 3.55 2.17025e-18
7.8 3.6 3.83742e-18
7.8 3.65 6.65094e-18
7.8 3.7 1.12991e-17
7.8 3.75 1.88155e-17
7.8 3.8 3.07118e-17
7.8 3.85 4.9137e-17
7.8 3.9 7.70598e-17
7.8 3.95 1.18457e-16
7.8 4 1.78488e-16
7.8 4.05 2.63617e-16
7.8 4.1 3.81638e-16
7.8 4.15 5.41557e-16
7.8 4.2 7.53273e-16
7.8 4.25 1.02701e-15
7.8 4.3 1.3725e-15
7.8 4.35 1.79789e-15
7.8 4.4 2.30851e-15
7.8 4.45 2.90544e-15
7.8 4.5 3.58434e-15
7.8 4.55 4.33431e-15
7.8 4.6 5.13742e-15
7.8 4.65 5.96878e-15
7.8 4.7 6.79736e-15
7.8 4.75 7.58769e-15
7.8 4.8 8.30221e-15
7.8 4.85 8.90415e-15
7.8 4.9 9.36065e-15
7.8 4.95 9.64571e-15
7.8 5 9.74264e-15
7.8 5.05 9.64571e-15
7.8 5.1 9.36065e-15
7.8 5.15 8.90415e-15
7.8 5.2 8.30221e-15
7.8 5.25 7.58769e-15
7.8 5.3 6.79736e-15
7.8 5.35 5.96878e-15
7.8 5.4 5.13742e-15
7.8 5.45 4.33431e-15
7.8 5.5 3.58434e-15
7.8 5.55 2.90544e-15
7.8 5.6 2.30851e-15
7.8 5.65 1.79789e-15
7.8 5.7 1.3725e-15
7.8 5.75 1.02701e-15
7.8 5.8 7.53273e-16
7.8 5.85 5.41557e-16
7.8 5.9 3.81638e-16
7.8 5.95 2.63617e-16
7.8 6 1.78488e-16
7.8 6.05 1.18457e-16
7.8 6.1 7.70598e-17
7.8 6.15 4.9137e-17
7.8 6.2 3.07118e-17
7.8 6.25 1.88155e-17
7.8 6.3 1.12991e-17
7.8 6.35 6.65094e-18
7.8 6.4 3.83742e-18
7.8 6.45 2.17025e-18
7.8 6.5 1.20309e-18
7.8 6.55 6.5373e-19
7.8 6.6 3.48189e-19
7.8 6.65 1.8178e-19
7.8 6.7 9.30237e-20
7.8 6.75 4.66612e-20
7.8 6.8 2.29421e-20
7.8 6.85 1.10567e-20
7.8 6.9 5.22318e-21
7.8 6.95 2.41857e-21
7.8 7 1.09774e-21
7.8 7.05 4.88375e-22
7.8 7.1 2.12973e-22
7.8 7.15 9.10353e-23
7.8 7.2 3.81427e-23
7.8 7.25 1.5665e-23
7.8 7.3 6.30613e-24
7.8 7.35 2.48835e-24
7.8 7.4 9.62448e-25
7.8 7.45 3.64887e-25
7.8 7.5 1.35599e-25
7.8 7.55 4.93934e-26
7.8 7.6 1.76359e-26
7.8 7.65 6.17226e-27
7.8 7.7 2.11742e-27
7.8 7.75 7.12008e-28
7.8 7.8 2.34682e-28
7.8 7.85 7.58213e-29
7.8 7.9 2.40115e-29
7.8 7.95 7.45357e-30
7.8 8 2.26791e-30
7.8 8.05 6.76401e-31
7.8 8.1 1.97742e-31
7.8 8.15 5.66646e-32
7.8 8.2 1.59163e-32
7.8 8.25 4.38216e-33
7.8 8.3 1.18264e-33
7.8 8.35 3.12848e-34
7.8 8.4 8.11208e-35
7.8 8.45 2.06181e-35
7.8 8.5 5.13668e-36
7.8 8.55 1.2544e-36
7.8 8.6 3.00265e-37
7.8 8.65 7.04518e-38
7.8 8.7 1.62031e-38
7.8 8.75 3.65277e-39
7.8 8.8 8.0717e-40
7.8 8.85 1.74834e-40
7.8 8.9 3.71198e-41
7.8 8.95 7.72509e-42
7.8 9 1.57587e-42
7.8 9.05 3.15106e-43
7.8 9.1 6.17607e-44
7.8 9.15 1.18655e-44
7.8 9.2 2.2345e-45
7.8 9.25 4.12472e-46
7.8 9.3 7.46323e-47
7.8 9.35 1.32367e-47
7.8 9.4 2.30119e-48
7.8 9.45 3.92144e-49
7.8 9.5 6.55026e-50
7.8 9.55 1.07249e-50
7.8 9.6 1.72126e-51
7.8 9.65 2.70783e-52
7.8 9.7 4.17559e-53
7.8 9.75 6.31153e-54
7.8 9.8 9.35132e-55
7.8 9.85 1.3581e-55
7.8 9.9 1.93337e-56
7.8 9.95 2.67487e-57
7.8 10 0
7.85 0 0
7.85 0.05 8.64274e-58
7.85 0.1 6.24737e-57
7.85 0.15 4.38847e-56
7.85 0.2 3.0217e-55
7.85 0.25 2.03944e-54
7.85 0.3 1.34925e-53
7.85 0.35 8.74971e-53
7.85 0.4 5.56182e-52
7.85 0.45 3.46546e-51
7.85 0.5 2.11653e-50
7.85 0.55 1.2671e-49
7.85 0.6 7.43558e-49
7.85 0.65 4.27701e-48
7.85 0.7 2.41149e-47
7.85 0.75 1.33275e-46
7.85 0.8 7.21996e-46
7.85 0.85 3.83389e-45
7.85 0.9 1.99555e-44
7.85 0.95 1.01814e-43
7.85 1 5.09176e-43
7.85 1.05 2.49603e-42
7.85 1.1 1.19936e-41
7.85 1.15 5.64895e-41
7.85 1.2 2.60798e-40
7.85 1.25 1.18021e-39
7.85 1.3 5.23522e-39
7.85 1.35 2.27629e-38
7.85 1.4 9.70148e-38
7.85 1.45 4.05291e-37
7.85 1.5 1.65964e-36
7.85 1.55 6.66158e-36
7.85 1.6 2.62096e-35
7.85 1.65 1.01079e-34
7.85 1.7 3.821e-34
7.85 1.75 1.41583e-33
7.85 1.8 5.14237e-33
7.85 1.85 1.83076e-32
7.85 1.9 6.38879e-32
7.85 1.95 2.18535e-31
7.85 2 7.32727e-31
7.85 2.05 2.40813e-30
7.85 2.1 7.75771e-30
7.85 2.15 2.44965e-29
7.85 2.2 7.58213e-29
7.85 2.25 2.30036e-28
7.85 2.3 6.84094e-28
7.85 2.35 1.99412e-27
7.85 2.4 5.69778e-27
7.85 2.45 1.59579e-26
7.85 2.5 4.38087e-26
7.85 2.55 1.17886e-25
7.85 2.6 3.10942e-25
7.85 2.65 8.03921e-25
7.85 2.7 2.03734e-24
7.85 2.75 5.06091e-24
7.85 2.8 1.23228e-23
7.85 2.85 2.94109e-23
7.85 2.9 6.88051e-23
7.85 2.95 1.57779e-22
7.85 3 3.54645e-22
7.85 3.05 7.81364e-22
7.85 3.1 1.68744e-21
7.85 3.15 3.57207e-21
7.85 3.2 7.41183e-21
7.85 3.25 1.50747e-20
7.85 3.3 3.00528e-20
7.85 3.35 5.87268e-20
7.85 3.4 1.12487e-19
7.85 3.45 2.11197e-19
7.85 3.5 3.88673e-19
7.85 3.55 7.01129e-19
7.85 3.6 1.23973e-18
7.85 3.65 2.14867e-18
7.85 3.7 3.65029e-18
7.85 3.75 6.07857e-18
7.85 3.8 9.92178e-18
7.85 3.85 1.58742e-17
7.85 3.9 2.4895e-17
7.85 3.95 3.82688e-17
7.85 4 5.76624e-17
7.85 4.05 8.51639e-17
7.85 4.1 1.23292e-16
7.85 4.15 1.74955e-16
7.85 4.2 2.43351e-16
7.85 4.25 3.31784e-16
7.85 4.3 4.43397e-16
7.85 4.35 5.80824e-16
7.85 4.4 7.45781e-16
7.85 4.45 9.38626e-16
7.85 4.5 1.15795e-15
7.85 4.55 1.40023e-15
7.85 4.6 1.65968e-15
7.85 4.65 1.92826e-15
7.85 4.7 2.19593e-15
7.85 4.75 2.45126e-15
7.85 4.8 2.68209e-15
7.85 4.85 2.87655e-15
7.85 4.9 3.02402e-15
7.85 4.95 3.11611e-15
7.85 5 3.14743e-15
7.85 5.05 3.11611e-15
7.85 5.1 3.02402e-15
7.85 5.15 2.87655e-15
7.85 5.2 2.68209e-15
7.85 5.25 2.45126e-15
7.85 5.3 2.19593e-15
7.85 5.35 1.92826e-15
7.85 5.4 1.65968e-15
7.85 5.45 1.40023e-15
7.85 5.5 1.15795e-15
7.85 5.55 9.38626e-16
7.85 5.6 7.45781e-16
7.85 5.65 5.80824e-16
7.85 5.7 4.43397e-16
7.85 5.75 3.31784e-16
7.85 5.8 2.43351e-16
7.85 5.85 1.74955e-16
7.85 5.9 1.23292e-16
7.85 5.95 8.51639e-17
7.85 6 5.76624e-17
7.85 6.05 3.82688e-17
7.85 6.1 2.4895e-17
7.85 6.15 1.58742e-17
7.85 6.2 9.92178e-18
7.85 6.25 6.07857e-18
7.85 6.3 3.65029e-18
7.85 6.35 2.14867e-18
7.85 6.4 1.23973e-18
7.85 6.45 7.01129e-19
7.85 6.5 3.88673e-19
7.85 6.55 2.11197e-19
7.85 6.6 1.12487e-19
7.85 6.65 5.87268e-20
7.85 6.7 3.00528e-20
7.85 6.75 1.50747e-20
7.85 6.8 7.41183e-21
7.85 6.85 3.57207e-21
7.85 6.9 1.68744e-21
7.85 6.95 7.81364e-22
7.85 7 3.54645e-22
7.85 7.05 1.57779e-22
7.85 7.1 6.88051e-23
7.85 7.15 2.94109e-23
7.85 7.2 1.23228e-23
7.85 7.25 5.06091e-24
7.85 7.3 2.03734e-24
7.85 7.35 8.03921e-25
7.85 7.4 3.10942e-25
7.85 7.45 1.17886e-25
7.85 7.5 4.38087e-26
7.85 7.55 1.59579e-26
7.85 7.6 5.69778e-27
7.85 7.65 1.99412e-27
7.85 7.7 6.84094e-28
7.85 7.75 2.30036e-28
7.85 7.8 7.58213e-29
7.85 7.85 2.44965e-29
7.85 7.9 7.75771e-30
7.85 7.95 2.40813e-30
7.85 8 7.32727e-31
7.85 8.05 2.18535e-31
7.85 8.1 6.38879e-32
7.85 8.15 1.83076e-32
7.85 8.2 5.14237e-33
7.85 8.25 1.41583e-33
7.85 8.3 3.821e-34
7.85 8.35 1.01079e-34
7.85 8.4 2.62096e-35
7.85 8.45 6.66158e-36
7.85 8.5 1.65964e-36
7.85 8.55 4.05291e-37
7.85 8.6 9.70148e-38
7.85 8.65 2.27629e-38
7.85 8.7 5.23522e-39
7.85 8.75 1.18021e-39
7.85 8.8 2.60798e-40
7.85 8.85 5.64895e-41
7.85 8.9 1.19936e-41
7.85 8.95 2.49603e-42
7.85 9 5.09176e-43
7.85 9.05 1.01814e-43
7.85 9.1 1.99555e-44
7.85 9.15 3.83389e-45
7.85 9.2 7.21996e-46
7.85 9.25 1.33275e-46
7.85 9.3 2.41149e-47
7.85 9.35 4.27701e-48
7.85 9.4 7.43558e-49
7.85 9.45 1.2671e-49
7.85 9.5 2.11653e-50
7.85 9.55 3.46546e-51
7.85 9.6 5.56182e-52
7.85 9.65 8.74971e-53
7.85 9.7 1.34925e-53
7.85 9.75 2.03944e-54
7.85 9.8 3.0217e-55
7.85 9.85 4.38847e-56
7.85 9.9 6.24737e-57
7.85 9.95 8.64274e-58
7.85 10 0
7.9 0 0
7.9 0.05 2.73727e-58
7.9 0.1 1.97878e-57
7.9 0.15 1.38999e-56
7.9 0.2 9.57079e-56
7.9 0.25 6.45959e-55
7.9 0.3 4.2735e-54
7.9 0.35 2.7713e-53
7.9 0.4 1.76159e-52
7.9 0.45 1.0976e-51
7.9 0.5 6.7036e-51
7.9 0.55 4.0132e-50
7.9 0.6 2.35502e-49
7.9 0.65 1.35462e-48
7.9 0.7 7.63766e-48
7.9 0.75 4.22108e-47
7.9 0.8 2.28669e-46
7.9 0.85 1.21425e-45
7.9 0.9 6.3202e-45
7.9 0.95 3.22457e-44
7.9 1 1.61262e-43
7.9 1.05 7.90517e-43
7.9 1.1 3.79848e-42
7.9 1.15 1.78907e-41
7.9 1.2 8.25966e-41
7.9 1.25 3.7378e-40
7.9 1.3 1.65802e-39
7.9 1.35 7.20908e-39
7.9 1.4 3.07248e-38
7.9 1.45 1.28356e-37
7.9 1.5 5.25606e-37
7.9 1.55 2.10971e-36
7.9 1.6 8.30049e-36
7.9 1.65 3.20112e-35
7.9 1.7 1.21009e-34
7.9 1.75 4.48385e-34
7.9 1.8 1.62855e-33
7.9 1.85 5.79788e-33
7.9 1.9 2.02327e-32
7.9 1.95 6.9208e-32
7.9 2 2.32047e-31
7.9 2.05 7.62625e-31
7.9 2.1 2.45677e-30
7.9 2.15 7.75771e-30
7.9 2.2 2.40115e-29
7.9 2.25 7.28487e-29
7.9 2.3 2.16641e-28
7.9 2.35 6.31505e-28
7.9 2.4 1.80438e-27
7.9 2.45 5.05356e-27
7.9 2.5 1.38734e-26
7.9 2.55 3.73321e-26
7.9 2.6 9.84689e-26
7.9 2.65 2.54584e-25
7.9 2.7 6.45179e-25
7.9 2.75 1.60267e-24
7.9 2.8 3.90234e-24
7.9 2.85 9.31369e-24
7.9 2.9 2.17888e-23
7.9 2.95 4.99645e-23
7.9 3 1.12307e-22
7.9 3.05 2.47437e-22
7.9 3.1 5.34366e-22
7.9 3.15 1.13117e-21
7.9 3.2 2.34711e-21
7.9 3.25 4.7737e-21
7.9 3.3 9.5168e-21
7.9 3.35 1.8597e-20
7.9 3.4 3.56213e-20
7.9 3.45 6.68793e-20
7.9 3.5 1.2308e-19
7.9 3.55 2.22025e-19
7.9 3.6 3.92581e-19
7.9 3.65 6.80412e-19
7.9 3.7 1.15593e-18
7.9 3.75 1.92488e-18
7.9 3.8 3.14189e-18
7.9 3.85 5.02682e-18
7.9 3.9 7.88336e-18
7.9 3.95 1.21184e-17
7.9 4 1.82596e-17
7.9 4.05 2.69683e-17
7.9 4.1 3.9042e-17
7.9 4.15 5.54018e-17
7.9 4.2 7.70604e-17
7.9 4.25 1.05064e-16
7.9 4.3 1.40407e-16
7.9 4.35 1.83925e-16
7.9 4.4 2.36161e-16
7.9 4.45 2.97227e-16
7.9 4.5 3.66677e-16
7.9 4.55 4.43399e-16
7.9 4.6 5.25557e-16
7.9 4.65 6.10604e-16
7.9 4.7 6.95368e-16
7.9 4.75 7.76218e-16
7.9 4.8 8.49313e-16
7.9 4.85 9.10891e-16
7.9 4.9 9.5759e-16
7.9 4.95 9.86751e-16
7.9 5 9.96667e-16
7.9 5.05 9.86751e-16
7.9 5.1 9.5759e-16
7.9 5.15 9.10891e-16
7.9 5.2 8.49313e-16
7.9 5.25 7.76218e-16
7.9 5.3 6.95368e-16
7.9 5.35 6.10604e-16
7.9 5.4 5.25557e-16
7.9 5.45 4.43399e-16
7.9 5.5 3.66677e-16
7.9 5.55 2.97227e-16
7.9 5.6 2.36161e-16
7.9 5.65 1.83925e-16
7.9 5.7 1.40407e-16
7.9 5.75 1.05064e-16
7.9 5.8 7.70604e-17
7.9 5.85 5.54018e-17
7.9 5.9 3.9042e-17
7.9 5.95 2.69683e-17
7.9 6 1.82596e-17
7.9 6.05 1.21184e-17
7.9 6.1 7.88336e-18
7.9 6.15 5.02682e-18
7.9 6.2 3.14189e-18
7.9 6.25 1.92488e-18
7.9 6.3 1.15593e-18
7.9 6.35 6.80412e-19
7.9 6.4 3.92581e-19
7.9 6.45 2.22025e-19
7.9 6.5 1.2308e-19
7.9 6.55 6.68793e-20
7.9 6.6 3.56213e-20
7.9 6.65 1.8597e-20
7.9 6.7 9.5168e-21
7.9 6.75 4.7737e-21
7.9 6.8 2.34711e-21
7.9 6.85 1.13117e-21
7.9 6.9 5.34366e-22
7.9 6.95 2.47437e-22
7.9 7 1.12307e-22
7.9 7.05 4.99645e-23
7.9 7.1 2.17888e-23
7.9 7.15 9.31369e-24
7.9 7.2 3.90234e-24
7.9 7.25 1.60267e-24
7.9 7.3 6.45179e-25
7.9 7.35 2.54584e-25
7.9 7.4 9.84689e-26
7.9 7.45 3.73321e-26
7.9 7.5 1.38734e-26
7.9 7.55 5.05356e-27
7.9 7.6 1.80438e-27
7.9 7.65 6.31505e-28
7.9 7.7 2.16641e-28
7.9 7.75 7.28487e-29
7.9 7.8 2.40115e-29
7.9 7.85 7.75771e-30
7.9 7.9 2.45677e-30
7.9 7.95 7.62625e-31
7.9 8 2.32047e-31
7.9 8.05 6.9208e-32
7.9 8.1 2.02327e-32
7.9 8.15 5.79788e-33
7.9 8.2 1.62855e-33
7.9 8.25 4.48385e-34
7.9 8.3 1.21009e-34
7.9 8.35 3.20112e-35
7.9 8.4 8.30049e-36
7.9 8.45 2.10971e-36
7.9 8.5 5.25606e-37
7.9 8.55 1.28356e-37
7.9 8.6 3.07248e-38
7.9 8.65 7.20908e-39
7.9 8.7 1.65802e-39
7.9 8.75 3.7378e-40
7.9 8.8 8.25966e-41
7.9 8.85 1.78907e-41
7.9 8.9 3.79848e-42
7.9 8.95 7.90517e-43
7.9 9 1.61262e-43
7.9 9.05 3.22457e-44
7.9 9.1 6.3202e-45
7.9 9.15 1.21425e-45
7.9 9.2 2.28669e-46
7.9 9.25 4.22108e-47
7.9 9.3 7.63766e-48
7.9 9.35 1.35462e-48
7.9 9.4 2.35502e-49
7.9 9.45 4.0132e-50
7.9 9.5 6.7036e-51
7.9 9.55 1.0976e-51
7.9 9.6 1.76159e-52
7.9 9.65 2.7713e-53
7.9 9.7 4.2735e-54
7.9 9.75 6.45959e-55
7.9 9.8 9.57079e-56
7.9 9.85 1.38999e-56
7.9 9.9 1.97878e-57
7.9 9.95 2.73727e-58
7.9 10 0
7.95 0 0
7.95 0.05 8.49768e-59
7.95 0.1 6.14351e-58
7.95 0.15 4.31547e-57
7.95 0.2 2.97141e-56
7.95 0.25 2.00547e-55
7.95 0.3 1.32676e-54
7.95 0.35 8.60382e-54
7.95 0.4 5.46902e-53
7.95 0.45 3.40761e-52
7.95 0.5 2.08118e-51
7.95 0.55 1.24592e-50
7.95 0.6 7.31124e-50
7.95 0.65 4.20545e-49
7.95 0.7 2.37112e-48
7.95 0.75 1.31043e-47
7.95 0.8 7.09897e-47
7.95 0.85 3.76961e-46
7.95 0.9 1.96208e-45
7.95 0.95 1.00105e-44
7.95 1 5.00626e-44
7.95 1.05 2.45409e-43
7.95 1.1 1.1792e-42
7.95 1.15 5.55396e-42
7.95 1.2 2.56411e-41
7.95 1.25 1.16035e-40
7.95 1.3 5.14707e-40
7.95 1.35 2.23794e-39
7.95 1.4 9.53798e-39
7.95 1.45 3.98457e-38
7.95 1.5 1.63164e-37
7.95 1.55 6.54917e-37
7.95 1.6 2.57671e-36
7.95 1.65 9.93715e-36
7.95 1.7 3.75644e-35
7.95 1.75 1.3919e-34
7.95 1.8 5.05542e-34
7.95 1.85 1.7998e-33
7.95 1.9 6.28068e-33
7.95 1.95 2.14836e-32
7.95 2 7.2032e-32
7.95 2.05 2.36734e-31
7.95 2.1 7.62625e-31
7.95 2.15 2.40813e-30
7.95 2.2 7.45357e-30
7.95 2.25 2.26134e-29
7.95 2.3 6.72486e-29
7.95 2.35 1.96028e-28
7.95 2.4 5.60104e-28
7.95 2.45 1.56869e-27
7.95 2.5 4.30645e-27
7.95 2.55 1.15883e-26
7.95 2.6 3.05657e-26
7.95 2.65 7.90253e-26
7.95 2.7 2.00269e-25
7.95 2.75 4.97482e-25
7.95 2.8 1.21132e-24
7.95 2.85 2.89103e-24
7.95 2.9 6.76338e-24
7.95 2.95 1.55092e-23
7.95 3 3.48604e-23
7.95 3.05 7.68053e-23
7.95 3.1 1.65869e-22
7.95 3.15 3.51119e-22
7.95 3.2 7.28549e-22
7.95 3.25 1.48176e-21
7.95 3.3 2.95403e-21
7.95 3.35 5.77252e-21
7.95 3.4 1.10568e-20
7.95 3.45 2.07593e-20
7.95 3.5 3.8204e-20
7.95 3.55 6.89162e-20
7.95 3.6 1.21856e-19
7.95 3.65 2.11198e-19
7.95 3.7 3.58796e-19
7.95 3.75 5.97475e-19
7.95 3.8 9.75231e-19
7.95 3.85 1.56031e-18
7.95 3.9 2.44696e-18
7.95 3.95 3.76149e-18
7.95 4 5.6677e-18
7.95 4.05 8.37084e-18
7.95 4.1 1.21184e-17
7.95 4.15 1.71964e-17
7.95 4.2 2.39191e-17
7.95 4.25 3.26112e-17
7.95 4.3 4.35815e-17
7.95 4.35 5.70892e-17
7.95 4.4 7.33027e-17
7.95 4.45 9.22573e-17
7.95 4.5 1.13814e-16
7.95 4.55 1.37628e-16
7.95 4.6 1.63129e-16
7.95 4.65 1.89527e-16
7.95 4.7 2.15837e-16
7.95 4.75 2.40932e-16
7.95 4.8 2.6362e-16
7.95 4.85 2.82733e-16
7.95 4.9 2.97228e-16
7.95 4.95 3.0628e-16
7.95 5 3.09358e-16
7.95 5.05 3.0628e-16
7.95 5.1 2.97228e-16
7.95 5.15 2.82733e-16
7.95 5.2 2.6362e-16
7.95 5.25 2.40932e-16
7.95 5.3 2.15837e-16
7.95 5.35 1.89527e-16
7.95 5.4 1.63129e-16
7.95 5.45 1.37628e-16
7.95 5.5 1.13814e-16
7.95 5.55 9.22573e-17
7.95 5.6 7.33027e-17
7.95 5.65 5.70892e-17
7.95 5.7 4.35815e-17
7.95 5.75 3.26112e-17
7.95 5.8 2.39191e-17
7.95 5.85 1.71964e-17
7.95 5.9 1.21184e-17
7.95 5.95 8.37084e-18
7.95 6 5.6677e-18
7.95 6.05 3.76149e-18
7.95 6.1 2.44696e-18
7.95 6.15 1.56031e-18
7.95 6.2 9.75231e-19
7.95 6.25 5.97475e-19
7.95 6.3 3.58796e-19
7.95 6.35 2.11198e-19
7.95 6.4 1.21856e-19
7.95 6.45 6.89162e-20
7.95 6.5 3.8204e-20
7.95 6.55 2.07593e-20
7.95 6.6 1.10568e-20
7.95 6.65 5.77252e-21
7.95 6.7 2.95403e-21
7.95 6.75 1.48176e-21
7.95 6.8 7.28549e-22
7.95 6.85 3.51119e-22
7.95 6.9 1.65869e-22
7.95 6.95 7.68053e-23
7.95 7 3.48604e-23
7.95 7.05 1.55092e-23
7.95 7.1 6.76338e-24
7.95 7.15 2.89103e-24
7.95 7.2 1.21132e-24
7.95 7.25 4.97482e-25
7.95 7.3 2.00269e-25
7.95 7.35 7.90253e-26
7.95 7.4 3.05657e-26
7.95 7.45 1.15883e-26
7.95 7.5 4.30645e-27
7.95 7.55 1.56869e-27
7.95 7.6 5.60104e-28
7.95 7.65 1.96028e-28
7.95 7.7 6.72486e-29
7.95 7.75 2.26134e-29
7.95 7.8 7.45357e-30
7.95 7.85 2.40813e-30
7.95 7.9 7.62625e-31
7.95 7.95 2.36734e-31
7.95 8 7.2032e-32
7.95 8.05 2.14836e-32
7.95 8.1 6.28068e-33
7.95 8.15 1.7998e-33
7.95 8.2 5.05542e-34
7.95 8.25 1.3919e-34
7.95 8.3 3.75644e-35
7.95 8.35 9.93715e-36
7.95 8.4 2.57671e-36
7.95 8.45 6.54917e-37
7.95 8.5 1.63164e-37
7.95 8.55 3.98457e-38
7.95 8.6 9.53798e-39
7.95 8.65 2.23794e-39
7.95 8.7 5.14707e-40
7.95 8.75 1.16035e-40
7.95 8.8 2.56411e-41
7.95 8.85 5.55396e-42
7.95 8.9 1.1792e-42
7.95 8.95 2.45409e-43
7.95 9 5.00626e-44
7.95 9.05 1.00105e-44
7.95 9.1 1.96208e-45
7.95 9.15 3.76961e-46
7.95 9.2 7.09897e-47
7.95 9.25 1.31043e-47
7.95 9.3 2.37112e-48
7.95 9.35 4.20545e-49
7.95 9.4 7.31124e-50
7.95 9.45 1.24592e-50
7.95 9.5 2.08118e-51
7.95 9.55 3.40761e-52
7.95 9.6 5.46902e-53
7.95 9.65 8.60382e-54
7.95 9.7 1.32676e-54
7.95 9.75 2.00547e-55
7.95 9.8 2.97141e-56
7.95 9.85 4.31547e-57
7.95 9.9 6.14351e-58
7.95 9.95 8.49768e-59
7.95 10 0
8 0 0
8 0.05 2.58584e-59
8 0.1 1.86962e-58
8 0.15 1.3133e-57
8 0.2 9.04262e-57
8 0.25 6.10305e-56
8 0.3 4.03758e-55
8 0.35 2.61828e-54
8 0.4 1.66431e-53
8 0.45 1.03698e-52
8 0.5 6.33328e-52
8 0.55 3.79146e-51
8 0.6 2.22488e-50
8 0.65 1.27975e-49
8 0.7 7.21546e-49
8 0.75 3.98771e-48
8 0.8 2.16024e-47
8 0.85 1.1471e-46
8 0.9 5.97061e-46
8 0.95 3.04618e-45
8 1 1.5234e-44
8 1.05 7.46772e-44
8 1.1 3.58825e-43
8 1.15 1.69004e-42
8 1.2 7.8024e-42
8 1.25 3.53085e-41
8 1.3 1.5662e-40
8 1.35 6.80982e-40
8 1.4 2.90229e-39
8 1.45 1.21245e-38
8 1.5 4.96486e-38
8 1.55 1.99281e-37
8 1.6 7.8405e-37
8 1.65 3.0237e-36
8 1.7 1.14301e-35
8 1.75 4.23528e-35
8 1.8 1.53826e-34
8 1.85 5.47639e-34
8 1.9 1.91107e-33
8 1.95 6.53696e-33
8 2 2.19175e-32
8 2.05 7.2032e-32
8 2.1 2.32047e-31
8 2.15 7.32727e-31
8 2.2 2.26791e-30
8 2.25 6.88059e-30
8 2.3 2.04617e-29
8 2.35 5.96452e-29
8 2.4 1.70422e-28
8 2.45 4.773e-28
8 2.5 1.31031e-27
8 2.55 3.52592e-27
8 2.6 9.30008e-27
8 2.65 2.40446e-26
8 2.7 6.09346e-26
8 2.75 1.51365e-25
8 2.8 3.68558e-25
8 2.85 8.79629e-25
8 2.9 2.05783e-24
8 2.95 4.71885e-24
8 3 1.06066e-23
8 3.05 2.33687e-23
8 3.1 5.0467e-23
8 3.15 1.06831e-22
8 3.2 2.21666e-22
8 3.25 4.50836e-22
8 3.3 8.98781e-22
8 3.35 1.75632e-21
8 3.4 3.3641e-21
8 3.45 6.31612e-21
8 3.5 1.16237e-20
8 3.55 2.0968e-20
8 3.6 3.70752e-20
8 3.65 6.42577e-20
8 3.7 1.09165e-19
8 3.75 1.81783e-19
8 3.8 2.96716e-19
8 3.85 4.74725e-19
8 3.9 7.44491e-19
8 3.95 1.14443e-18
8 4 1.7244e-18
8 4.05 2.54683e-18
8 4.1 3.68703e-18
8 4.15 5.232e-18
8 4.2 7.27737e-18
8 4.25 9.92191e-18
8 4.3 1.32596e-17
8 4.35 1.73693e-17
8 4.4 2.23022e-17
8 4.45 2.80691e-17
8 4.5 3.46277e-17
8 4.55 4.1873e-17
8 4.6 4.96317e-17
8 4.65 5.76632e-17
8 4.7 6.56679e-17
8 4.75 7.3303e-17
8 4.8 8.02058e-17
8 4.85 8.60209e-17
8 4.9 9.0431e-17
8 4.95 9.31848e-17
8 5 9.41213e-17
8 5.05 9.31848e-17
8 5.1 9.0431e-17
8 5.15 8.60209e-17
8 5.2 8.02058e-17
8 5.25 7.3303e-17
8 5.3 6.56679e-17
8 5.35 5.76632e-17
8 5.4 4.96317e-17
8 5.45 4.1873e-17
8 5.5 3.46277e-17
8 5.55 2.80691e-17
8 5.6 2.23022e-17
8 5.65 1.73693e-17
8 5.7 1.32596e-17
8 5.75 9.92191e-18
8 5.8 7.27737e-18
8 5.85 5.232e-18
8 5.9 3.68703e-18
8 5.95 2.54683e-18
8 6 1.7244e-18
8 6.05 1.14443e-18
8 6.1 7.44491e-19
8 6.15 4.74725e-19
8 6.2 2.96716e-19
8 6.25 1.81783e-19
8 6.3 1.09165e-19
8 6.35 6.42577e-20
8 6.4 3.70752e-20
8 6.45 2.0968e-20
8 6.5 1.16237e-20
8 6.55 6.31612e-21
8 6.6 3.3641e-21
8 6.65 1.75632e-21
8 6.7 8.98781e-22
8 6.75 4.50836e-22
8 6.8 2.21666e-22
8 6.85 1.06831e-22
8 6.9 5.0467e-23
8 6.95 2.33687e-23
8 7 1.06066e-23
8 7.05 4.71885e-24
8 7.1 2.05783e-24
8 7.15 8.79629e-25
8 7.2 3.68558e-25
8 7.25 1.51365e-25
8 7.3 6.09346e-26
8 7.35 2.40446e-26
8 7.4 9.30008e-27
8 7.45 3.52592e-27
8 7.5 1.31031e-27
8 7.55 4.773e-28
8 7.6 1.70422e-28
8 7.65 5.96452e-29
8 7.7 2.04617e-29
8 7.75 6.88059e-30
8 7.8 2.26791e-30
8 7.85 7.32727e-31
8 7.9 2.32047e-31
8 7.95 7.2032e-32
8 8 2.19175e-32
8 8.05 6.53696e-33
8 8.1 1.91107e-33
8 8.15 5.47639e-34
8 8.2 1.53826e-34
8 8.25 4.23528e-35
8 8.3 1.14301e-35
8 8.35 3.0237e-36
8 8.4 7.8405e-37
8 8.45 1.99281e-37
8 8.5 4.96486e-38
8 8.55 1.21245e-38
8 8.6 2.90229e-39
8 8.65 6.80982e-40
8 8.7 1.5662e-40
8 8.75 3.53085e-41
8 8.8 7.8024e-42
8 8.85 1.69004e-42
8 8.9 3.58825e-43
8 8.95 7.46772e-44
8 9 1.5234e-44
8 9.05 3.04618e-45
8 9.1 5.97061e-46
8 9.15 1.1471e-46
8 9.2 2.16024e-47
8 9.25 3.98771e-48
8 9.3 7.21546e-49
8 9.35 1.27975e-49
8 9.4 2.22488e-50
8 9.45 3.79146e-51
8 9.5 6.33328e-52
8 9.55 1.03698e-52
8 9.6 1.66431e-53
8 9.65 2.61828e-54
8 9.7 4.03758e-55
8 9.75 6.10305e-56
8 9.8 9.04262e-57
8 9.85 1.3133e-57
8 9.9 1.86962e-58
8 9.95 2.58584e-59
8 10 0
8.05 0 0
8.05 0.05 7.71293e-60
8.05 0.1 5.5771e-59
8.05 0.15 3.91756e-58
8.05 0.2 2.6974e-57
8.05 0.25 1.82052e-56
8.05 0.3 1.20439e-55
8.05 0.35 7.81017e-55
8.05 0.4 4.96449e-54
8.05 0.45 3.09321e-53
8.05 0.5 1.88915e-52
8.05 0.55 1.13095e-51
8.05 0.6 6.63649e-51
8.05 0.65 3.81729e-50
8.05 0.7 2.15225e-49
8.05 0.75 1.18946e-48
8.05 0.8 6.44357e-48
8.05 0.85 3.42155e-47
8.05 0.9 1.7809e-46
8.05 0.95 9.08604e-46
8.05 1 4.5439e-45
8.05 1.05 2.22742e-44
8.05 1.1 1.07028e-43
8.05 1.15 5.04089e-43
8.05 1.2 2.32722e-42
8.05 1.25 1.05314e-41
8.05 1.3 4.67147e-41
8.05 1.35 2.03114e-40
8.05 1.4 8.65652e-40
8.05 1.45 3.61631e-39
8.05 1.5 1.48083e-38
8.05 1.55 5.94379e-38
8.05 1.6 2.33851e-37
8.05 1.65 9.01847e-37
8.05 1.7 3.40914e-36
8.05 1.75 1.2632e-35
8.05 1.8 4.58795e-35
8.05 1.85 1.63336e-34
8.05 1.9 5.69985e-34
8.05 1.95 1.94967e-33
8.05 2 6.53696e-33
8.05 2.05 2.14836e-32
8.05 2.1 6.9208e-32
8.05 2.15 2.18535e-31
8.05 2.2 6.76401e-31
8.05 2.25 2.05212e-30
8.05 2.3 6.10265e-30
8.05 2.35 1.7789e-29
8.05 2.4 5.08275e-29
8.05 2.45 1.42352e-28
8.05 2.5 3.90791e-28
8.05 2.55 1.05158e-27
8.05 2.6 2.77368e-27
8.05 2.65 7.17109e-27
8.05 2.7 1.81732e-26
8.05 2.75 4.51432e-26
8.05 2.8 1.09918e-25
8.05 2.85 2.62339e-25
8.05 2.9 6.13723e-25
8.05 2.95 1.40734e-24
8.05 3 3.16328e-24
8.05 3.05 6.96939e-24
8.05 3.1 1.5051e-23
8.05 3.15 3.18606e-23
8.05 3.2 6.61085e-23
8.05 3.25 1.34455e-22
8.05 3.3 2.68046e-22
8.05 3.35 5.23792e-22
8.05 3.4 1.00328e-21
8.05 3.45 1.88367e-21
8.05 3.5 3.46656e-21
8.05 3.55 6.25331e-21
8.05 3.6 1.1057e-20
8.05 3.65 1.91636e-20
8.05 3.7 3.25561e-20
8.05 3.75 5.4213e-20
8.05 3.8 8.84891e-20
8.05 3.85 1.41577e-19
8.05 3.9 2.22028e-19
8.05 3.95 3.41302e-19
8.05 4 5.14263e-19
8.05 4.05 7.59533e-19
8.05 4.1 1.09957e-18
8.05 4.15 1.56032e-18
8.05 4.2 2.1703e-18
8.05 4.25 2.95897e-18
8.05 4.3 3.95437e-18
8.05 4.35 5.17997e-18
8.05 4.4 6.65109e-18
8.05 4.45 8.37092e-18
8.05 4.5 1.03269e-17
8.05 4.55 1.24876e-17
8.05 4.6 1.48014e-17
8.05 4.65 1.71966e-17
8.05 4.7 1.95838e-17
8.05 4.75 2.18608e-17
8.05 4.8 2.39193e-17
8.05 4.85 2.56535e-17
8.05 4.9 2.69687e-17
8.05 4.95 2.779e-17
8.05 5 2.80693e-17
8.05 5.05 2.779e-17
8.05 5.1 2.69687e-17
8.05 5.15 2.56535e-17
8.05 5.2 2.39193e-17
8.05 5.25 2.18608e-17
8.05 5.3 1.95838e-17
8.05 5.35 1.71966e-17
8.05 5.4 1.48014e-17
8.05 5.45 1.24876e-17
8.05 5.5 1.03269e-17
8.05 5.55 8.37092e-18
8.05 5.6 6.65109e-18
8.05 5.65 5.17997e-18
8.05 5.7 3.95437e-18
8.05 5.75 2.95897e-18
8.05 5.8 2.1703e-18
8.05 5.85 1.56032e-18
8.05 5.9 1.09957e-18
8.05 5.95 7.59533e-19
8.05 6 5.14263e-19
8.05 6.05 3.41302e-19
8.05 6.1 2.22028e-19
8.05 6.15 1.41577e-19
8.05 6.2 8.84891e-20
8.05 6.25 5.4213e-20
8.05 6.3 3.25561e-20
8.05 6.35 1.91636e-20
8.05 6.4 1.1057e-20
8.05 6.45 6.25331e-21
8.05 6.5 3.46656e-21
8.05 6.55 1.88367e-21
8.05 6.6 1.00328e-21
8.05 6.65 5.23792e-22
8.05 6.7 2.68046e-22
8.05 6.75 1.34455e-22
8.05 6.8 6.61085e-23
8.05 6.85 3.18606e-23
8.05 6.9 1.5051e-23
8.05 6.95 6.96939e-24
8.05 7 3.16328e-24
8.05 7.05 1.40734e-24
8.05 7.1 6.13723e-25
8.05 7.15 2.62339e-25
8.05 7.2 1.09918e-25
8.05 7.25 4.51432e-26
8.05 7.3 1.81732e-26
8.05 7.35 7.17109e-27
8.05 7.4 2.77368e-27
8.05 7.45 1.05158e-27
8.05 7.5 3.90791e-28
8.05 7.55 1.42352e-28
8.05 7.6 5.08275e-29
8.05 7.65 1.7789e-29
8.05 7.7 6.10265e-30
8.05 7.75 2.05212e-30
8.05 7.8 6.76401e-31
8.05 7.85 2.18535e-31
8.05 7.9 6.9208e-32
8.05 7.95 2.14836e-32
8.05 8 6.53696e-33
8.05 8.05 1.94967e-33
8.05 8.1 5.69985e-34
8.05 8.15 1.63336e-34
8.05 8.2 4.58795e-35
8.05 8.25 1.2632e-35
8.05 8.3 3.40914e-36
8.05 8.35 9.01847e-37
8.05 8.4 2.33851e-37
8.05 8.45 5.94379e-38
8.05 8.5 1.48083e-38
8.05 8.55 3.61631e-39
8.05 8.6 8.65652e-40
8.05 8.65 2.03114e-40
8.05 8.7 4.67147e-41
8.05 8.75 1.05314e-41
8.05 8.8 2.32722e-42
8.05 8.85 5.04089e-43
8.05 8.9 1.07028e-43
8.05 8.95 2.22742e-44
8.05 9 4.5439e-45
8.05 9.05 9.08604e-46
8.05 9.1 1.7809e-46
8.05 9.15 3.42155e-47
8.05 9.2 6.44357e-48
8.05 9.25 1.18946e-48
8.05 9.3 2.15225e-49
8.05 9.35 3.81729e-50
8.05 9.4 6.63649e-51
8.05 9.45 1.13095e-51
8.05 9.5 1.88915e-52
8.05 9.55 3.09321e-53
8.05 9.6 4.96449e-54
8.05 9.65 7.81017e-55
8.05 9.7 1.20439e-55
8.05 9.75 1.82052e-56
8.05 9.8 2.6974e-57
8.05 9.85 3.91756e-58
8.05 9.9 5.5771e-59
8.05 9.95 7.71293e-60
8.05 10 0
8.1 0 0
8.1 0.05 2.25505e-60
8.1 0.1 1.63073e-59
8.1 0.15 1.14548e-58
8.1 0.2 7.88703e-58
8.1 0.25 5.32306e-57
8.1 0.3 3.52153e-56
8.1 0.35 2.28361e-55
8.1 0.4 1.45156e-54
8.1 0.45 9.04413e-54
8.1 0.5 5.52358e-53
8.1 0.55 3.3067e-52
8.1 0.6 1.94039e-51
8.1 0.65 1.1161e-50
8.1 0.7 6.29273e-50
8.1 0.75 3.47772e-49
8.1 0.8 1.88395e-48
8.1 0.85 1.00038e-47
8.1 0.9 5.20688e-47
8.1 0.95 2.65651e-46
8.1 1 1.32851e-45
8.1 1.05 6.51231e-45
8.1 1.1 3.12915e-44
8.1 1.15 1.47379e-43
8.1 1.2 6.804e-43
8.1 1.25 3.07901e-42
8.1 1.3 1.36577e-41
8.1 1.35 5.93828e-41
8.1 1.4 2.53083e-40
8.1 1.45 1.05726e-39
8.1 1.5 4.32934e-39
8.1 1.55 1.73771e-38
8.1 1.6 6.83679e-38
8.1 1.65 2.6366e-37
8.1 1.7 9.96676e-37
8.1 1.75 3.69301e-36
8.1 1.8 1.3413e-35
8.1 1.85 4.77516e-35
8.1 1.9 1.66635e-34
8.1 1.95 5.69985e-34
8.1 2 1.91107e-33
8.1 2.05 6.28068e-33
8.1 2.1 2.02327e-32
8.1 2.15 6.38879e-32
8.1 2.2 1.97742e-31
8.1 2.25 5.99925e-31
8.1 2.3 1.78407e-30
8.1 2.35 5.20046e-30
8.1 2.4 1.4859e-29
8.1 2.45 4.16153e-29
8.1 2.5 1.14244e-28
8.1 2.55 3.07418e-28
8.1 2.6 8.10851e-28
8.1 2.65 2.09638e-27
8.1 2.7 5.31269e-27
8.1 2.75 1.3197e-26
8.1 2.8 3.2133e-26
8.1 2.85 7.66909e-26
8.1 2.9 1.79412e-25
8.1 2.95 4.11411e-25
8.1 3 9.24732e-25
8.1 3.05 2.03738e-24
8.1 3.1 4.3999e-24
8.1 3.15 9.31385e-24
8.1 3.2 1.93255e-23
8.1 3.25 3.93051e-23
8.1 3.3 7.83578e-23
8.1 3.35 1.5312e-22
8.1 3.4 2.93288e-22
8.1 3.45 5.50648e-22
8.1 3.5 1.01337e-21
8.1 3.55 1.82801e-21
8.1 3.6 3.23224e-21
8.1 3.65 5.60201e-21
8.1 3.7 9.51699e-21
8.1 3.75 1.58478e-20
8.1 3.8 2.58676e-20
8.1 3.85 4.13863e-20
8.1 3.9 6.49042e-20
8.1 3.95 9.97708e-20
8.1 4 1.50331e-19
8.1 4.05 2.22029e-19
8.1 4.1 3.2143e-19
8.1 4.15 4.56118e-19
8.1 4.2 6.34428e-19
8.1 4.25 8.64974e-19
8.1 4.3 1.15595e-18
8.1 4.35 1.51422e-18
8.1 4.4 1.94426e-18
8.1 4.45 2.447e-18
8.1 4.5 3.01876e-18
8.1 4.55 3.65038e-18
8.1 4.6 4.32676e-18
8.1 4.65 5.02692e-18
8.1 4.7 5.72475e-18
8.1 4.75 6.39035e-18
8.1 4.8 6.99211e-18
8.1 4.85 7.49906e-18
8.1 4.9 7.88352e-18
8.1 4.95 8.12359e-18
8.1 5 8.20522e-18
8.1 5.05 8.12359e-18
8.1 5.1 7.88352e-18
8.1 5.15 7.49906e-18
8.1 5.2 6.99211e-18
8.1 5.25 6.39035e-18
8.1 5.3 5.72475e-18
8.1 5.35 5.02692e-18
8.1 5.4 4.32676e-18
8.1 5.45 3.65038e-18
8.1 5.5 3.01876e-18
8.1 5.55 2.447e-18
8.1 5.6 1.94426e-18
8.1 5.65 1.51422e-18
8.1 5.7 1.15595e-18
8.1 5.75 8.64974e-19
8.1 5.8 6.34428e-19
8.1 5.85 4.56118e-19
8.1 5.9 3.2143e-19
8.1 5.95 2.22029e-19
8.1 6 1.50331e-19
8.1 6.05 9.97708e-20
8.1 6.1 6.49042e-20
8.1 6.15 4.13863e-20
8.1 6.2 2.58676e-20
8.1 6.25 1.58478e-20
8.1 6.3 9.51699e-21
8.1 6.35 5.60201e-21
8.1 6.4 3.23224e-21
8.1 6.45 1.82801e-21
8.1 6.5 1.01337e-21
8.1 6.55 5.50648e-22
8.1 6.6 2.93288e-22
8.1 6.65 1.5312e-22
8.1 6.7 7.83578e-23
8.1 6.75 3.93051e-23
8.1 6.8 1.93255e-23
8.1 6.85 9.31385e-24
8.1 6.9 4.3999e-24
8.1 6.95 2.03738e-24
8.1 7 9.24732e-25
8.1 7.05 4.11411e-25
8.1 7.1 1.79412e-25
8.1 7.15 7.66909e-26
8.1 7.2 3.2133e-26
8.1 7.25 1.3197e-26
8.1 7.3 5.31269e-27
8.1 7.35 2.09638e-27
8.1 7.4 8.10851e-28
8.1 7.45 3.07418e-28
8.1 7.5 1.14244e-28
8.1 7.55 4.16153e-29
8.1 7.6 1.4859e-29
8.1 7.65 5.20046e-30
8.1 7.7 1.78407e-30
8.1 7.75 5.99925e-31
8.1 7.8 1.97742e-31
8.1 7.85 6.38879e-32
8.1 7.9 2.02327e-32
8.1 7.95 6.28068e-33
8.1 8 1.91107e-33
8.1 8.05 5.69985e-34
8.1 8.1 1.66635e-34
8.1 8.15 4.77516e-35
8.1 8.2 1.3413e-35
8.1 8.25 3.69301e-36
8.1 8.3 9.96676e-37
8.1 8.35 2.6366e-37
8.1 8.4 6.83679e-38
8.1 8.45 1.73771e-38
8.1 8.5 4.32934e-39
8.1 8.55 1.05726e-39
8.1 8.6 2.53083e-40
8.1 8.65 5.93828e-41
8.1 8.7 1.36577e-41
8.1 8.75 3.07901e-42
8.1 8.8 6.804e-43
8.1 8.85 1.47379e-43
8.1 8.9 3.12915e-44
8.1 8.95 6.51231e-45
8.1 9 1.32851e-45
8.1 9.05 2.65651e-46
8.1 9.1 5.20688e-47
8.1 9.15 1.00038e-47
8.1 9.2 1.88395e-48
8.1 9.25 3.47772e-49
8.1 9.3 6.29273e-50
8.1 9.35 1.1161e-50
8.1 9.4 1.94039e-51
8.1 9.45 3.3067e-52
8.1 9.5 5.52358e-53
8.1 9.55 9.04413e-54
8.1 9.6 1.45156e-54
8.1 9.65 2.28361e-55
8.1 9.7 3.52153e-56
8.1 9.75 5.32306e-57
8.1 9.8 7.88703e-58
8.1 9.85 1.14548e-58
8.1 9.9 1.63073e-59
8.1 9.95 2.25505e-60
8.1 10 0
8.15 0 0
8.15 0.05 6.46263e-61
8.15 0.1 4.67384e-60
8.15 0.15 3.28304e-59
8.15 0.2 2.26048e-58
8.15 0.25 1.52562e-57
8.15 0.3 1.00928e-56
8.15 0.35 6.54488e-56
8.15 0.4 4.16017e-55
8.15 0.45 2.59204e-54
8.15 0.5 1.58304e-53
8.15 0.55 9.47688e-53
8.15 0.6 5.56106e-52
8.15 0.65 3.19868e-51
8.15 0.7 1.80345e-50
8.15 0.75 9.96681e-50
8.15 0.8 5.39919e-49
8.15 0.85 2.86696e-48
8.15 0.9 1.49222e-47
8.15 0.95 7.61315e-47
8.15 1 3.80728e-46
8.15 1.05 1.86632e-45
8.15 1.1 8.96755e-45
8.15 1.15 4.22359e-44
8.15 1.2 1.94988e-43
8.15 1.25 8.82376e-43
8.15 1.3 3.91397e-42
8.15 1.35 1.70176e-41
8.15 1.4 7.2527e-41
8.15 1.45 3.02983e-40
8.15 1.5 1.24067e-39
8.15 1.55 4.97978e-39
8.15 1.6 1.95922e-38
8.15 1.65 7.55567e-38
8.15 1.7 2.85615e-37
8.15 1.75 1.05829e-36
8.15 1.8 3.8437e-36
8.15 1.85 1.36839e-35
8.15 1.9 4.77516e-35
8.15 1.95 1.63336e-34
8.15 2 5.47639e-34
8.15 2.05 1.7998e-33
8.15 2.1 5.79788e-33
8.15 2.15 1.83076e-32
8.15 2.2 5.66646e-32
8.15 2.25 1.71913e-31
8.15 2.3 5.11236e-31
8.15 2.35 1.49022e-30
8.15 2.4 4.25791e-30
8.15 2.45 1.1925e-29
8.15 2.5 3.27369e-29
8.15 2.55 8.80912e-29
8.15 2.6 2.32351e-28
8.15 2.65 6.00719e-28
8.15 2.7 1.52235e-27
8.15 2.75 3.78159e-27
8.15 2.8 9.20767e-27
8.15 2.85 2.19756e-26
8.15 2.9 5.14101e-26
8.15 2.95 1.17888e-25
8.15 3 2.64978e-25
8.15 3.05 5.83801e-25
8.15 3.1 1.26077e-24
8.15 3.15 2.66883e-24
8.15 3.2 5.53761e-24
8.15 3.25 1.12626e-23
8.15 3.3 2.24528e-23
8.15 3.35 4.38752e-23
8.15 3.4 8.40393e-23
8.15 3.45 1.57783e-22
8.15 3.5 2.90372e-22
8.15 3.55 5.23798e-22
8.15 3.6 9.26165e-22
8.15 3.65 1.6052e-21
8.15 3.7 2.72699e-21
8.15 3.75 4.54102e-21
8.15 3.8 7.41205e-21
8.15 3.85 1.18587e-20
8.15 3.9 1.85975e-20
8.15 3.95 2.8588e-20
8.15 4 4.30754e-20
8.15 4.05 6.36195e-20
8.15 4.1 9.21012e-20
8.15 4.15 1.30694e-19
8.15 4.2 1.81786e-19
8.15 4.25 2.47846e-19
8.15 4.3 3.3122e-19
8.15 4.35 4.33877e-19
8.15 4.4 5.57098e-19
8.15 4.45 7.0115e-19
8.15 4.5 8.64979e-19
8.15 4.55 1.04596e-18
8.15 4.6 1.23977e-18
8.15 4.65 1.44038e-18
8.15 4.7 1.64033e-18
8.15 4.75 1.83105e-18
8.15 4.8 2.00348e-18
8.15 4.85 2.14873e-18
8.15 4.9 2.25889e-18
8.15 4.95 2.32768e-18
8.15 5 2.35107e-18
8.15 5.05 2.32768e-18
8.15 5.1 2.25889e-18
8.15 5.15 2.14873e-18
8.15 5.2 2.00348e-18
8.15 5.25 1.83105e-18
8.15 5.3 1.64033e-18
8.15 5.35 1.44038e-18
8.15 5.4 1.23977e-18
8.15 5.45 1.04596e-18
8.15 5.5 8.64979e-19
8.15 5.55 7.0115e-19
8.15 5.6 5.57098e-19
8.15 5.65 4.33877e-19
8.15 5.7 3.3122e-19
8.15 5.75 2.47846e-19
8.15 5.8 1.81786e-19
8.15 5.85 1.30694e-19
8.15 5.9 9.21012e-20
8.15 5.95 6.36195e-20
8.15 6 4.30754e-20
8.15 6.05 2.8588e-20
8.15 6.1 1.85975e-20
8.15 6.15 1.18587e-20
8.15 6.2 7.41205e-21
8.15 6.25 4.54102e-21
8.15 6.3 2.72699e-21
8.15 6.35 1.6052e-21
8.15 6.4 9.26165e-22
8.15 6.45 5.23798e-22
8.15 6.5 2.90372e-22
8.15 6.55 1.57783e-22
8.15 6.6 8.40393e-23
8.15 6.65 4.38752e-23
8.15 6.7 2.24528e-23
8.15 6.75 1.12626e-23
8.15 6.8 5.53761e-24
8.15 6.85 2.66883e-24
8.15 6.9 1.26077e-24
8.15 6.95 5.83801e-25
8.15 7 2.64978e-25
8.15 7.05 1.17888e-25
8.15 7.1 5.14101e-26
8.15 7.15 2.19756e-26
8.15 7.2 9.20767e-27
8.15 7.25 3.78159e-27
8.15 7.3 1.52235e-27
8.15 7.35 6.00719e-28
8.15 7.4 2.32351e-28
8.15 7.45 8.80912e-29
8.15 7.5 3.27369e-29
8.15 7.55 1.1925e-29
8.15 7.6 4.25791e-30
8.15 7.65 1.49022e-30
8.15 7.7 5.11236e-31
8.15 7.75 1.71913e-31
8.15 7.8 5.66646e-32
8.15 7.85 1.83076e-32
8.15 7.9 5.79788e-33
8.15 7.95 1.7998e-33
8.15 8 5.47639e-34
8.15 8.05 1.63336e-34
8.15 8.1 4.77516e-35
8.15 8.15 1.36839e-35
8.15 8.2 3.8437e-36
8.15 8.25 1.05829e-36
8.15 8.3 2.85615e-37
8.15 8.35 7.55567e-38
8.15 8.4 1.95922e-38
8.15 8.45 4.97978e-39
8.15 8.5 1.24067e-39
8.15 8.55 3.02983e-40
8.15 8.6 7.2527e-41
8.15 8.65 1.70176e-41
8.15 8.7 3.91397e-42
8.15 8.75 8.82376e-43
8.15 8.8 1.94988e-43
8.15 8.85 4.22359e-44
8.15 8.9 8.96755e-45
8.15 8.95 1.86632e-45
8.15 9 3.80728e-46
8.15 9.05 7.61315e-47
8.15 9.1 1.49222e-47
8.15 9.15 2.86696e-48
8.15 9.2 5.39919e-49
8.15 9.25 9.96681e-50
8.15 9.3 1.80345e-50
8.15 9.35 3.19868e-51
8.15 9.4 5.56106e-52
8.15 9.45 9.47688e-53
8.15 9.5 1.58304e-53
8.15 9.55 2.59204e-54
8.15 9.6 4.16017e-55
8.15 9.65 6.54488e-56
8.15 9.7 1.00928e-56
8.15 9.75 1.52562e-57
8.15 9.8 2.26048e-58
8.15 9.85 3.28304e-59
8.15 9.9 4.67384e-60
8.15 9.95 6.46263e-61
8.15 10 0
8.2 0 0
8.2 0.05 1.81544e-61
8.2 0.1 1.31306e-60
8.2 0.15 9.22325e-60
8.2 0.2 6.35047e-59
8.2 0.25 4.28597e-58
8.2 0.3 2.8354e-57
8.2 0.35 1.83865e-56
8.2 0.4 1.16871e-55
8.2 0.45 7.28174e-55
8.2 0.5 4.44718e-54
8.2 0.55 2.66228e-53
8.2 0.6 1.56223e-52
8.2 0.65 8.98576e-52
8.2 0.7 5.06624e-51
8.2 0.75 2.79986e-50
8.2 0.8 1.51672e-49
8.2 0.85 8.05373e-49
8.2 0.9 4.19186e-48
8.2 0.95 2.13863e-47
8.2 1 1.06951e-46
8.2 1.05 5.24267e-46
8.2 1.1 2.51907e-45
8.2 1.15 1.18644e-44
8.2 1.2 5.47735e-44
8.2 1.25 2.47864e-43
8.2 1.3 1.09945e-42
8.2 1.35 4.78031e-42
8.2 1.4 2.0373e-41
8.2 1.45 8.51082e-41
8.2 1.5 3.48503e-40
8.2 1.55 1.39881e-39
8.2 1.6 5.50339e-39
8.2 1.65 2.12236e-38
8.2 1.7 8.02279e-38
8.2 1.75 2.97269e-37
8.2 1.8 1.07967e-36
8.2 1.85 3.8437e-36
8.2 1.9 1.3413e-35
8.2 1.95 4.58795e-35
8.2 2 1.53826e-34
8.2 2.05 5.05542e-34
8.2 2.1 1.62855e-33
8.2 2.15 5.14237e-33
8.2 2.2 1.59163e-32
8.2 2.25 4.82877e-32
8.2 2.3 1.43598e-31
8.2 2.35 4.18578e-31
8.2 2.4 1.19597e-30
8.2 2.45 3.34951e-30
8.2 2.5 9.19516e-30
8.2 2.55 2.4743e-29
8.2 2.6 6.52624e-29
8.2 2.65 1.68729e-28
8.2 2.7 4.27594e-28
8.2 2.75 1.06216e-27
8.2 2.8 2.58622e-27
8.2 2.85 6.17241e-27
8.2 2.9 1.44398e-26
8.2 2.95 3.31118e-26
8.2 3 7.44254e-26
8.2 3.05 1.63974e-25
8.2 3.1 3.54115e-25
8.2 3.15 7.49599e-25
8.2 3.2 1.55535e-24
8.2 3.25 3.16334e-24
8.2 3.3 6.30634e-24
8.2 3.35 1.23232e-23
8.2 3.4 2.36041e-23
8.2 3.45 4.43164e-23
8.2 3.5 8.15563e-23
8.2 3.55 1.47118e-22
8.2 3.6 2.6013e-22
8.2 3.65 4.50847e-22
8.2 3.7 7.6592e-22
8.2 3.75 1.27542e-21
8.2 3.8 2.08179e-21
8.2 3.85 3.33071e-21
8.2 3.9 5.22338e-21
8.2 3.95 8.02937e-21
8.2 4 1.20984e-20
8.2 4.05 1.78684e-20
8.2 4.1 2.58679e-20
8.2 4.15 3.67072e-20
8.2 4.2 5.10571e-20
8.2 4.25 6.96107e-20
8.2 4.3 9.30274e-20
8.2 4.35 1.2186e-19
8.2 4.4 1.56468e-19
8.2 4.45 1.96927e-19
8.2 4.5 2.4294e-19
8.2 4.55 2.93771e-19
8.2 4.6 3.48203e-19
8.2 4.65 4.04549e-19
8.2 4.7 4.60707e-19
8.2 4.75 5.14273e-19
8.2 4.8 5.627e-19
8.2 4.85 6.03497e-19
8.2 4.9 6.34436e-19
8.2 4.95 6.53756e-19
8.2 5 6.60326e-19
8.2 5.05 6.53756e-19
8.2 5.1 6.34436e-19
8.2 5.15 6.03497e-19
8.2 5.2 5.627e-19
8.2 5.25 5.14273e-19
8.2 5.3 4.60707e-19
8.2 5.35 4.04549e-19
8.2 5.4 3.48203e-19
8.2 5.45 2.93771e-19
8.2 5.5 2.4294e-19
8.2 5.55 1.96927e-19
8.2 5.6 1.56468e-19
8.2 5.65 1.2186e-19
8.2 5.7 9.30274e-20
8.2 5.75 6.96107e-20
8.2 5.8 5.10571e-20
8.2 5.85 3.67072e-20
8.2 5.9 2.58679e-20
8.2 5.95 1.78684e-20
8.2 6 1.20984e-20
8.2 6.05 8.02937e-21
8.2 6.1 5.22338e-21
8.2 6.15 3.33071e-21
8.2 6.2 2.08179e-21
8.2 6.25 1.27542e-21
8.2 6.3 7.6592e-22
8.2 6.35 4.50847e-22
8.2 6.4 2.6013e-22
8.2 6.45 1.47118e-22
8.2 6.5 8.15563e-23
8.2 6.55 4.43164e-23
8.2 6.6 2.36041e-23
8.2 6.65 1.23232e-23
8.2 6.7 6.30634e-24
8.2 6.75 3.16334e-24
8.2 6.8 1.55535e-24
8.2 6.85 7.49599e-25
8.2 6.9 3.54115e-25
8.2 6.95 1.63974e-25
8.2 7 7.44254e-26
8.2 7.05 3.31118e-26
8.2 7.1 1.44398e-26
8.2 7.15 6.17241e-27
8.2 7.2 2.58622e-27
8.2 7.25 1.06216e-27
8.2 7.3 4.27594e-28
8.2 7.35 1.68729e-28
8.2 7.4 6.52624e-29
8.2 7.45 2.4743e-29
8.2 7.5 9.19516e-30
8.2 7.55 3.34951e-30
8.2 7.6 1.19597e-30
8.2 7.65 4.18578e-31
8.2 7.7 1.43598e-31
8.2 7.75 4.82877e-32
8.2 7.8 1.59163e-32
8.2 7.85 5.14237e-33
8.2 7.9 1.62855e-33
8.2 7.95 5.05542e-34
8.2 8 1.53826e-34
8.2 8.05 4.58795e-35
8.2 8.1 1.3413e-35
8.2 8.15 3.8437e-36
8.2 8.2 1.07967e-36
8.2 8.25 2.97269e-37
8.2 8.3 8.02279e-38
8.2 8.35 2.12236e-38
8.2 8.4 5.50339e-39
8.2 8.45 1.39881e-39
8.2 8.5 3.48503e-40
8.2 8.55 8.51082e-41
8.2 8.6 2.0373e-41
8.2 8.65 4.78031e-42
8.2 8.7 1.09945e-42
8.2 8.75 2.47864e-43
8.2 8.8 5.47735e-44
8.2 8.85 1.18644e-44
8.2 8.9 2.51907e-45
8.2 8.95 5.24267e-46
8.2 9 1.06951e-46
8.2 9.05 2.13863e-47
8.2 9.1 4.19186e-48
8.2 9.15 8.05373e-49
8.2 9.2 1.51672e-49
8.2 9.25 2.79986e-50
8.2 9.3 5.06624e-51
8.2 9.35 8.98576e-52
8.2 9.4 1.56223e-52
8.2 9.45 2.66228e-53
8.2 9.5 4.44718e-54
8.2 9.55 7.28174e-55
8.2 9.6 1.16871e-55
8.2 9.65 1.83865e-56
8.2 9.7 2.8354e-57
8.2 9.75 4.28597e-58
8.2 9.8 6.35047e-59
8.2 9.85 9.22325e-60
8.2 9.9 1.31306e-60
8.2 9.95 1.81544e-61
8.2 10 0
8.25 0 0
8.25 0.05 4.99885e-62
8.25 0.1 3.61587e-61
8.25 0.15 2.53986e-60
8.25 0.2 1.74876e-59
8.25 0.25 1.18024e-58
8.25 0.3 7.80787e-58
8.25 0.35 5.0631e-57
8.25 0.4 3.21826e-56
8.25 0.45 2.00515e-55
8.25 0.5 1.2246e-54
8.25 0.55 7.33096e-54
8.25 0.6 4.30179e-53
8.25 0.65 2.47433e-52
8.25 0.7 1.39504e-51
8.25 0.75 7.70964e-51
8.25 0.8 4.17641e-50
8.25 0.85 2.21764e-49
8.25 0.9 1.15425e-48
8.25 0.95 5.88879e-48
8.25 1 2.94491e-47
8.25 1.05 1.44357e-46
8.25 1.1 6.93623e-46
8.25 1.15 3.26684e-45
8.25 1.2 1.50817e-44
8.25 1.25 6.82482e-44
8.25 1.3 3.02727e-43
8.25 1.35 1.31622e-42
8.25 1.4 5.60953e-42
8.25 1.45 2.34337e-41
8.25 1.5 9.59566e-41
8.25 1.55 3.85147e-40
8.25 1.6 1.51529e-39
8.25 1.65 5.84362e-39
8.25 1.7 2.20896e-38
8.25 1.75 8.18482e-38
8.25 1.8 2.97269e-37
8.25 1.85 1.05829e-36
8.25 1.9 3.69301e-36
8.25 1.95 1.2632e-35
8.25 2 4.23528e-35
8.25 2.05 1.3919e-34
8.25 2.1 4.48385e-34
8.25 2.15 1.41583e-33
8.25 2.2 4.38216e-33
8.25 2.25 1.32948e-32
8.25 2.3 3.95359e-32
8.25 2.35 1.15244e-31
8.25 2.4 3.29278e-31
8.25 2.45 9.22193e-31
8.25 2.5 2.53162e-30
8.25 2.55 6.81225e-30
8.25 2.6 1.7968e-29
8.25 2.65 4.64542e-29
8.25 2.7 1.17724e-28
8.25 2.75 2.92431e-28
8.25 2.8 7.12027e-28
8.25 2.85 1.69936e-27
8.25 2.9 3.97549e-27
8.25 2.95 9.11617e-27
8.25 3 2.04903e-26
8.25 3.05 4.51442e-26
8.25 3.1 9.74923e-26
8.25 3.15 2.06374e-25
8.25 3.2 4.28207e-25
8.25 3.25 8.70901e-25
8.25 3.3 1.7362e-24
8.25 3.35 3.3927e-24
8.25 3.4 6.49842e-24
8.25 3.45 1.22007e-23
8.25 3.5 2.24531e-23
8.25 3.55 4.05028e-23
8.25 3.6 7.16157e-23
8.25 3.65 1.24121e-22
8.25 3.7 2.10863e-22
8.25 3.75 3.51131e-22
8.25 3.8 5.7313e-22
8.25 3.85 9.16964e-22
8.25 3.9 1.43802e-21
8.25 3.95 2.21053e-21
8.25 4 3.33074e-21
8.25 4.05 4.91926e-21
8.25 4.1 7.12154e-21
8.25 4.15 1.01056e-20
8.25 4.2 1.40562e-20
8.25 4.25 1.91641e-20
8.25 4.3 2.56107e-20
8.25 4.35 3.35484e-20
8.25 4.4 4.3076e-20
8.25 4.45 5.42145e-20
8.25 4.5 6.6882e-20
8.25 4.55 8.08757e-20
8.25 4.6 9.5861e-20
8.25 4.65 1.11373e-19
8.25 4.7 1.26834e-19
8.25 4.75 1.4158e-19
8.25 4.8 1.54912e-19
8.25 4.85 1.66144e-19
8.25 4.9 1.74661e-19
8.25 4.95 1.7998e-19
8.25 5 1.81789e-19
8.25 5.05 1.7998e-19
8.25 5.1 1.74661e-19
8.25 5.15 1.66144e-19
8.25 5.2 1.54912e-19
8.25 5.25 1.4158e-19
8.25 5.3 1.26834e-19
8.25 5.35 1.11373e-19
8.25 5.4 9.5861e-20
8.25 5.45 8.08757e-20
8.25 5.5 6.6882e-20
8.25 5.55 5.42145e-20
8.25 5.6 4.3076e-20
8.25 5.65 3.35484e-20
8.25 5.7 2.56107e-20
8.25 5.75 1.91641e-20
8.25 5.8 1.40562e-20
8.25 5.85 1.01056e-20
8.25 5.9 7.12154e-21
8.25 5.95 4.91926e-21
8.25 6 3.33074e-21
8.25 6.05 2.21053e-21
8.25 6.1 1.43802e-21
8.25 6.15 9.16964e-22
8.25 6.2 5.7313e-22
8.25 6.25 3.51131e-22
8.25 6.3 2.10863e-22
8.25 6.35 1.24121e-22
8.25 6.4 7.16157e-23
8.25 6.45 4.05028e-23
8.25 6.5 2.24531e-23
8.25 6.55 1.22007e-23
8.25 6.6 6.49842e-24
8.25 6.65 3.3927e-24
8.25 6.7 1.7362e-24
8.25 6.75 8.70901e-25
8.25 6.8 4.28207e-25
8.25 6.85 2.06374e-25
8.25 6.9 9.74923e-26
8.25 6.95 4.51442e-26
8.25 7 2.04903e-26
8.25 7.05 9.11617e-27
8.25 7.1 3.97549e-27
8.25 7.15 1.69936e-27
8.25 7.2 7.12027e-28
8.25 7.25 2.92431e-28
8.25 7.3 1.17724e-28
8.25 7.35 4.64542e-29
8.25 7.4 1.7968e-29
8.25 7.45 6.81225e-30
8.25 7.5 2.53162e-30
8.25 7.55 9.22193e-31
8.25 7.6 3.29278e-31
8.25 7.65 1.15244e-31
8.25 7.7 3.95359e-32
8.25 7.75 1.32948e-32
8.25 7.8 4.38216e-33
8.25 7.85 1.41583e-33
8.25 7.9 4.48385e-34
8.25 7.95 1.3919e-34
8.25 8 4.23528e-35
8.25 8.05 1.2632e-35
8.25 8.1 3.69301e-36
8.25 8.15 1.05829e-36
8.25 8.2 2.97269e-37
8.25 8.25 8.18482e-38
8.25 8.3 2.20896e-38
8.25 8.35 5.84362e-39
8.25 8.4 1.51529e-39
8.25 8.45 3.85147e-40
8.25 8.5 9.59566e-41
8.25 8.55 2.34337e-41
8.25 8.6 5.60953e-42
8.25 8.65 1.31622e-42
8.25 8.7 3.02727e-43
8.25 8.75 6.82482e-44
8.25 8.8 1.50817e-44
8.25 8.85 3.26684e-45
8.25 8.9 6.93623e-46
8.25 8.95 1.44357e-46
8.25 9 2.94491e-47
8.25 9.05 5.88879e-48
8.25 9.1 1.15425e-48
8.25 9.15 2.21764e-49
8.25 9.2 4.17641e-50
8.25 9.25 7.70964e-51
8.25 9.3 1.39504e-51
8.25 9.35 2.47433e-52
8.25 9.4 4.30179e-53
8.25 9.45 7.33096e-54
8.25 9.5 1.2246e-54
8.25 9.55 2.00515e-55
8.25 9.6 3.21826e-56
8.25 9.65 5.0631e-57
8.25 9.7 7.80787e-58
8.25 9.75 1.18024e-58
8.25 9.8 1.74876e-59
8.25 9.85 2.53986e-60
8.25 9.9 3.61587e-61
8.25 9.95 4.99885e-62
8.25 10 0
8.3 0 0
8.3 0.05 1.3492e-62
8.3 0.1 9.76025e-62
8.3 0.15 6.85576e-61
8.3 0.2 4.72033e-60
8.3 0.25 3.18574e-59
8.3 0.3 2.10751e-58
8.3 0.35 1.36663e-57
8.3 0.4 8.68668e-57
8.3 0.45 5.41224e-56
8.3 0.5 3.30538e-55
8.3 0.55 1.97873e-54
8.3 0.6 1.16111e-53
8.3 0.65 6.67849e-53
8.3 0.7 3.76534e-52
8.3 0.75 2.0809e-51
8.3 0.8 1.12724e-50
8.3 0.85 5.98553e-50
8.3 0.9 3.11536e-49
8.3 0.95 1.5894e-48
8.3 1 7.94837e-48
8.3 1.05 3.89621e-47
8.3 1.1 1.87208e-46
8.3 1.15 8.81712e-46
8.3 1.2 4.0705e-45
8.3 1.25 1.84199e-44
8.3 1.3 8.17043e-44
8.3 1.35 3.5524e-43
8.3 1.4 1.51397e-42
8.3 1.45 6.32455e-42
8.3 1.5 2.58977e-41
8.3 1.55 1.03947e-40
8.3 1.6 4.08957e-40
8.3 1.65 1.57711e-39
8.3 1.7 5.96165e-39
8.3 1.75 2.20896e-38
8.3 1.8 8.02279e-38
8.3 1.85 2.85615e-37
8.3 1.9 9.96676e-37
8.3 1.95 3.40914e-36
8.3 2 1.14301e-35
8.3 2.05 3.75644e-35
8.3 2.1 1.21009e-34
8.3 2.15 3.821e-34
8.3 2.2 1.18264e-33
8.3 2.25 3.58793e-33
8.3 2.3 1.06697e-32
8.3 2.35 3.11013e-32
8.3 2.4 8.88629e-32
8.3 2.45 2.48874e-31
8.3 2.5 6.8321e-31
8.3 2.55 1.83842e-30
8.3 2.6 4.84901e-30
8.3 2.65 1.25365e-29
8.3 2.7 3.177e-29
8.3 2.75 7.89175e-29
8.3 2.8 1.92152e-28
8.3 2.85 4.586e-28
8.3 2.9 1.07285e-27
8.3 2.95 2.46013e-27
8.3 3 5.5296e-27
8.3 3.05 1.21828e-26
8.3 3.1 2.63095e-26
8.3 3.15 5.56924e-26
8.3 3.2 1.15557e-25
8.3 3.25 2.35022e-25
8.3 3.3 4.68532e-25
8.3 3.35 9.15555e-25
8.3 3.4 1.75366e-24
8.3 3.45 3.29247e-24
8.3 3.5 6.05918e-24
8.3 3.55 1.093e-23
8.3 3.6 1.9326e-23
8.3 3.65 3.34951e-23
8.3 3.7 5.69028e-23
8.3 3.75 9.47549e-23
8.3 3.8 1.54663e-22
8.3 3.85 2.47448e-22
8.3 3.9 3.88059e-22
8.3 3.95 5.96522e-22
8.3 4 8.98815e-22
8.3 4.05 1.32748e-21
8.3 4.1 1.92178e-21
8.3 4.15 2.72705e-21
8.3 4.2 3.79312e-21
8.3 4.25 5.17149e-21
8.3 4.3 6.91114e-21
8.3 4.35 9.05314e-21
8.3 4.4 1.16242e-20
8.3 4.45 1.46299e-20
8.3 4.5 1.80483e-20
8.3 4.55 2.18245e-20
8.3 4.6 2.58683e-20
8.3 4.65 3.00543e-20
8.3 4.7 3.42263e-20
8.3 4.75 3.82057e-20
8.3 4.8 4.18034e-20
8.3 4.85 4.48342e-20
8.3 4.9 4.71327e-20
8.3 4.95 4.8568e-20
8.3 5 4.90561e-20
8.3 5.05 4.8568e-20
8.3 5.1 4.71327e-20
8.3 5.15 4.48342e-20
8.3 5.2 4.18034e-20
8.3 5.25 3.82057e-20
8.3 5.3 3.42263e-20
8.3 5.35 3.00543e-20
8.3 5.4 2.58683e-20
8.3 5.45 2.18245e-20
8.3 5.5 1.80483e-20
8.3 5.55 1.46299e-20
8.3 5.6 1.16242e-20
8.3 5.65 9.05314e-21
8.3 5.7 6.91114e-21
8.3 5.75 5.17149e-21
8.3 5.8 3.79312e-21
8.3 5.85 2.72705e-21
8.3 5.9 1.92178e-21
8.3 5.95 1.32748e-21
8.3 6 8.98815e-22
8.3 6.05 5.96522e-22
8.3 6.1 3.88059e-22
8.3 6.15 2.47448e-22
8.3 6.2 1.54663e-22
8.3 6.25 9.47549e-23
8.3 6.3 5.69028e-23
8.3 6.35 3.34951e-23
8.3 6.4 1.9326e-23
8.3 6.45 1.093e-23
8.3 6.5 6.05918e-24
8.3 6.55 3.29247e-24
8.3 6.6 1.75366e-24
8.3 6.65 9.15555e-25
8.3 6.7 4.68532e-25
8.3 6.75 2.35022e-25
8.3 6.8 1.15557e-25
8.3 6.85 5.56924e-26
8.3 6.9 2.63095e-26
8.3 6.95 1.21828e-26
8.3 7 5.5296e-27
8.3 7.05 2.46013e-27
8.3 7.1 1.07285e-27
8.3 7.15 4.586e-28
8.3 7.2 1.92152e-28
8.3 7.25 7.89175e-29
8.3 7.3 3.177e-29
8.3 7.35 1.25365e-29
8.3 7.4 4.84901e-30
8.3 7.45 1.83842e-30
8.3 7.5 6.8321e-31
8.3 7.55 2.48874e-31
8.3 7.6 8.88629e-32
8.3 7.65 3.11013e-32
8.3 7.7 1.06697e-32
8.3 7.75 3.58793e-33
8.3 7.8 1.18264e-33
8.3 7.85 3.821e-34
8.3 7.9 1.21009e-34
8.3 7.95 3.75644e-35
8.3 8 1.14301e-35
8.3 8.05 3.40914e-36
8.3 8.1 9.96676e-37
8.3 8.15 2.85615e-37
8.3 8.2 8.02279e-38
8.3 8.25 2.20896e-38
8.3 8.3 5.96165e-39
8.3 8.35 1.57711e-39
8.3 8.4 4.08957e-40
8.3 8.45 1.03947e-40
8.3 8.5 2.58977e-41
8.3 8.55 6.32455e-42
8.3 8.6 1.51397e-42
8.3 8.65 3.5524e-43
8.3 8.7 8.17043e-44
8.3 8.75 1.84199e-44
8.3 8.8 4.0705e-45
8.3 8.85 8.81712e-46
8.3 8.9 1.87208e-46
8.3 8.95 3.89621e-47
8.3 9 7.94837e-48
8.3 9.05 1.5894e-48
8.3 9.1 3.11536e-49
8.3 9.15 5.98553e-50
8.3 9.2 1.12724e-50
8.3 9.25 2.0809e-51
8.3 9.3 3.76534e-52
8.3 9.35 6.67849e-53
8.3 9.4 1.16111e-53
8.3 9.45 1.97873e-54
8.3 9.5 3.30538e-55
8.3 9.55 5.41224e-56
8.3 9.6 8.68668e-57
8.3 9.65 1.36663e-57
8.3 9.7 2.10751e-58
8.3 9.75 3.18574e-59
8.3 9.8 4.72033e-60
8.3 9.85 6.85576e-61
8.3 9.9 9.76025e-62
8.3 9.95 1.3492e-62
8.3 10 0
8.35 0 0
8.35 0.05 3.56947e-63
8.35 0.1 2.58242e-62
8.35 0.15 1.81392e-61
8.35 0.2 1.24892e-60
8.35 0.25 8.42886e-60
8.35 0.3 5.57604e-59
8.35 0.35 3.6158e-58
8.35 0.4 2.29829e-57
8.35 0.45 1.43194e-56
8.35 0.5 8.74516e-56
8.35 0.55 5.23516e-55
8.35 0.6 3.07195e-54
8.35 0.65 1.76692e-53
8.35 0.7 9.96187e-53
8.35 0.75 5.50535e-52
8.35 0.8 2.98228e-51
8.35 0.85 1.58355e-50
8.35 0.9 8.24207e-50
8.35 0.95 4.20494e-49
8.35 1 2.10282e-48
8.35 1.05 1.03077e-47
8.35 1.1 4.95273e-47
8.35 1.15 2.33262e-46
8.35 1.2 1.07687e-45
8.35 1.25 4.87304e-45
8.35 1.3 2.16151e-44
8.35 1.35 9.39791e-44
8.35 1.4 4.0052e-43
8.35 1.45 1.67315e-42
8.35 1.5 6.85118e-42
8.35 1.55 2.74987e-41
8.35 1.6 1.08188e-40
8.35 1.65 4.17217e-40
8.35 1.7 1.57711e-39
8.35 1.75 5.84362e-39
8.35 1.8 2.12236e-38
8.35 1.85 7.55567e-38
8.35 1.9 2.6366e-37
8.35 1.95 9.01847e-37
8.35 2 3.0237e-36
8.35 2.05 9.93715e-36
8.35 2.1 3.20112e-35
8.35 2.15 1.01079e-34
8.35 2.2 3.12848e-34
8.35 2.25 9.49126e-34
8.35 2.3 2.82248e-33
8.35 2.35 8.22727e-33
8.35 2.4 2.3507e-32
8.35 2.45 6.58345e-32
8.35 2.5 1.80729e-31
8.35 2.55 4.86315e-31
8.35 2.6 1.2827e-30
8.35 2.65 3.31625e-30
8.35 2.7 8.40399e-30
8.35 2.75 2.08757e-29
8.35 2.8 5.0829e-29
8.35 2.85 1.21311e-28
8.35 2.9 2.83793e-28
8.35 2.95 6.5076e-28
8.35 3 1.4627e-27
8.35 3.05 3.2226e-27
8.35 3.1 6.95942e-27
8.35 3.15 1.47318e-26
8.35 3.2 3.0567e-26
8.35 3.25 6.2168e-26
8.35 3.3 1.23935e-25
8.35 3.35 2.42181e-25
8.35 3.4 4.63874e-25
8.35 3.45 8.70915e-25
8.35 3.5 1.60275e-24
8.35 3.55 2.89117e-24
8.35 3.6 5.11205e-24
8.35 3.65 8.85996e-24
8.35 3.7 1.50517e-23
8.35 3.75 2.50641e-23
8.35 3.8 4.09105e-23
8.35 3.85 6.54535e-23
8.35 3.9 1.02647e-22
8.35 3.95 1.57788e-22
8.35 4 2.37748e-22
8.35 4.05 3.51137e-22
8.35 4.1 5.08335e-22
8.35 4.15 7.21337e-22
8.35 4.2 1.00333e-21
8.35 4.25 1.36792e-21
8.35 4.3 1.82808e-21
8.35 4.35 2.39466e-21
8.35 4.4 3.07473e-21
8.35 4.45 3.86977e-21
8.35 4.5 4.77397e-21
8.35 4.55 5.77282e-21
8.35 4.6 6.84244e-21
8.35 4.65 7.94968e-21
8.35 4.7 9.05321e-21
8.35 4.75 1.01058e-20
8.35 4.8 1.10574e-20
8.35 4.85 1.18591e-20
8.35 4.9 1.24671e-20
8.35 4.95 1.28467e-20
8.35 5 1.29758e-20
8.35 5.05 1.28467e-20
8.35 5.1 1.24671e-20
8.35 5.15 1.18591e-20
8.35 5.2 1.10574e-20
8.35 5.25 1.01058e-20
8.35 5.3 9.05321e-21
8.35 5.35 7.94968e-21
8.35 5.4 6.84244e-21
8.35 5.45 5.77282e-21
8.35 5.5 4.77397e-21
8.35 5.55 3.86977e-21
8.35 5.6 3.07473e-21
8.35 5.65 2.39466e-21
8.35 5.7 1.82808e-21
8.35 5.75 1.36792e-21
8.35 5.8 1.00333e-21
8.35 5.85 7.21337e-22
8.35 5.9 5.08335e-22
8.35 5.95 3.51137e-22
8.35 6 2.37748e-22
8.35 6.05 1.57788e-22
8.35 6.1 1.02647e-22
8.35 6.15 6.54535e-23
8.35 6.2 4.09105e-23
8.35 6.25 2.50641e-23
8.35 6.3 1.50517e-23
8.35 6.35 8.85996e-24
8.35 6.4 5.11205e-24
8.35 6.45 2.89117e-24
8.35 6.5 1.60275e-24
8.35 6.55 8.70915e-25
8.35 6.6 4.63874e-25
8.35 6.65 2.42181e-25
8.35 6.7 1.23935e-25
8.35 6.75 6.2168e-26
8.35 6.8 3.0567e-26
8.35 6.85 1.47318e-26
8.35 6.9 6.95942e-27
8.35 6.95 3.2226e-27
8.35 7 1.4627e-27
8.35 7.05 6.5076e-28
8.35 7.1 2.83793e-28
8.35 7.15 1.21311e-28
8.35 7.2 5.0829e-29
8.35 7.25 2.08757e-29
8.35 7.3 8.40399e-30
8.35 7.35 3.31625e-30
8.35 7.4 1.2827e-30
8.35 7.45 4.86315e-31
8.35 7.5 1.80729e-31
8.35 7.55 6.58345e-32
8.35 7.6 2.3507e-32
8.35 7.65 8.22727e-33
8.35 7.7 2.82248e-33
8.35 7.75 9.49126e-34
8.35 7.8 3.12848e-34
8.35 7.85 1.01079e-34
8.35 7.9 3.20112e-35
8.35 7.95 9.93715e-36
8.35 8 3.0237e-36
8.35 8.05 9.01847e-37
8.35 8.1 2.6366e-37
8.35 8.15 7.55567e-38
8.35 8.2 2.12236e-38
8.35 8.25 5.84362e-39
8.35 8.3 1.57711e-39
8.35 8.35 4.17217e-40
8.35 8.4 1.08188e-40
8.35 8.45 2.74987e-41
8.35 8.5 6.85118e-42
8.35 8.55 1.67315e-42
8.35 8.6 4.0052e-43
8.35 8.65 9.39791e-44
8.35 8.7 2.16151e-44
8.35 8.75 4.87304e-45
8.35 8.8 1.07687e-45
8.35 8.85 2.33262e-46
8.35 8.9 4.95273e-47
8.35 8.95 1.03077e-47
8.35 9 2.10282e-48
8.35 9.05 4.20494e-49
8.35 9.1 8.24207e-50
8.35 9.15 1.58355e-50
8.35 9.2 2.98228e-51
8.35 9.25 5.50535e-52
8.35 9.3 9.96187e-53
8.35 9.35 1.76692e-53
8.35 9.4 3.07195e-54
8.35 9.45 5.23516e-55
8.35 9.5 8.74516e-56
8.35 9.55 1.43194e-56
8.35 9.6 2.29829e-57
8.35 9.65 3.6158e-58
8.35 9.7 5.57604e-59
8.35 9.75 8.42886e-60
8.35 9.8 1.24892e-60
8.35 9.85 1.81392e-61
8.35 9.9 2.58242e-62
8.35 9.95 3.56947e-63
8.35 10 0
8.4 0 0
8.4 0.05 9.25651e-64
8.4 0.1 6.69749e-63
8.4 0.15 4.70437e-62
8.4 0.2 3.23901e-61
8.4 0.25 2.18598e-60
8.4 0.3 1.44611e-59
8.4 0.35 9.37728e-59
8.4 0.4 5.96039e-58
8.4 0.45 3.71358e-57
8.4 0.5 2.26794e-56
8.4 0.55 1.35766e-55
8.4 0.6 7.96661e-55
8.4 0.65 4.58221e-54
8.4 0.7 2.58343e-53
8.4 0.75 1.4277e-52
8.4 0.8 7.73392e-52
8.4 0.85 4.10659e-51
8.4 0.9 2.13738e-50
8.4 0.95 1.09044e-49
8.4 1 5.4531e-49
8.4 1.05 2.67303e-48
8.4 1.1 1.28435e-47
8.4 1.15 6.04895e-47
8.4 1.2 2.79252e-46
8.4 1.25 1.26366e-45
8.4 1.3 5.60513e-45
8.4 1.35 2.43702e-44
8.4 1.4 1.0386e-43
8.4 1.45 4.3387e-43
8.4 1.5 1.77659e-42
8.4 1.55 7.13071e-42
8.4 1.6 2.80541e-41
8.4 1.65 1.08188e-40
8.4 1.7 4.08957e-40
8.4 1.75 1.51529e-39
8.4 1.8 5.50339e-39
8.4 1.85 1.95922e-38
8.4 1.9 6.83679e-38
8.4 1.95 2.33851e-37
8.4 2 7.8405e-37
8.4 2.05 2.57671e-36
8.4 2.1 8.30049e-36
8.4 2.15 2.62096e-35
8.4 2.2 8.11208e-35
8.4 2.25 2.46106e-34
8.4 2.3 7.31859e-34
8.4 2.35 2.13329e-33
8.4 2.4 6.09523e-33
8.4 2.45 1.70705e-32
8.4 2.5 4.68617e-32
8.4 2.55 1.26098e-31
8.4 2.6 3.32592e-31
8.4 2.65 8.59872e-31
8.4 2.7 2.17907e-30
8.4 2.75 5.41284e-30
8.4 2.8 1.31794e-29
8.4 2.85 3.14544e-29
8.4 2.9 7.3584e-29
8.4 2.95 1.68733e-28
8.4 3 3.79258e-28
8.4 3.05 8.35574e-28
8.4 3.1 1.80447e-27
8.4 3.15 3.81972e-27
8.4 3.2 7.92553e-27
8.4 3.25 1.61191e-26
8.4 3.3 3.21343e-26
8.4 3.35 6.27932e-26
8.4 3.4 1.20274e-25
8.4 3.45 2.25812e-25
8.4 3.5 4.15563e-25
8.4 3.55 7.49623e-25
8.4 3.6 1.32545e-24
8.4 3.65 2.29721e-24
8.4 3.7 3.90258e-24
8.4 3.75 6.49858e-24
8.4 3.8 1.06072e-23
8.4 3.85 1.69706e-23
8.4 3.9 2.6614e-23
8.4 3.95 4.09109e-23
8.4 4 6.16427e-23
8.4 4.05 9.10415e-23
8.4 4.1 1.31799e-22
8.4 4.15 1.87026e-22
8.4 4.2 2.60138e-22
8.4 4.25 3.54669e-22
8.4 4.3 4.73976e-22
8.4 4.35 6.20875e-22
8.4 4.4 7.97201e-22
8.4 4.45 1.00334e-21
8.4 4.5 1.23777e-21
8.4 4.55 1.49674e-21
8.4 4.6 1.77407e-21
8.4 4.65 2.06115e-21
8.4 4.7 2.34727e-21
8.4 4.75 2.62018e-21
8.4 4.8 2.8669e-21
8.4 4.85 3.07476e-21
8.4 4.9 3.23239e-21
8.4 4.95 3.33082e-21
8.4 5 3.36429e-21
8.4 5.05 3.33082e-21
8.4 5.1 3.23239e-21
8.4 5.15 3.07476e-21
8.4 5.2 2.8669e-21
8.4 5.25 2.62018e-21
8.4 5.3 2.34727e-21
8.4 5.35 2.06115e-21
8.4 5.4 1.77407e-21
8.4 5.45 1.49674e-21
8.4 5.5 1.23777e-21
8.4 5.55 1.00334e-21
8.4 5.6 7.97201e-22
8.4 5.65 6.20875e-22
8.4 5.7 4.73976e-22
8.4 5.75 3.54669e-22
8.4 5.8 2.60138e-22
8.4 5.85 1.87026e-22
8.4 5.9 1.31799e-22
8.4 5.95 9.10415e-23
8.4 6 6.16427e-23
8.4 6.05 4.09109e-23
8.4 6.1 2.6614e-23
8.4 6.15 1.69706e-23
8.4 6.2 1.06072e-23
8.4 6.25 6.49858e-24
8.4 6.3 3.90258e-24
8.4 6.35 2.29721e-24
8.4 6.4 1.32545e-24
8.4 6.45 7.49623e-25
8.4 6.5 4.15563e-25
8.4 6.55 2.25812e-25
8.4 6.6 1.20274e-25
8.4 6.65 6.27932e-26
8.4 6.7 3.21343e-26
8.4 6.75 1.61191e-26
8.4 6.8 7.92553e-27
8.4 6.85 3.81972e-27
8.4 6.9 1.80447e-27
8.4 6.95 8.35574e-28
8.4 7 3.79258e-28
8.4 7.05 1.68733e-28
8.4 7.1 7.3584e-29
8.4 7.15 3.14544e-29
8.4 7.2 1.31794e-29
8.4 7.25 5.41284e-30
8.4 7.3 2.17907e-30
8.4 7.35 8.59872e-31
8.4 7.4 3.32592e-31
8.4 7.45 1.26098e-31
8.4 7.5 4.68617e-32
8.4 7.55 1.70705e-32
8.4 7.6 6.09523e-33
8.4 7.65 2.13329e-33
8.4 7.7 7.31859e-34
8.4 7.75 2.46106e-34
8.4 7.8 8.11208e-35
8.4 7.85 2.62096e-35
8.4 7.9 8.30049e-36
8.4 7.95 2.57671e-36
8.4 8 7.8405e-37
8.4 8.05 2.33851e-37
8.4 8.1 6.83679e-38
8.4 8.15 1.95922e-38
8.4 8.2 5.50339e-39
8.4 8.25 1.51529e-39
8.4 8.3 4.08957e-40
8.4 8.35 1.08188e-40
8.4 8.4 2.80541e-41
8.4 8.45 7.13071e-42
8.4 8.5 1.77659e-42
8.4 8.55 4.3387e-43
8.4 8.6 1.0386e-43
8.4 8.65 2.43702e-44
8.4 8.7 5.60513e-45
8.4 8.75 1.26366e-45
8.4 8.8 2.79252e-46
8.4 8.85 6.04895e-47
8.4 8.9 1.28435e-47
8.4 8.95 2.67303e-48
8.4 9 5.4531e-49
8.4 9.05 1.09044e-49
8.4 9.1 2.13738e-50
8.4 9.15 4.10659e-51
8.4 9.2 7.73392e-52
8.4 9.25 1.4277e-52
8.4 9.3 2.58343e-53
8.4 9.35 4.58221e-54
8.4 9.4 7.96661e-55
8.4 9.45 1.35766e-55
8.4 9.5 2.26794e-56
8.4 9.55 3.71358e-57
8.4 9.6 5.96039e-58
8.4 9.65 9.37728e-59
8.4 9.7 1.44611e-59
8.4 9.75 2.18598e-60
8.4 9.8 3.23901e-61
8.4 9.85 4.70437e-62
8.4 9.9 6.69749e-63
8.4 9.95 9.25651e-64
8.4 10 0
8.45 0 0
8.45 0.05 2.35293e-64
8.45 0.1 1.70261e-63
8.45 0.15 1.19592e-62
8.45 0.2 8.23402e-62
8.45 0.25 5.55702e-61
8.45 0.3 3.67616e-60
8.45 0.35 2.38379e-59
8.45 0.4 1.51517e-58
8.45 0.45 9.44015e-58
8.45 0.5 5.76522e-57
8.45 0.55 3.45123e-56
8.45 0.6 2.02513e-55
8.45 0.65 1.1648e-54
8.45 0.7 6.56704e-54
8.45 0.75 3.62919e-53
8.45 0.8 1.96593e-52
8.45 0.85 1.04387e-51
8.45 0.9 5.43309e-51
8.45 0.95 2.77182e-50
8.45 1 1.38613e-49
8.45 1.05 6.79456e-49
8.45 1.1 3.26466e-48
8.45 1.15 1.53756e-47
8.45 1.2 7.0982e-47
8.45 1.25 3.21204e-46
8.45 1.3 1.42473e-45
8.45 1.35 6.19447e-45
8.45 1.4 2.63994e-44
8.45 1.45 1.10281e-43
8.45 1.5 4.51572e-43
8.45 1.55 1.81247e-42
8.45 1.6 7.13071e-42
8.45 1.65 2.74987e-41
8.45 1.7 1.03947e-40
8.45 1.75 3.85147e-40
8.45 1.8 1.39881e-39
8.45 1.85 4.97978e-39
8.45 1.9 1.73771e-38
8.45 1.95 5.94379e-38
8.45 2 1.99281e-37
8.45 2.05 6.54917e-37
8.45 2.1 2.10971e-36
8.45 2.15 6.66158e-36
8.45 2.2 2.06181e-35
8.45 2.25 6.25513e-35
8.45 2.3 1.86012e-34
8.45 2.35 5.42204e-34
8.45 2.4 1.54918e-33
8.45 2.45 4.33866e-33
8.45 2.5 1.19104e-32
8.45 2.55 3.2049e-32
8.45 2.6 8.45314e-32
8.45 2.65 2.18544e-31
8.45 2.7 5.53828e-31
8.45 2.75 1.37571e-30
8.45 2.8 3.34962e-30
8.45 2.85 7.99431e-30
8.45 2.9 1.87017e-29
8.45 2.95 4.28843e-29
8.45 3 9.63899e-29
8.45 3.05 2.12364e-28
8.45 3.1 4.58611e-28
8.45 3.15 9.70789e-28
8.45 3.2 2.01428e-27
8.45 3.25 4.09668e-27
8.45 3.3 8.16695e-27
8.45 3.35 1.59589e-26
8.45 3.4 3.05676e-26
8.45 3.45 5.73898e-26
8.45 3.5 1.05615e-25
8.45 3.55 1.90515e-25
8.45 3.6 3.3686e-25
8.45 3.65 5.83828e-25
8.45 3.7 9.91828e-25
8.45 3.75 1.65159e-24
8.45 3.8 2.69578e-24
8.45 3.85 4.31301e-24
8.45 3.9 6.76383e-24
8.45 3.95 1.03973e-23
8.45 4 1.56662e-23
8.45 4.05 2.31377e-23
8.45 4.1 3.3496e-23
8.45 4.15 4.75314e-23
8.45 4.2 6.61125e-23
8.45 4.25 9.01367e-23
8.45 4.3 1.20458e-22
8.45 4.35 1.57791e-22
8.45 4.4 2.02603e-22
8.45 4.45 2.5499e-22
8.45 4.5 3.1457e-22
8.45 4.55 3.80386e-22
8.45 4.6 4.50866e-22
8.45 4.65 5.23824e-22
8.45 4.7 5.96539e-22
8.45 4.75 6.65896e-22
8.45 4.8 7.286e-22
8.45 4.85 7.81425e-22
8.45 4.9 8.21485e-22
8.45 4.95 8.46501e-22
8.45 5 8.55008e-22
8.45 5.05 8.46501e-22
8.45 5.1 8.21485e-22
8.45 5.15 7.81425e-22
8.45 5.2 7.286e-22
8.45 5.25 6.65896e-22
8.45 5.3 5.96539e-22
8.45 5.35 5.23824e-22
8.45 5.4 4.50866e-22
8.45 5.45 3.80386e-22
8.45 5.5 3.1457e-22
8.45 5.55 2.5499e-22
8.45 5.6 2.02603e-22
8.45 5.65 1.57791e-22
8.45 5.7 1.20458e-22
8.45 5.75 9.01367e-23
8.45 5.8 6.61125e-23
8.45 5.85 4.75314e-23
8.45 5.9 3.3496e-23
8.45 5.95 2.31377e-23
8.45 6 1.56662e-23
8.45 6.05 1.03973e-23
8.45 6.1 6.76383e-24
8.45 6.15 4.31301e-24
8.45 6.2 2.69578e-24
8.45 6.25 1.65159e-24
8.45 6.3 9.91828e-25
8.45 6.35 5.83828e-25
8.45 6.4 3.3686e-25
8.45 6.45 1.90515e-25
8.45 6.5 1.05615e-25
8.45 6.55 5.73898e-26
8.45 6.6 3.05676e-26
8.45 6.65 1.59589e-26
8.45 6.7 8.16695e-27
8.45 6.75 4.09668e-27
8.45 6.8 2.01428e-27
8.45 6.85 9.70789e-28
8.45 6.9 4.58611e-28
8.45 6.95 2.12364e-28
8.45 7 9.63899e-29
8.45 7.05 4.28843e-29
8.45 7.1 1.87017e-29
8.45 7.15 7.99431e-30
8.45 7.2 3.34962e-30
8.45 7.25 1.37571e-30
8.45 7.3 5.53828e-31
8.45 7.35 2.18544e-31
8.45 7.4 8.45314e-32
8.45 7.45 3.2049e-32
8.45 7.5 1.19104e-32
8.45 7.55 4.33866e-33
8.45 7.6 1.54918e-33
8.45 7.65 5.42204e-34
8.45 7.7 1.86012e-34
8.45 7.75 6.25513e-35
8.45 7.8 2.06181e-35
8.45 7.85 6.66158e-36
8.45 7.9 2.10971e-36
8.45 7.95 6.54917e-37
8.45 8 1.99281e-37
8.45 8.05 5.94379e-38
8.45 8.1 1.73771e-38
8.45 8.15 4.97978e-39
8.45 8.2 1.39881e-39
8.45 8.25 3.85147e-40
8.45 8.3 1.03947e-40
8.45 8.35 2.74987e-41
8.45 8.4 7.13071e-42
8.45 8.45 1.81247e-42
8.45 8.5 4.51572e-43
8.45 8.55 1.10281e-43
8.45 8.6 2.63994e-44
8.45 8.65 6.19447e-45
8.45 8.7 1.42473e-45
8.45 8.75 3.21204e-46
8.45 8.8 7.0982e-47
8.45 8.85 1.53756e-47
8.45 8.9 3.26466e-48
8.45 8.95 6.79456e-49
8.45 9 1.38613e-49
8.45 9.05 2.77182e-50
8.45 9.1 5.43309e-51
8.45 9.15 1.04387e-51
8.45 9.2 1.96593e-52
8.45 9.25 3.62919e-53
8.45 9.3 6.56704e-54
8.45 9.35 1.1648e-54
8.45 9.4 2.02513e-55
8.45 9.45 3.45123e-56
8.45 9.5 5.76522e-57
8.45 9.55 9.44015e-58
8.45 9.6 1.51517e-58
8.45 9.65 2.38379e-59
8.45 9.7 3.67616e-60
8.45 9.75 5.55702e-61
8.45 9.8 8.23402e-62
8.45 9.85 1.19592e-62
8.45 9.9 1.70261e-63
8.45 9.95 2.35293e-64
8.45 10 0
8.5 0 0
8.5 0.05 5.86259e-65
8.5 0.1 4.24267e-64
8.5 0.15 2.98005e-63
8.5 0.2 2.05177e-62
8.5 0.25 1.38471e-61
8.5 0.3 9.16024e-61
8.5 0.35 5.93988e-60
8.5 0.4 3.77546e-59
8.5 0.45 2.35225e-58
8.5 0.5 1.43654e-57
8.5 0.55 8.5995e-57
8.5 0.6 5.04602e-56
8.5 0.65 2.90232e-55
8.5 0.7 1.6363e-54
8.5 0.75 9.04272e-54
8.5 0.8 4.89842e-53
8.5 0.85 2.60096e-52
8.5 0.9 1.35372e-51
8.5 0.95 6.90631e-51
8.5 1 3.45368e-50
8.5 1.05 1.69292e-49
8.5 1.1 8.13414e-49
8.5 1.15 3.83094e-48
8.5 1.2 1.76855e-47
8.5 1.25 8.00294e-47
8.5 1.3 3.54976e-46
8.5 1.35 1.54336e-45
8.5 1.4 6.57742e-45
8.5 1.45 2.74765e-44
8.5 1.5 1.12508e-43
8.5 1.55 4.51572e-43
8.5 1.6 1.77659e-42
8.5 1.65 6.85118e-42
8.5 1.7 2.58977e-41
8.5 1.75 9.59566e-41
8.5 1.8 3.48503e-40
8.5 1.85 1.24067e-39
8.5 1.9 4.32934e-39
8.5 1.95 1.48083e-38
8.5 2 4.96486e-38
8.5 2.05 1.63164e-37
8.5 2.1 5.25606e-37
8.5 2.15 1.65964e-36
8.5 2.2 5.13668e-36
8.5 2.25 1.55836e-35
8.5 2.3 4.63417e-35
8.5 2.35 1.3508e-34
8.5 2.4 3.85948e-34
8.5 2.45 1.08089e-33
8.5 2.5 2.96724e-33
8.5 2.55 7.98432e-33
8.5 2.6 2.10592e-32
8.5 2.65 5.44452e-32
8.5 2.7 1.37973e-31
8.5 2.75 3.42726e-31
8.5 2.8 8.34477e-31
8.5 2.85 1.99158e-30
8.5 2.9 4.65905e-30
8.5 2.95 1.06835e-29
8.5 3 2.40129e-29
8.5 3.05 5.29045e-29
8.5 3.1 1.1425e-28
8.5 3.15 2.41844e-28
8.5 3.2 5.018e-28
8.5 3.25 1.02057e-27
8.5 3.3 2.03455e-27
8.5 3.35 3.97567e-27
8.5 3.4 7.61496e-27
8.5 3.45 1.42969e-26
8.5 3.5 2.63105e-26
8.5 3.55 4.74606e-26
8.5 3.6 8.39175e-26
8.5 3.65 1.45441e-25
8.5 3.7 2.4708e-25
8.5 3.75 4.11437e-25
8.5 3.8 6.7156e-25
8.5 3.85 1.07444e-24
8.5 3.9 1.68497e-24
8.5 3.95 2.59011e-24
8.5 4 3.90266e-24
8.5 4.05 5.76392e-24
8.5 4.1 8.3443e-24
8.5 4.15 1.18407e-23
8.5 4.2 1.64695e-23
8.5 4.25 2.24542e-23
8.5 4.3 3.00075e-23
8.5 4.35 3.93077e-23
8.5 4.4 5.04708e-23
8.5 4.45 6.35211e-23
8.5 4.5 7.8363e-23
8.5 4.55 9.47586e-23
8.5 4.6 1.12316e-22
8.5 4.65 1.30491e-22
8.5 4.7 1.48605e-22
8.5 4.75 1.65882e-22
8.5 4.8 1.81502e-22
8.5 4.85 1.94662e-22
8.5 4.9 2.04641e-22
8.5 4.95 2.10873e-22
8.5 5 2.12992e-22
8.5 5.05 2.10873e-22
8.5 5.1 2.04641e-22
8.5 5.15 1.94662e-22
8.5 5.2 1.81502e-22
8.5 5.25 1.65882e-22
8.5 5.3 1.48605e-22
8.5 5.35 1.30491e-22
8.5 5.4 1.12316e-22
8.5 5.45 9.47586e-23
8.5 5.5 7.8363e-23
8.5 5.55 6.35211e-23
8.5 5.6 5.04708e-23
8.5 5.65 3.93077e-23
8.5 5.7 3.00075e-23
8.5 5.75 2.24542e-23
8.5 5.8 1.64695e-23
8.5 5.85 1.18407e-23
8.5 5.9 8.3443e-24
8.5 5.95 5.76392e-24
8.5 6 3.90266e-24
8.5 6.05 2.59011e-24
8.5 6.1 1.68497e-24
8.5 6.15 1.07444e-24
8.5 6.2 6.7156e-25
8.5 6.25 4.11437e-25
8.5 6.3 2.4708e-25
8.5 6.35 1.45441e-25
8.5 6.4 8.39175e-26
8.5 6.45 4.74606e-26
8.5 6.5 2.63105e-26
8.5 6.55 1.42969e-26
8.5 6.6 7.61496e-27
8.5 6.65 3.97567e-27
8.5 6.7 2.03455e-27
8.5 6.75 1.02057e-27
8.5 6.8 5.018e-28
8.5 6.85 2.41844e-28
8.5 6.9 1.1425e-28
8.5 6.95 5.29045e-29
8.5 7 2.40129e-29
8.5 7.05 1.06835e-29
8.5 7.1 4.65905e-30
8.5 7.15 1.99158e-30
8.5 7.2 8.34477e-31
8.5 7.25 3.42726e-31
8.5 7.3 1.37973e-31
8.5 7.35 5.44452e-32
8.5 7.4 2.10592e-32
8.5 7.45 7.98432e-33
8.5 7.5 2.96724e-33
8.5 7.55 1.08089e-33
8.5 7.6 3.85948e-34
8.5 7.65 1.3508e-34
8.5 7.7 4.63417e-35
8.5 7.75 1.55836e-35
8.5 7.8 5.13668e-36
8.5 7.85 1.65964e-36
8.5 7.9 5.25606e-37
8.5 7.95 1.63164e-37
8.5 8 4.96486e-38
8.5 8.05 1.48083e-38
8.5 8.1 4.32934e-39
8.5 8.15 1.24067e-39
8.5 8.2 3.48503e-40
8.5 8.25 9.59566e-41
8.5 8.3 2.58977e-41
8.5 8.35 6.85118e-42
8.5 8.4 1.77659e-42
8.5 8.45 4.51572e-43
8.5 8.5 1.12508e-43
8.5 8.55 2.74765e-44
8.5 8.6 6.57742e-45
8.5 8.65 1.54336e-45
8.5 8.7 3.54976e-46
8.5 8.75 8.00294e-47
8.5 8.8 1.76855e-47
8.5 8.85 3.83094e-48
8.5 8.9 8.13414e-49
8.5 8.95 1.69292e-49
8.5 9 3.45368e-50
8.5 9.05 6.90631e-51
8.5 9.1 1.35372e-51
8.5 9.15 2.60096e-52
8.5 9.2 4.89842e-53
8.5 9.25 9.04272e-54
8.5 9.3 1.6363e-54
8.5 9.35 2.90232e-55
8.5 9.4 5.04602e-56
8.5 9.45 8.5995e-57
8.5 9.5 1.43654e-57
8.5 9.55 2.35225e-58
8.5 9.6 3.77546e-59
8.5 9.65 5.93988e-60
8.5 9.7 9.16024e-61
8.5 9.75 1.38471e-61
8.5 9.8 2.05177e-62
8.5 9.85 2.98005e-63
8.5 9.9 4.24267e-64
8.5 9.95 5.86259e-65
8.5 10 0
8.55 0 0
8.55 0.05 1.43182e-65
8.55 0.1 1.03629e-64
8.55 0.15 7.27886e-64
8.55 0.2 5.01148e-63
8.55 0.25 3.38214e-62
8.55 0.3 2.23737e-61
8.55 0.35 1.4508e-60
8.55 0.4 9.22138e-60
8.55 0.45 5.74522e-59
8.55 0.5 3.50864e-58
8.55 0.55 2.10035e-57
8.55 0.6 1.23244e-56
8.55 0.65 7.08857e-56
8.55 0.7 3.99644e-55
8.55 0.75 2.20855e-54
8.55 0.8 1.19636e-53
8.55 0.85 6.35239e-53
8.55 0.9 3.30622e-52
8.55 0.95 1.68673e-51
8.55 1 8.43489e-51
8.55 1.05 4.13459e-50
8.55 1.1 1.98657e-49
8.55 1.15 9.35612e-49
8.55 1.2 4.31923e-48
8.55 1.25 1.9545e-47
8.55 1.3 8.66929e-47
8.55 1.35 3.76921e-46
8.55 1.4 1.60633e-45
8.55 1.45 6.71026e-45
8.55 1.5 2.74765e-44
8.55 1.55 1.10281e-43
8.55 1.6 4.3387e-43
8.55 1.65 1.67315e-42
8.55 1.7 6.32455e-42
8.55 1.75 2.34337e-41
8.55 1.8 8.51082e-41
8.55 1.85 3.02983e-40
8.55 1.9 1.05726e-39
8.55 1.95 3.61631e-39
8.55 2 1.21245e-38
8.55 2.05 3.98457e-38
8.55 2.1 1.28356e-37
8.55 2.15 4.05291e-37
8.55 2.2 1.2544e-36
8.55 2.25 3.80557e-36
8.55 2.3 1.13167e-35
8.55 2.35 3.29868e-35
8.55 2.4 9.42486e-35
8.55 2.45 2.63953e-34
8.55 2.5 7.24595e-34
8.55 2.55 1.94976e-33
8.55 2.6 5.14259e-33
8.55 2.65 1.32953e-32
8.55 2.7 3.36925e-32
8.55 2.75 8.36919e-32
8.55 2.8 2.03775e-31
8.55 2.85 4.86332e-31
8.55 2.9 1.13771e-30
8.55 2.95 2.60883e-30
8.55 3 5.86377e-30
8.55 3.05 1.29188e-29
8.55 3.1 2.78988e-29
8.55 3.15 5.9056e-29
8.55 3.2 1.22534e-28
8.55 3.25 2.49211e-28
8.55 3.3 4.96813e-28
8.55 3.35 9.7081e-28
8.55 3.4 1.85948e-27
8.55 3.45 3.49111e-27
8.55 3.5 6.42467e-27
8.55 3.55 1.15892e-26
8.55 3.6 2.04915e-26
8.55 3.65 3.55146e-26
8.55 3.7 6.03333e-26
8.55 3.75 1.00467e-25
8.55 3.8 1.63984e-25
8.55 3.85 2.6236e-25
8.55 3.9 4.11442e-25
8.55 3.95 6.32462e-25
8.55 4 9.52963e-25
8.55 4.05 1.40745e-24
8.55 4.1 2.03753e-24
8.55 4.15 2.89129e-24
8.55 4.2 4.02155e-24
8.55 4.25 5.4829e-24
8.55 4.3 7.32728e-24
8.55 4.35 9.59821e-24
8.55 4.4 1.2324e-23
8.55 4.45 1.55106e-23
8.55 4.5 1.91347e-23
8.55 4.55 2.31382e-23
8.55 4.6 2.74254e-23
8.55 4.65 3.18633e-23
8.55 4.7 3.62863e-23
8.55 4.75 4.05052e-23
8.55 4.8 4.43193e-23
8.55 4.85 4.75325e-23
8.55 4.9 4.99693e-23
8.55 4.95 5.14909e-23
8.55 5 5.20084e-23
8.55 5.05 5.14909e-23
8.55 5.1 4.99693e-23
8.55 5.15 4.75325e-23
8.55 5.2 4.43193e-23
8.55 5.25 4.05052e-23
8.55 5.3 3.62863e-23
8.55 5.35 3.18633e-23
8.55 5.4 2.74254e-23
8.55 5.45 2.31382e-23
8.55 5.5 1.91347e-23
8.55 5.55 1.55106e-23
8.55 5.6 1.2324e-23
8.55 5.65 9.59821e-24
8.55 5.7 7.32728e-24
8.55 5.75 5.4829e-24
8.55 5.8 4.02155e-24
8.55 5.85 2.89129e-24
8.55 5.9 2.03753e-24
8.55 5.95 1.40745e-24
8.55 6 9.52963e-25
8.55 6.05 6.32462e-25
8.55 6.1 4.11442e-25
8.55 6.15 2.6236e-25
8.55 6.2 1.63984e-25
8.55 6.25 1.00467e-25
8.55 6.3 6.03333e-26
8.55 6.35 3.55146e-26
8.55 6.4 2.04915e-26
8.55 6.45 1.15892e-26
8.55 6.5 6.42467e-27
8.55 6.55 3.49111e-27
8.55 6.6 1.85948e-27
8.55 6.65 9.7081e-28
8.55 6.7 4.96813e-28
8.55 6.75 2.49211e-28
8.55 6.8 1.22534e-28
8.55 6.85 5.9056e-29
8.55 6.9 2.78988e-29
8.55 6.95 1.29188e-29
8.55 7 5.86377e-30
8.55 7.05 2.60883e-30
8.55 7.1 1.13771e-30
8.55 7.15 4.86332e-31
8.55 7.2 2.03775e-31
8.55 7.25 8.36919e-32
8.55 7.3 3.36925e-32
8.55 7.35 1.32953e-32
8.55 7.4 5.14259e-33
8.55 7.45 1.94976e-33
8.55 7.5 7.24595e-34
8.55 7.55 2.63953e-34
8.55 7.6 9.42486e-35
8.55 7.65 3.29868e-35
8.55 7.7 1.13167e-35
8.55 7.75 3.80557e-36
8.55 7.8 1.2544e-36
8.55 7.85 4.05291e-37
8.55 7.9 1.28356e-37
8.55 7.95 3.98457e-38
8.55 8 1.21245e-38
8.55 8.05 3.61631e-39
8.55 8.1 1.05726e-39
8.55 8.15 3.02983e-40
8.55 8.2 8.51082e-41
8.55 8.25 2.34337e-41
8.55 8.3 6.32455e-42
8.55 8.35 1.67315e-42
8.55 8.4 4.3387e-43
8.55 8.45 1.10281e-43
8.55 8.5 2.74765e-44
8.55 8.55 6.71026e-45
8.55 8.6 1.60633e-45
8.55 8.65 3.76921e-46
8.55 8.7 8.66929e-47
8.55 8.75 1.9545e-47
8.55 8.8 4.31923e-48
8.55 8.85 9.35612e-49
8.55 8.9 1.98657e-49
8.55 8.95 4.13459e-50
8.55 9 8.43489e-51
8.55 9.05 1.68673e-51
8.55 9.1 3.30622e-52
8.55 9.15 6.35239e-53
8.55 9.2 1.19636e-53
8.55 9.25 2.20855e-54
8.55 9.3 3.99644e-55
8.55 9.35 7.08857e-56
8.55 9.4 1.23244e-56
8.55 9.45 2.10035e-57
8.55 9.5 3.50864e-58
8.55 9.55 5.74522e-59
8.55 9.6 9.22138e-60
8.55 9.65 1.4508e-60
8.55 9.7 2.23737e-61
8.55 9.75 3.38214e-62
8.55 9.8 5.01148e-63
8.55 9.85 7.27886e-64
8.55 9.9 1.03629e-64
8.55 9.95 1.43182e-65
8.55 10 0
8.6 0 0
8.6 0.05 3.42773e-66
8.6 0.1 2.4811e-65
8.6 0.15 1.7427e-64
8.6 0.2 1.19984e-63
8.6 0.25 8.09738e-63
8.6 0.3 5.35659e-62
8.6 0.35 3.4734e-61
8.6 0.4 2.20771e-60
8.6 0.45 1.37546e-59
8.6 0.5 8.39999e-59
8.6 0.55 5.02839e-58
8.6 0.6 2.95053e-57
8.6 0.65 1.69704e-56
8.6 0.7 9.5676e-56
8.6 0.75 5.28732e-55
8.6 0.8 2.8641e-54
8.6 0.85 1.52076e-53
8.6 0.9 7.91501e-53
8.6 0.95 4.03797e-52
8.6 1 2.01927e-51
8.6 1.05 9.89796e-51
8.6 1.1 4.75571e-50
8.6 1.15 2.23978e-49
8.6 1.2 1.03398e-48
8.6 1.25 4.67886e-48
8.6 1.3 2.07532e-47
8.6 1.35 9.02299e-47
8.6 1.4 3.84533e-46
8.6 1.45 1.60633e-45
8.6 1.5 6.57742e-45
8.6 1.55 2.63994e-44
8.6 1.6 1.0386e-43
8.6 1.65 4.0052e-43
8.6 1.7 1.51397e-42
8.6 1.75 5.60953e-42
8.6 1.8 2.0373e-41
8.6 1.85 7.2527e-41
8.6 1.9 2.53083e-40
8.6 1.95 8.65652e-40
8.6 2 2.90229e-39
8.6 2.05 9.53798e-39
8.6 2.1 3.07248e-38
8.6 2.15 9.70148e-38
8.6 2.2 3.00265e-37
8.6 2.25 9.10936e-37
8.6 2.3 2.70887e-36
8.6 2.35 7.89596e-36
8.6 2.4 2.256e-35
8.6 2.45 6.31814e-35
8.6 2.5 1.73443e-34
8.6 2.55 4.66702e-34
8.6 2.6 1.23095e-33
8.6 2.65 3.18241e-33
8.6 2.7 8.06472e-33
8.6 2.75 2.00326e-32
8.6 2.8 4.87757e-32
8.6 2.85 1.16409e-31
8.6 2.9 2.72322e-31
8.6 2.95 6.24447e-31
8.6 3 1.40354e-30
8.6 3.05 3.09222e-30
8.6 3.1 6.67778e-30
8.6 3.15 1.41354e-29
8.6 3.2 2.93294e-29
8.6 3.25 5.96501e-29
8.6 3.3 1.18915e-28
8.6 3.35 2.32368e-28
8.6 3.4 4.45074e-28
8.6 3.45 8.3561e-28
8.6 3.5 1.53777e-27
8.6 3.55 2.77391e-27
8.6 3.6 4.90468e-27
8.6 3.65 8.5005e-27
8.6 3.7 1.44409e-26
8.6 3.75 2.40468e-26
8.6 3.8 3.92498e-26
8.6 3.85 6.2796e-26
8.6 3.9 9.84787e-26
8.6 3.95 1.5138e-25
8.6 4 2.28091e-25
8.6 4.05 3.36872e-25
8.6 4.1 4.87681e-25
8.6 4.15 6.92026e-25
8.6 4.2 9.62552e-25
8.6 4.25 1.31232e-24
8.6 4.3 1.75377e-24
8.6 4.35 2.29731e-24
8.6 4.4 2.94973e-24
8.6 4.45 3.71244e-24
8.6 4.5 4.57985e-24
8.6 4.55 5.53807e-24
8.6 4.6 6.56418e-24
8.6 4.65 7.62638e-24
8.6 4.7 8.68502e-24
8.6 4.75 9.69478e-24
8.6 4.8 1.06077e-23
8.6 4.85 1.13767e-23
8.6 4.9 1.196e-23
8.6 4.95 1.23242e-23
8.6 5 1.2448e-23
8.6 5.05 1.23242e-23
8.6 5.1 1.196e-23
8.6 5.15 1.13767e-23
8.6 5.2 1.06077e-23
8.6 5.25 9.69478e-24
8.6 5.3 8.68502e-24
8.6 5.35 7.62638e-24
8.6 5.4 6.56418e-24
8.6 5.45 5.53807e-24
8.6 5.5 4.57985e-24
8.6 5.55 3.71244e-24
8.6 5.6 2.94973e-24
8.6 5.65 2.29731e-24
8.6 5.7 1.75377e-24
8.6 5.75 1.31232e-24
8.6 5.8 9.62552e-25
8.6 5.85 6.92026e-25
8.6 5.9 4.87681e-25
8.6 5.95 3.36872e-25
8.6 6 2.28091e-25
8.6 6.05 1.5138e-25
8.6 6.1 9.84787e-26
8.6 6.15 6.2796e-26
8.6 6.2 3.92498e-26
8.6 6.25 2.40468e-26
8.6 6.3 1.44409e-26
8.6 6.35 8.5005e-27
8.6 6.4 4.90468e-27
8.6 6.45 2.77391e-27
8.6 6.5 1.53777e-27
8.6 6.55 8.3561e-28
8.6 6.6 4.45074e-28
8.6 6.65 2.32368e-28
8.6 6.7 1.18915e-28
8.6 6.75 5.96501e-29
8.6 6.8 2.93294e-29
8.6 6.85 1.41354e-29
8.6 6.9 6.67778e-30
8.6 6.95 3.09222e-30
8.6 7 1.40354e-30
8.6 7.05 6.24447e-31
8.6 7.1 2.72322e-31
8.6 7.15 1.16409e-31
8.6 7.2 4.87757e-32
8.6 7.25 2.00326e-32
8.6 7.3 8.06472e-33
8.6 7.35 3.18241e-33
8.6 7.4 1.23095e-33
8.6 7.45 4.66702e-34
8.6 7.5 1.73443e-34
8.6 7.55 6.31814e-35
8.6 7.6 2.256e-35
8.6 7.65 7.89596e-36
8.6 7.7 2.70887e-36
8.6 7.75 9.10936e-37
8.6 7.8 3.00265e-37
8.6 7.85 9.70148e-38
8.6 7.9 3.07248e-38
8.6 7.95 9.53798e-39
8.6 8 2.90229e-39
8.6 8.05 8.65652e-40
8.6 8.1 2.53083e-40
8.6 8.15 7.2527e-41
8.6 8.2 2.0373e-41
8.6 8.25 5.60953e-42
8.6 8.3 1.51397e-42
8.6 8.35 4.0052e-43
8.6 8.4 1.0386e-43
8.6 8.45 2.63994e-44
8.6 8.5 6.57742e-45
8.6 8.55 1.60633e-45
8.6 8.6 3.84533e-46
8.6 8.65 9.02299e-47
8.6 8.7 2.07532e-47
8.6 8.75 4.67886e-48
8.6 8.8 1.03398e-48
8.6 8.85 2.23978e-49
8.6 8.9 4.75571e-50
8.6 8.95 9.89796e-51
8.6 9 2.01927e-51
8.6 9.05 4.03797e-52
8.6 9.1 7.91501e-53
8.6 9.15 1.52076e-53
8.6 9.2 2.8641e-54
8.6 9.25 5.28732e-55
8.6 9.3 9.5676e-56
8.6 9.35 1.69704e-56
8.6 9.4 2.95053e-57
8.6 9.45 5.02839e-58
8.6 9.5 8.39999e-59
8.6 9.55 1.37546e-59
8.6 9.6 2.20771e-60
8.6 9.65 3.4734e-61
8.6 9.7 5.35659e-62
8.6 9.75 8.09738e-63
8.6 9.8 1.19984e-63
8.6 9.85 1.7427e-64
8.6 9.9 2.4811e-65
8.6 9.95 3.42773e-66
8.6 10 0
8.65 0 0
8.65 0.05 8.04346e-67
8.65 0.1 5.82271e-66
8.65 0.15 4.08978e-65
8.65 0.2 2.81577e-64
8.65 0.25 1.90028e-63
8.65 0.3 1.25707e-62
8.65 0.35 8.1512e-62
8.65 0.4 5.18091e-61
8.65 0.45 3.22783e-60
8.65 0.5 1.97123e-59
8.65 0.55 1.18001e-58
8.65 0.6 6.92395e-58
8.65 0.65 3.98238e-57
8.65 0.7 2.24518e-56
8.65 0.75 1.24074e-55
8.65 0.8 6.72096e-55
8.65 0.85 3.56863e-54
8.65 0.9 1.85734e-53
8.65 0.95 9.47546e-53
8.65 1 4.73837e-52
8.65 1.05 2.32262e-51
8.65 1.1 1.11595e-50
8.65 1.15 5.25572e-50
8.65 1.2 2.42627e-49
8.65 1.25 1.0979e-48
8.65 1.3 4.86975e-48
8.65 1.35 2.11724e-47
8.65 1.4 9.02299e-47
8.65 1.45 3.76921e-46
8.65 1.5 1.54336e-45
8.65 1.55 6.19447e-45
8.65 1.6 2.43702e-44
8.65 1.65 9.39791e-44
8.65 1.7 3.5524e-43
8.65 1.75 1.31622e-42
8.65 1.8 4.78031e-42
8.65 1.85 1.70176e-41
8.65 1.9 5.93828e-41
8.65 1.95 2.03114e-40
8.65 2 6.80982e-40
8.65 2.05 2.23794e-39
8.65 2.1 7.20908e-39
8.65 2.15 2.27629e-38
8.65 2.2 7.04518e-38
8.65 2.25 2.13734e-37
8.65 2.3 6.35584e-37
8.65 2.35 1.85263e-36
8.65 2.4 5.29323e-36
8.65 2.45 1.48241e-35
8.65 2.5 4.06945e-35
8.65 2.55 1.09501e-34
8.65 2.6 2.88813e-34
8.65 2.65 7.46674e-34
8.65 2.7 1.89218e-33
8.65 2.75 4.70014e-33
8.65 2.8 1.14439e-32
8.65 2.85 2.73121e-32
8.65 2.9 6.38927e-32
8.65 2.95 1.46509e-31
8.65 3 3.293e-31
8.65 3.05 7.25498e-31
8.65 3.1 1.56674e-30
8.65 3.15 3.31645e-30
8.65 3.2 6.88121e-30
8.65 3.25 1.3995e-29
8.65 3.3 2.78995e-29
8.65 3.35 5.45175e-29
8.65 3.4 1.04422e-28
8.65 3.45 1.96047e-28
8.65 3.5 3.60784e-28
8.65 3.55 6.50802e-28
8.65 3.6 1.15071e-27
8.65 3.65 1.99434e-27
8.65 3.7 3.38803e-27
8.65 3.75 5.64171e-27
8.65 3.8 9.20852e-27
8.65 3.85 1.47328e-26
8.65 3.9 2.31043e-26
8.65 3.95 3.55156e-26
8.65 4 5.35129e-26
8.65 4.05 7.90341e-26
8.65 4.1 1.14416e-25
8.65 4.15 1.62357e-25
8.65 4.2 2.25825e-25
8.65 4.25 3.07885e-25
8.65 4.3 4.11453e-25
8.65 4.35 5.38973e-25
8.65 4.4 6.92036e-25
8.65 4.45 8.70974e-25
8.65 4.5 1.07448e-24
8.65 4.55 1.29928e-24
8.65 4.6 1.54002e-24
8.65 4.65 1.78922e-24
8.65 4.7 2.03759e-24
8.65 4.75 2.27449e-24
8.65 4.8 2.48866e-24
8.65 4.85 2.66909e-24
8.65 4.9 2.80592e-24
8.65 4.95 2.89136e-24
8.65 5 2.92042e-24
8.65 5.05 2.89136e-24
8.65 5.1 2.80592e-24
8.65 5.15 2.66909e-24
8.65 5.2 2.48866e-24
8.65 5.25 2.27449e-24
8.65 5.3 2.03759e-24
8.65 5.35 1.78922e-24
8.65 5.4 1.54002e-24
8.65 5.45 1.29928e-24
8.65 5.5 1.07448e-24
8.65 5.55 8.70974e-25
8.65 5.6 6.92036e-25
8.65 5.65 5.38973e-25
8.65 5.7 4.11453e-25
8.65 5.75 3.07885e-25
8.65 5.8 2.25825e-25
8.65 5.85 1.62357e-25
8.65 5.9 1.14416e-25
8.65 5.95 7.90341e-26
8.65 6 5.35129e-26
8.65 6.05 3.55156e-26
8.65 6.1 2.31043e-26
8.65 6.15 1.47328e-26
8.65 6.2 9.20852e-27
8.65 6.25 5.64171e-27
8.65 6.3 3.38803e-27
8.65 6.35 1.99434e-27
8.65 6.4 1.15071e-27
8.65 6.45 6.50802e-28
8.65 6.5 3.60784e-28
8.65 6.55 1.96047e-28
8.65 6.6 1.04422e-28
8.65 6.65 5.45175e-29
8.65 6.7 2.78995e-29
8.65 6.75 1.3995e-29
8.65 6.8 6.88121e-30
8.65 6.85 3.31645e-30
8.65 6.9 1.56674e-30
8.65 6.95 7.25498e-31
8.65 7 3.293e-31
8.65 7.05 1.46509e-31
8.65 7.1 6.38927e-32
8.65 7.15 2.73121e-32
8.65 7.2 1.14439e-32
8.65 7.25 4.70014e-33
8.65 7.3 1.89218e-33
8.65 7.35 7.46674e-34
8.65 7.4 2.88813e-34
8.65 7.45 1.09501e-34
8.65 7.5 4.06945e-35
8.65 7.55 1.48241e-35
8.65 7.6 5.29323e-36
8.65 7.65 1.85263e-36
8.65 7.7 6.35584e-37
8.65 7.75 2.13734e-37
8.65 7.8 7.04518e-38
8.65 7.85 2.27629e-38
8.65 7.9 7.20908e-39
8.65 7.95 2.23794e-39
8.65 8 6.80982e-40
8.65 8.05 2.03114e-40
8.65 8.1 5.93828e-41
8.65 8.15 1.70176e-41
8.65 8.2 4.78031e-42
8.65 8.25 1.31622e-42
8.65 8.3 3.5524e-43
8.65 8.35 9.39791e-44
8.65 8.4 2.43702e-44
8.65 8.45 6.19447e-45
8.65 8.5 1.54336e-45
8.65 8.55 3.76921e-46
8.65 8.6 9.02299e-47
8.65 8.65 2.11724e-47
8.65 8.7 4.86975e-48
8.65 8.75 1.0979e-48
8.65 8.8 2.42627e-49
8.65 8.85 5.25572e-50
8.65 8.9 1.11595e-50
8.65 8.95 2.32262e-51
8.65 9 4.73837e-52
8.65 9.05 9.47546e-53
8.65 9.1 1.85734e-53
8.65 9.15 3.56863e-54
8.65 9.2 6.72096e-55
8.65 9.25 1.24074e-55
8.65 9.3 2.24518e-56
8.65 9.35 3.98238e-57
8.65 9.4 6.92395e-58
8.65 9.45 1.18001e-58
8.65 9.5 1.97123e-59
8.65 9.55 3.22783e-60
8.65 9.6 5.18091e-61
8.65 9.65 8.1512e-62
8.65 9.7 1.25707e-62
8.65 9.75 1.90028e-63
8.65 9.8 2.81577e-64
8.65 9.85 4.08978e-65
8.65 9.9 5.82271e-66
8.65 9.95 8.04346e-67
8.65 10 0
8.7 0 0
8.7 0.05 1.85011e-67
8.7 0.1 1.33945e-66
8.7 0.15 9.40802e-66
8.7 0.2 6.47728e-65
8.7 0.25 4.37129e-64
8.7 0.3 2.89166e-63
8.7 0.35 1.87503e-62
8.7 0.4 1.19176e-61
8.7 0.45 7.42493e-61
8.7 0.5 4.53436e-60
8.7 0.55 2.71432e-59
8.7 0.6 1.59267e-58
8.7 0.65 9.16037e-58
8.7 0.7 5.1644e-57
8.7 0.75 2.85395e-56
8.7 0.8 1.54595e-55
8.7 0.85 8.20845e-55
8.7 0.9 4.27217e-54
8.7 0.95 2.17949e-53
8.7 1 1.08989e-52
8.7 1.05 5.3423e-52
8.7 1.1 2.56681e-51
8.7 1.15 1.20887e-50
8.7 1.2 5.58062e-50
8.7 1.25 2.52525e-49
8.7 1.3 1.12007e-48
8.7 1.35 4.86975e-48
8.7 1.4 2.07532e-47
8.7 1.45 8.66929e-47
8.7 1.5 3.54976e-46
8.7 1.55 1.42473e-45
8.7 1.6 5.60513e-45
8.7 1.65 2.16151e-44
8.7 1.7 8.17043e-44
8.7 1.75 3.02727e-43
8.7 1.8 1.09945e-42
8.7 1.85 3.91397e-42
8.7 1.9 1.36577e-41
8.7 1.95 4.67147e-41
8.7 2 1.5662e-40
8.7 2.05 5.14707e-40
8.7 2.1 1.65802e-39
8.7 2.15 5.23522e-39
8.7 2.2 1.62031e-38
8.7 2.25 4.91562e-38
8.7 2.3 1.46176e-37
8.7 2.35 4.26078e-37
8.7 2.4 1.21736e-36
8.7 2.45 3.40932e-36
8.7 2.5 9.35906e-36
8.7 2.55 2.51833e-35
8.7 2.6 6.64217e-35
8.7 2.65 1.71721e-34
8.7 2.7 4.35165e-34
8.7 2.75 1.08094e-33
8.7 2.8 2.63186e-33
8.7 2.85 6.2812e-33
8.7 2.9 1.46939e-32
8.7 2.95 3.36937e-32
8.7 3 7.57314e-32
8.7 3.05 1.66847e-31
8.7 3.1 3.60312e-31
8.7 3.15 7.627e-31
8.7 3.2 1.5825e-30
8.7 3.25 3.21849e-30
8.7 3.3 6.41615e-30
8.7 3.35 1.25376e-29
8.7 3.4 2.40141e-29
8.7 3.45 4.50855e-29
8.7 3.5 8.29702e-29
8.7 3.55 1.49666e-28
8.7 3.6 2.6463e-28
8.7 3.65 4.58639e-28
8.7 3.7 7.79146e-28
8.7 3.75 1.29742e-27
8.7 3.8 2.11768e-27
8.7 3.85 3.38808e-27
8.7 3.9 5.31328e-27
8.7 3.95 8.16746e-27
8.7 4 1.23063e-26
8.7 4.05 1.81753e-26
8.7 4.1 2.63119e-26
8.7 4.15 3.73368e-26
8.7 4.2 5.19323e-26
8.7 4.25 7.08033e-26
8.7 4.3 9.46204e-26
8.7 4.35 1.23946e-25
8.7 4.4 1.59145e-25
8.7 4.45 2.00295e-25
8.7 4.5 2.47093e-25
8.7 4.55 2.98791e-25
8.7 4.6 3.54152e-25
8.7 4.65 4.11459e-25
8.7 4.7 4.68574e-25
8.7 4.75 5.23053e-25
8.7 4.8 5.72305e-25
8.7 4.85 6.13797e-25
8.7 4.9 6.45264e-25
8.7 4.95 6.64913e-25
8.7 5 6.71595e-25
8.7 5.05 6.64913e-25
8.7 5.1 6.45264e-25
8.7 5.15 6.13797e-25
8.7 5.2 5.72305e-25
8.7 5.25 5.23053e-25
8.7 5.3 4.68574e-25
8.7 5.35 4.11459e-25
8.7 5.4 3.54152e-25
8.7 5.45 2.98791e-25
8.7 5.5 2.47093e-25
8.7 5.55 2.00295e-25
8.7 5.6 1.59145e-25
8.7 5.65 1.23946e-25
8.7 5.7 9.46204e-26
8.7 5.75 7.08033e-26
8.7 5.8 5.19323e-26
8.7 5.85 3.73368e-26
8.7 5.9 2.63119e-26
8.7 5.95 1.81753e-26
8.7 6 1.23063e-26
8.7 6.05 8.16746e-27
8.7 6.1 5.31328e-27
8.7 6.15 3.38808e-27
8.7 6.2 2.11768e-27
8.7 6.25 1.29742e-27
8.7 6.3 7.79146e-28
8.7 6.35 4.58639e-28
8.7 6.4 2.6463e-28
8.7 6.45 1.49666e-28
8.7 6.5 8.29702e-29
8.7 6.55 4.50855e-29
8.7 6.6 2.40141e-29
8.7 6.65 1.25376e-29
8.7 6.7 6.41615e-30
8.7 6.75 3.21849e-30
8.7 6.8 1.5825e-30
8.7 6.85 7.627e-31
8.7 6.9 3.60312e-31
8.7 6.95 1.66847e-31
8.7 7 7.57314e-32
8.7 7.05 3.36937e-32
8.7 7.1 1.46939e-32
8.7 7.15 6.2812e-33
8.7 7.2 2.63186e-33
8.7 7.25 1.08094e-33
8.7 7.3 4.35165e-34
8.7 7.35 1.71721e-34
8.7 7.4 6.64217e-35
8.7 7.45 2.51833e-35
8.7 7.5 9.35906e-36
8.7 7.55 3.40932e-36
8.7 7.6 1.21736e-36
8.7 7.65 4.26078e-37
8.7 7.7 1.46176e-37
8.7 7.75 4.91562e-38
8.7 7.8 1.62031e-38
8.7 7.85 5.23522e-39
8.7 7.9 1.65802e-39
8.7 7.95 5.14707e-40
8.7 8 1.5662e-40
8.7 8.05 4.67147e-41
8.7 8.1 1.36577e-41
8.7 8.15 3.91397e-42
8.7 8.2 1.09945e-42
8.7 8.25 3.02727e-43
8.7 8.3 8.17043e-44
8.7 8.35 2.16151e-44
8.7 8.4 5.60513e-45
8.7 8.45 1.42473e-45
8.7 8.5 3.54976e-46
8.7 8.55 8.66929e-47
8.7 8.6 2.07532e-47
8.7 8.65 4.86975e-48
8.7 8.7 1.12007e-48
8.7 8.75 2.52525e-49
8.7 8.8 5.58062e-50
8.7 8.85 1.20887e-50
8.7 8.9 2.56681e-51
8.7 8.95 5.3423e-52
8.7 9 1.08989e-52
8.7 9.05 2.17949e-53
8.7 9.1 4.27217e-54
8.7 9.15 8.20845e-55
8.7 9.2 1.54595e-55
8.7 9.25 2.85395e-56
8.7 9.3 5.1644e-57
8.7 9.35 9.16037e-58
8.7 9.4 1.59267e-58
8.7 9.45 2.71432e-59
8.7 9.5 4.53436e-60
8.7 9.55 7.42493e-61
8.7 9.6 1.19176e-61
8.7 9.65 1.87503e-62
8.7 9.7 2.89166e-63
8.7 9.75 4.37129e-64
8.7 9.8 6.47728e-65
8.7 9.85 9.40802e-66
8.7 9.9 1.33945e-66
8.7 9.95 1.85011e-67
8.7 10 0
8.75 0 0
8.75 0.05 4.17131e-68
8.75 0.1 3.02027e-67
8.75 0.15 2.12137e-66
8.75 0.2 1.46052e-65
8.75 0.25 9.85646e-65
8.75 0.3 6.52013e-64
8.75 0.35 4.22779e-63
8.75 0.4 2.68715e-62
8.75 0.45 1.67414e-61
8.75 0.5 1.02238e-60
8.75 0.55 6.12006e-60
8.75 0.6 3.59103e-59
8.75 0.65 2.06539e-58
8.75 0.7 1.16441e-57
8.75 0.75 6.43474e-57
8.75 0.8 3.48559e-56
8.75 0.85 1.85072e-55
8.75 0.9 9.6322e-55
8.75 0.95 4.91394e-54
8.75 1 2.45728e-53
8.75 1.05 1.20448e-52
8.75 1.1 5.7871e-52
8.75 1.15 2.72548e-51
8.75 1.2 1.25819e-50
8.75 1.25 5.69332e-50
8.75 1.3 2.52525e-49
8.75 1.35 1.0979e-48
8.75 1.4 4.67886e-48
8.75 1.45 1.9545e-47
8.75 1.5 8.00294e-47
8.75 1.55 3.21204e-46
8.75 1.6 1.26366e-45
8.75 1.65 4.87304e-45
8.75 1.7 1.84199e-44
8.75 1.75 6.82482e-44
8.75 1.8 2.47864e-43
8.75 1.85 8.82376e-43
8.75 1.9 3.07901e-42
8.75 1.95 1.05314e-41
8.75 2 3.53085e-41
8.75 2.05 1.16035e-40
8.75 2.1 3.7378e-40
8.75 2.15 1.18021e-39
8.75 2.2 3.65277e-39
8.75 2.25 1.10816e-38
8.75 2.3 3.29531e-38
8.75 2.35 9.60526e-38
8.75 2.4 2.74434e-37
8.75 2.45 7.68572e-37
8.75 2.5 2.10983e-36
8.75 2.55 5.6771e-36
8.75 2.6 1.49735e-35
8.75 2.65 3.8711e-35
8.75 2.7 9.80988e-35
8.75 2.75 2.43674e-34
8.75 2.8 5.93295e-34
8.75 2.85 1.41595e-33
8.75 2.9 3.3124e-33
8.75 2.95 7.59543e-33
8.75 3 1.70718e-32
8.75 3.05 3.76115e-32
8.75 3.1 8.12229e-32
8.75 3.15 1.7193e-31
8.75 3.2 3.56733e-31
8.75 3.25 7.25519e-31
8.75 3.3 1.44634e-30
8.75 3.35 2.82623e-30
8.75 3.4 5.41329e-30
8.75 3.45 1.01632e-29
8.75 3.5 1.87031e-29
8.75 3.55 3.37376e-29
8.75 3.6 5.96527e-29
8.75 3.65 1.03386e-28
8.75 3.7 1.75634e-28
8.75 3.75 2.92462e-28
8.75 3.8 4.77362e-28
8.75 3.85 7.63731e-28
8.75 3.9 1.1977e-27
8.75 3.95 1.84108e-27
8.75 4 2.77403e-27
8.75 4.05 4.097e-27
8.75 4.1 5.93111e-27
8.75 4.15 8.41629e-27
8.75 4.2 1.17063e-26
8.75 4.25 1.59601e-26
8.75 4.3 2.13288e-26
8.75 4.35 2.79391e-26
8.75 4.4 3.58735e-26
8.75 4.45 4.51492e-26
8.75 4.5 5.56983e-26
8.75 4.55 6.73517e-26
8.75 4.6 7.98307e-26
8.75 4.65 9.27485e-26
8.75 4.7 1.05623e-25
8.75 4.75 1.17903e-25
8.75 4.8 1.29005e-25
8.75 4.85 1.38358e-25
8.75 4.9 1.45451e-25
8.75 4.95 1.4988e-25
8.75 5 1.51386e-25
8.75 5.05 1.4988e-25
8.75 5.1 1.45451e-25
8.75 5.15 1.38358e-25
8.75 5.2 1.29005e-25
8.75 5.25 1.17903e-25
8.75 5.3 1.05623e-25
8.75 5.35 9.27485e-26
8.75 5.4 7.98307e-26
8.75 5.45 6.73517e-26
8.75 5.5 5.56983e-26
8.75 5.55 4.51492e-26
8.75 5.6 3.58735e-26
8.75 5.65 2.79391e-26
8.75 5.7 2.13288e-26
8.75 5.75 1.59601e-26
8.75 5.8 1.17063e-26
8.75 5.85 8.41629e-27
8.75 5.9 5.93111e-27
8.75 5.95 4.097e-27
8.75 6 2.77403e-27
8.75 6.05 1.84108e-27
8.75 6.1 1.1977e-27
8.75 6.15 7.63731e-28
8.75 6.2 4.77362e-28
8.75 6.25 2.92462e-28
8.75 6.3 1.75634e-28
8.75 6.35 1.03386e-28
8.75 6.4 5.96527e-29
8.75 6.45 3.37376e-29
8.75 6.5 1.87031e-29
8.75 6.55 1.01632e-29
8.75 6.6 5.41329e-30
8.75 6.65 2.82623e-30
8.75 6.7 1.44634e-30
8.75 6.75 7.25519e-31
8.75 6.8 3.56733e-31
8.75 6.85 1.7193e-31
8.75 6.9 8.12229e-32
8.75 6.95 3.76115e-32
8.75 7 1.70718e-32
8.75 7.05 7.59543e-33
8.75 7.1 3.3124e-33
8.75 7.15 1.41595e-33
8.75 7.2 5.93295e-34
8.75 7.25 2.43674e-34
8.75 7.3 9.80988e-35
8.75 7.35 3.8711e-35
8.75 7.4 1.49735e-35
8.75 7.45 5.6771e-36
8.75 7.5 2.10983e-36
8.75 7.55 7.68572e-37
8.75 7.6 2.74434e-37
8.75 7.65 9.60526e-38
8.75 7.7 3.29531e-38
8.75 7.75 1.10816e-38
8.75 7.8 3.65277e-39
8.75 7.85 1.18021e-39
8.75 7.9 3.7378e-40
8.75 7.95 1.16035e-40
8.75 8 3.53085e-41
8.75 8.05 1.05314e-41
8.75 8.1 3.07901e-42
8.75 8.15 8.82376e-43
8.75 8.2 2.47864e-43
8.75 8.25 6.82482e-44
8.75 8.3 1.84199e-44
8.75 8.35 4.87304e-45
8.75 8.4 1.26366e-45
8.75 8.45 3.21204e-46
8.75 8.5 8.00294e-47
8.75 8.55 1.9545e-47
8.75 8.6 4.67886e-48
8.75 8.65 1.0979e-48
8.75 8.7 2.52525e-49
8.75 8.75 5.69332e-50
8.75 8.8 1.25819e-50
8.75 8.85 2.72548e-51
8.75 8.9 5.7871e-52
8.75 8.95 1.20448e-52
8.75 9 2.45728e-53
8.75 9.05 4.91394e-54
8.75 9.1 9.6322e-55
8.75 9.15 1.85072e-55
8.75 9.2 3.48559e-56
8.75 9.25 6.43474e-57
8.75 9.3 1.16441e-57
8.75 9.35 2.06539e-58
8.75 9.4 3.59103e-59
8.75 9.45 6.12006e-60
8.75 9.5 1.02238e-60
8.75 9.55 1.67414e-61
8.75 9.6 2.68715e-62
8.75 9.65 4.22779e-63
8.75 9.7 6.52013e-64
8.75 9.75 9.85646e-65
8.75 9.8 1.46052e-65
8.75 9.85 2.12137e-66
8.75 9.9 3.02027e-67
8.75 9.95 4.17131e-68
8.75 10 0
8.8 0 0
8.8 0.05 9.21862e-69
8.8 0.1 6.67553e-68
8.8 0.15 4.6887e-67
8.8 0.2 3.22806e-66
8.8 0.25 2.17847e-65
8.8 0.3 1.44107e-64
8.8 0.35 9.34413e-64
8.8 0.4 5.93902e-63
8.8 0.45 3.70009e-62
8.8 0.5 2.25959e-61
8.8 0.55 1.3526e-60
8.8 0.6 7.93652e-60
8.8 0.65 4.56469e-59
8.8 0.7 2.57343e-58
8.8 0.75 1.42212e-57
8.8 0.8 7.7033e-57
8.8 0.85 4.09015e-56
8.8 0.9 2.12873e-55
8.8 0.95 1.08598e-54
8.8 1 5.43057e-54
8.8 1.05 2.66187e-53
8.8 1.1 1.27893e-52
8.8 1.15 6.0232e-52
8.8 1.2 2.78052e-51
8.8 1.25 1.25819e-50
8.8 1.3 5.58062e-50
8.8 1.35 2.42627e-49
8.8 1.4 1.03398e-48
8.8 1.45 4.31923e-48
8.8 1.5 1.76855e-47
8.8 1.55 7.0982e-47
8.8 1.6 2.79252e-46
8.8 1.65 1.07687e-45
8.8 1.7 4.0705e-45
8.8 1.75 1.50817e-44
8.8 1.8 5.47735e-44
8.8 1.85 1.94988e-43
8.8 1.9 6.804e-43
8.8 1.95 2.32722e-42
8.8 2 7.8024e-42
8.8 2.05 2.56411e-41
8.8 2.1 8.25966e-41
8.8 2.15 2.60798e-40
8.8 2.2 8.0717e-40
8.8 2.25 2.44874e-39
8.8 2.3 7.28175e-39
8.8 2.35 2.1225e-38
8.8 2.4 6.06422e-38
8.8 2.45 1.69832e-37
8.8 2.5 4.66209e-37
8.8 2.55 1.25446e-36
8.8 2.6 3.30867e-36
8.8 2.65 8.5539e-36
8.8 2.7 2.16766e-35
8.8 2.75 5.38438e-35
8.8 2.8 1.31098e-34
8.8 2.85 3.12876e-34
8.8 2.9 7.31922e-34
8.8 2.95 1.67832e-33
8.8 3 3.77223e-33
8.8 3.05 8.31074e-33
8.8 3.1 1.79472e-32
8.8 3.15 3.799e-32
8.8 3.2 7.8824e-32
8.8 3.25 1.60311e-31
8.8 3.3 3.19583e-31
8.8 3.35 6.24483e-31
8.8 3.4 1.19611e-30
8.8 3.45 2.24564e-30
8.8 3.5 4.13261e-30
8.8 3.55 7.45459e-30
8.8 3.6 1.31807e-29
8.8 3.65 2.28438e-29
8.8 3.7 3.88074e-29
8.8 3.75 6.46214e-29
8.8 3.8 1.05476e-28
8.8 3.85 1.68751e-28
8.8 3.9 2.64639e-28
8.8 3.95 4.06796e-28
8.8 4 6.12936e-28
8.8 4.05 9.0525e-28
8.8 4.1 1.3105e-27
8.8 4.15 1.85961e-27
8.8 4.2 2.58656e-27
8.8 4.25 3.52645e-27
8.8 4.3 4.71267e-27
8.8 4.35 6.17324e-27
8.8 4.4 7.92636e-27
8.8 4.45 9.97584e-27
8.8 4.5 1.23067e-26
8.8 4.55 1.48815e-26
8.8 4.6 1.76388e-26
8.8 4.65 2.0493e-26
8.8 4.7 2.33376e-26
8.8 4.75 2.60509e-26
8.8 4.8 2.8504e-26
8.8 4.85 3.05705e-26
8.8 4.9 3.21377e-26
8.8 4.95 3.31163e-26
8.8 5 3.34491e-26
8.8 5.05 3.31163e-26
8.8 5.1 3.21377e-26
8.8 5.15 3.05705e-26
8.8 5.2 2.8504e-26
8.8 5.25 2.60509e-26
8.8 5.3 2.33376e-26
8.8 5.35 2.0493e-26
8.8 5.4 1.76388e-26
8.8 5.45 1.48815e-26
8.8 5.5 1.23067e-26
8.8 5.55 9.97584e-27
8.8 5.6 7.92636e-27
8.8 5.65 6.17324e-27
8.8 5.7 4.71267e-27
8.8 5.75 3.52645e-27
8.8 5.8 2.58656e-27
8.8 5.85 1.85961e-27
8.8 5.9 1.3105e-27
8.8 5.95 9.0525e-28
8.8 6 6.12936e-28
8.8 6.05 4.06796e-28
8.8 6.1 2.64639e-28
8.8 6.15 1.68751e-28
8.8 6.2 1.05476e-28
8.8 6.25 6.46214e-29
8.8 6.3 3.88074e-29
8.8 6.35 2.28438e-29
8.8 6.4 1.31807e-29
8.8 6.45 7.45459e-30
8.8 6.5 4.13261e-30
8.8 6.55 2.24564e-30
8.8 6.6 1.19611e-30
8.8 6.65 6.24483e-31
8.8 6.7 3.19583e-31
8.8 6.75 1.60311e-31
8.8 6.8 7.8824e-32
8.8 6.85 3.799e-32
8.8 6.9 1.79472e-32
8.8 6.95 8.31074e-33
8.8 7 3.77223e-33
8.8 7.05 1.67832e-33
8.8 7.1 7.31922e-34
8.8 7.15 3.12876e-34
8.8 7.2 1.31098e-34
8.8 7.25 5.38438e-35
8.8 7.3 2.16766e-35
8.8 7.35 8.5539e-36
8.8 7.4 3.30867e-36
8.8 7.45 1.25446e-36
8.8 7.5 4.66209e-37
8.8 7.55 1.69832e-37
8.8 7.6 6.06422e-38
8.8 7.65 2.1225e-38
8.8 7.7 7.28175e-39
8.8 7.75 2.44874e-39
8.8 7.8 8.0717e-40
8.8 7.85 2.60798e-40
8.8 7.9 8.25966e-41
8.8 7.95 2.56411e-41
8.8 8 7.8024e-42
8.8 8.05 2.32722e-42
8.8 8.1 6.804e-43
8.8 8.15 1.94988e-43
8.8 8.2 5.47735e-44
8.8 8.25 1.50817e-44
8.8 8.3 4.0705e-45
8.8 8.35 1.07687e-45
8.8 8.4 2.79252e-46
8.8 8.45 7.0982e-47
8.8 8.5 1.76855e-47
8.8 8.55 4.31923e-48
8.8 8.6 1.03398e-48
8.8 8.65 2.42627e-49
8.8 8.7 5.58062e-50
8.8 8.75 1.25819e-50
8.8 8.8 2.78052e-51
8.8 8.85 6.0232e-52
8.8 8.9 1.27893e-52
8.8 8.95 2.66187e-53
8.8 9 5.43057e-54
8.8 9.05 1.08598e-54
8.8 9.1 2.12873e-55
8.8 9.15 4.09015e-56
8.8 9.2 7.7033e-57
8.8 9.25 1.42212e-57
8.8 9.3 2.57343e-58
8.8 9.35 4.56469e-59
8.8 9.4 7.93652e-60
8.8 9.45 1.3526e-60
8.8 9.5 2.25959e-61
8.8 9.55 3.70009e-62
8.8 9.6 5.93902e-63
8.8 9.65 9.34413e-64
8.8 9.7 1.44107e-64
8.8 9.75 2.17847e-65
8.8 9.8 3.22806e-66
8.8 9.85 4.6887e-67
8.8 9.9 6.67553e-68
8.8 9.95 9.21862e-69
8.8 10 0
8.85 0 0
8.85 0.05 1.997e-69
8.85 0.1 1.44626e-68
8.85 0.15 1.0158e-67
8.85 0.2 6.99351e-67
8.85 0.25 4.71958e-66
8.85 0.3 3.122e-65
8.85 0.35 2.02434e-64
8.85 0.4 1.28664e-63
8.85 0.45 8.01589e-63
8.85 0.5 4.89516e-62
8.85 0.55 2.93024e-61
8.85 0.6 1.71934e-60
8.85 0.65 9.88871e-60
8.85 0.7 5.57492e-59
8.85 0.75 3.08076e-58
8.85 0.8 1.66877e-57
8.85 0.85 8.86048e-57
8.85 0.9 4.61144e-56
8.85 0.95 2.35254e-55
8.85 1 1.1764e-54
8.85 1.05 5.76627e-54
8.85 1.1 2.77047e-53
8.85 1.15 1.30476e-52
8.85 1.2 6.0232e-52
8.85 1.25 2.72548e-51
8.85 1.3 1.20887e-50
8.85 1.35 5.25572e-50
8.85 1.4 2.23978e-49
8.85 1.45 9.35612e-49
8.85 1.5 3.83094e-48
8.85 1.55 1.53756e-47
8.85 1.6 6.04895e-47
8.85 1.65 2.33262e-46
8.85 1.7 8.81712e-46
8.85 1.75 3.26684e-45
8.85 1.8 1.18644e-44
8.85 1.85 4.22359e-44
8.85 1.9 1.47379e-43
8.85 1.95 5.04089e-43
8.85 2 1.69004e-42
8.85 2.05 5.55396e-42
8.85 2.1 1.78907e-41
8.85 2.15 5.64895e-41
8.85 2.2 1.74834e-40
8.85 2.25 5.30397e-40
8.85 2.3 1.57722e-39
8.85 2.35 4.5973e-39
8.85 2.4 1.3135e-38
8.85 2.45 3.67851e-38
8.85 2.5 1.00979e-37
8.85 2.55 2.71712e-37
8.85 2.6 7.16641e-37
8.85 2.65 1.85273e-36
8.85 2.7 4.69502e-36
8.85 2.75 1.16622e-35
8.85 2.8 2.83948e-35
8.85 2.85 6.77663e-35
8.85 2.9 1.58528e-34
8.85 2.95 3.63507e-34
8.85 3 8.17028e-34
8.85 3.05 1.80002e-33
8.85 3.1 3.88716e-33
8.85 3.15 8.2282e-33
8.85 3.2 1.70723e-32
8.85 3.25 3.47213e-32
8.85 3.3 6.92175e-32
8.85 3.35 1.35254e-31
8.85 3.4 2.59061e-31
8.85 3.45 4.86373e-31
8.85 3.5 8.95061e-31
8.85 3.55 1.61455e-30
8.85 3.6 2.85473e-30
8.85 3.65 4.9476e-30
8.85 3.7 8.40504e-30
8.85 3.75 1.39959e-29
8.85 3.8 2.28442e-29
8.85 3.85 3.65484e-29
8.85 3.9 5.73159e-29
8.85 3.95 8.81045e-29
8.85 4 1.3275e-28
8.85 4.05 1.9606e-28
8.85 4.1 2.8383e-28
8.85 4.15 4.02756e-28
8.85 4.2 5.60197e-28
8.85 4.25 7.63758e-28
8.85 4.3 1.02067e-27
8.85 4.35 1.337e-27
8.85 4.4 1.71669e-27
8.85 4.45 2.16056e-27
8.85 4.5 2.66537e-27
8.85 4.55 3.22302e-27
8.85 4.6 3.82019e-27
8.85 4.65 4.43834e-27
8.85 4.7 5.05443e-27
8.85 4.75 5.64208e-27
8.85 4.8 6.17335e-27
8.85 4.85 6.62091e-27
8.85 4.9 6.96033e-27
8.85 4.95 7.17228e-27
8.85 5 7.24435e-27
8.85 5.05 7.17228e-27
8.85 5.1 6.96033e-27
8.85 5.15 6.62091e-27
8.85 5.2 6.17335e-27
8.85 5.25 5.64208e-27
8.85 5.3 5.05443e-27
8.85 5.35 4.43834e-27
8.85 5.4 3.82019e-27
8.85 5.45 3.22302e-27
8.85 5.5 2.66537e-27
8.85 5.55 2.16056e-27
8.85 5.6 1.71669e-27
8.85 5.65 1.337e-27
8.85 5.7 1.02067e-27
8.85 5.75 7.63758e-28
8.85 5.8 5.60197e-28
8.85 5.85 4.02756e-28
8.85 5.9 2.8383e-28
8.85 5.95 1.9606e-28
8.85 6 1.3275e-28
8.85 6.05 8.81045e-29
8.85 6.1 5.73159e-29
8.85 6.15 3.65484e-29
8.85 6.2 2.28442e-29
8.85 6.25 1.39959e-29
8.85 6.3 8.40504e-30
8.85 6.35 4.9476e-30
8.85 6.4 2.85473e-30
8.85 6.45 1.61455e-30
8.85 6.5 8.95061e-31
8.85 6.55 4.86373e-31
8.85 6.6 2.59061e-31
8.85 6.65 1.35254e-31
8.85 6.7 6.92175e-32
8.85 6.75 3.47213e-32
8.85 6.8 1.70723e-32
8.85 6.85 8.2282e-33
8.85 6.9 3.88716e-33
8.85 6.95 1.80002e-33
8.85 7 8.17028e-34
8.85 7.05 3.63507e-34
8.85 7.1 1.58528e-34
8.85 7.15 6.77663e-35
8.85 7.2 2.83948e-35
8.85 7.25 1.16622e-35
8.85 7.3 4.69502e-36
8.85 7.35 1.85273e-36
8.85 7.4 7.16641e-37
8.85 7.45 2.71712e-37
8.85 7.5 1.00979e-37
8.85 7.55 3.67851e-38
8.85 7.6 1.3135e-38
8.85 7.65 4.5973e-39
8.85 7.7 1.57722e-39
8.85 7.75 5.30397e-40
8.85 7.8 1.74834e-40
8.85 7.85 5.64895e-41
8.85 7.9 1.78907e-41
8.85 7.95 5.55396e-42
8.85 8 1.69004e-42
8.85 8.05 5.04089e-43
8.85 8.1 1.47379e-43
8.85 8.15 4.22359e-44
8.85 8.2 1.18644e-44
8.85 8.25 3.26684e-45
8.85 8.3 8.81712e-46
8.85 8.35 2.33262e-46
8.85 8.4 6.04895e-47
8.85 8.45 1.53756e-47
8.85 8.5 3.83094e-48
8.85 8.55 9.35612e-49
8.85 8.6 2.23978e-49
8.85 8.65 5.25572e-50
8.85 8.7 1.20887e-50
8.85 8.75 2.72548e-51
8.85 8.8 6.0232e-52
8.85 8.85 1.30476e-52
8.85 8.9 2.77047e-53
8.85 8.95 5.76627e-54
8.85 9 1.1764e-54
8.85 9.05 2.35254e-55
8.85 9.1 4.61144e-56
8.85 9.15 8.86048e-57
8.85 9.2 1.66877e-57
8.85 9.25 3.08076e-58
8.85 9.3 5.57492e-59
8.85 9.35 9.88871e-60
8.85 9.4 1.71934e-60
8.85 9.45 2.93024e-61
8.85 9.5 4.89516e-62
8.85 9.55 8.01589e-63
8.85 9.6 1.28664e-63
8.85 9.65 2.02434e-64
8.85 9.7 3.122e-65
8.85 9.75 4.71958e-66
8.85 9.8 6.99351e-67
8.85 9.85 1.0158e-67
8.85 9.9 1.44626e-68
8.85 9.95 1.997e-69
8.85 10 0
8.9 0 0
8.9 0.05 4.24043e-70
8.9 0.1 3.07133e-69
8.9 0.15 2.15718e-68
8.9 0.2 1.48515e-67
8.9 0.25 1.00224e-66
8.9 0.3 6.6298e-66
8.9 0.35 4.29882e-65
8.9 0.4 2.73224e-64
8.9 0.45 1.7022e-63
8.9 0.5 1.0395e-62
8.9 0.55 6.22239e-62
8.9 0.6 3.651e-61
8.9 0.65 2.09985e-60
8.9 0.7 1.18381e-59
8.9 0.75 6.54185e-59
8.9 0.8 3.54354e-58
8.9 0.85 1.88146e-57
8.9 0.9 9.792e-57
8.9 0.95 4.99538e-56
8.9 1 2.49796e-55
8.9 1.05 1.2244e-54
8.9 1.1 5.88271e-54
8.9 1.15 2.77047e-53
8.9 1.2 1.27893e-52
8.9 1.25 5.7871e-52
8.9 1.3 2.56681e-51
8.9 1.35 1.11595e-50
8.9 1.4 4.75571e-50
8.9 1.45 1.98657e-49
8.9 1.5 8.13414e-49
8.9 1.55 3.26466e-48
8.9 1.6 1.28435e-47
8.9 1.65 4.95273e-47
8.9 1.7 1.87208e-46
8.9 1.75 6.93623e-46
8.9 1.8 2.51907e-45
8.9 1.85 8.96755e-45
8.9 1.9 3.12915e-44
8.9 1.95 1.07028e-43
8.9 2 3.58825e-43
8.9 2.05 1.1792e-42
8.9 2.1 3.79848e-42
8.9 2.15 1.19936e-41
8.9 2.2 3.71198e-41
8.9 2.25 1.12611e-40
8.9 2.3 3.34865e-40
8.9 2.35 9.76063e-40
8.9 2.4 2.7887e-39
8.9 2.45 7.80987e-39
8.9 2.5 2.14389e-38
8.9 2.55 5.76869e-38
8.9 2.6 1.52149e-37
8.9 2.65 3.93348e-37
8.9 2.7 9.96785e-37
8.9 2.75 2.47596e-36
8.9 2.8 6.02838e-36
8.9 2.85 1.43871e-35
8.9 2.9 3.36562e-35
8.9 2.95 7.7174e-35
8.9 3 1.73458e-34
8.9 3.05 3.82149e-34
8.9 3.1 8.25253e-34
8.9 3.15 1.74686e-33
8.9 3.2 3.62447e-33
8.9 3.25 7.37136e-33
8.9 3.3 1.46949e-32
8.9 3.35 2.87145e-32
8.9 3.4 5.49985e-32
8.9 3.45 1.03256e-31
8.9 3.5 1.9002e-31
8.9 3.55 3.42765e-31
8.9 3.6 6.06051e-31
8.9 3.65 1.05036e-30
8.9 3.7 1.78436e-30
8.9 3.75 2.97127e-30
8.9 3.8 4.84974e-30
8.9 3.85 7.75906e-30
8.9 3.9 1.21679e-29
8.9 3.95 1.87041e-29
8.9 4 2.81822e-29
8.9 4.05 4.16224e-29
8.9 4.1 6.02553e-29
8.9 4.15 8.55026e-29
8.9 4.2 1.18926e-28
8.9 4.25 1.62141e-28
8.9 4.3 2.16681e-28
8.9 4.35 2.83835e-28
8.9 4.4 3.6444e-28
8.9 4.45 4.58671e-28
8.9 4.5 5.65838e-28
8.9 4.55 6.84223e-28
8.9 4.6 8.10995e-28
8.9 4.65 9.42225e-28
8.9 4.7 1.07302e-27
8.9 4.75 1.19777e-27
8.9 4.8 1.31055e-27
8.9 4.85 1.40557e-27
8.9 4.9 1.47762e-27
8.9 4.95 1.52262e-27
8.9 5 1.53792e-27
8.9 5.05 1.52262e-27
8.9 5.1 1.47762e-27
8.9 5.15 1.40557e-27
8.9 5.2 1.31055e-27
8.9 5.25 1.19777e-27
8.9 5.3 1.07302e-27
8.9 5.35 9.42225e-28
8.9 5.4 8.10995e-28
8.9 5.45 6.84223e-28
8.9 5.5 5.65838e-28
8.9 5.55 4.58671e-28
8.9 5.6 3.6444e-28
8.9 5.65 2.83835e-28
8.9 5.7 2.16681e-28
8.9 5.75 1.62141e-28
8.9 5.8 1.18926e-28
8.9 5.85 8.55026e-29
8.9 5.9 6.02553e-29
8.9 5.95 4.16224e-29
8.9 6 2.81822e-29
8.9 6.05 1.87041e-29
8.9 6.1 1.21679e-29
8.9 6.15 7.75906e-30
8.9 6.2 4.84974e-30
8.9 6.25 2.97127e-30
8.9 6.3 1.78436e-30
8.9 6.35 1.05036e-30
8.9 6.4 6.06051e-31
8.9 6.45 3.42765e-31
8.9 6.5 1.9002e-31
8.9 6.55 1.03256e-31
8.9 6.6 5.49985e-32
8.9 6.65 2.87145e-32
8.9 6.7 1.46949e-32
8.9 6.75 7.37136e-33
8.9 6.8 3.62447e-33
8.9 6.85 1.74686e-33
8.9 6.9 8.25253e-34
8.9 6.95 3.82149e-34
8.9 7 1.73458e-34
8.9 7.05 7.7174e-35
8.9 7.1 3.36562e-35
8.9 7.15 1.43871e-35
8.9 7.2 6.02838e-36
8.9 7.25 2.47596e-36
8.9 7.3 9.96785e-37
8.9 7.35 3.93348e-37
8.9 7.4 1.52149e-37
8.9 7.45 5.76869e-38
8.9 7.5 2.14389e-38
8.9 7.55 7.80987e-39
8.9 7.6 2.7887e-39
8.9 7.65 9.76063e-40
8.9 7.7 3.34865e-40
8.9 7.75 1.12611e-40
8.9 7.8 3.71198e-41
8.9 7.85 1.19936e-41
8.9 7.9 3.79848e-42
8.9 7.95 1.1792e-42
8.9 8 3.58825e-43
8.9 8.05 1.07028e-43
8.9 8.1 3.12915e-44
8.9 8.15 8.96755e-45
8.9 8.2 2.51907e-45
8.9 8.25 6.93623e-46
8.9 8.3 1.87208e-46
8.9 8.35 4.95273e-47
8.9 8.4 1.28435e-47
8.9 8.45 3.26466e-48
8.9 8.5 8.13414e-49
8.9 8.55 1.98657e-49
8.9 8.6 4.75571e-50
8.9 8.65 1.11595e-50
8.9 8.7 2.56681e-51
8.9 8.75 5.7871e-52
8.9 8.8 1.27893e-52
8.9 8.85 2.77047e-53
8.9 8.9 5.88271e-54
8.9 8.95 1.2244e-54
8.9 9 2.49796e-55
8.9 9.05 4.99538e-56
8.9 9.1 9.792e-57
8.9 9.15 1.88146e-57
8.9 9.2 3.54354e-58
8.9 9.25 6.54185e-59
8.9 9.3 1.18381e-59
8.9 9.35 2.09985e-60
8.9 9.4 3.651e-61
8.9 9.45 6.22239e-62
8.9 9.5 1.0395e-62
8.9 9.55 1.7022e-63
8.9 9.6 2.73224e-64
8.9 9.65 4.29882e-65
8.9 9.7 6.6298e-66
8.9 9.75 1.00224e-66
8.9 9.8 1.48515e-67
8.9 9.85 2.15718e-68
8.9 9.9 3.07133e-69
8.9 9.95 4.24043e-70
8.9 10 0
8.95 0 0
8.95 0.05 8.82596e-71
8.95 0.1 6.39331e-70
8.95 0.15 4.49038e-69
8.95 0.2 3.09145e-68
8.95 0.25 2.08624e-67
8.95 0.3 1.38003e-66
8.95 0.35 8.94816e-66
8.95 0.4 5.68723e-65
8.95 0.45 3.54315e-64
8.95 0.5 2.16371e-63
8.95 0.55 1.29518e-62
8.95 0.6 7.59945e-62
8.95 0.65 4.37074e-61
8.95 0.7 2.46404e-60
8.95 0.75 1.36164e-59
8.95 0.8 7.37559e-59
8.95 0.85 3.91608e-58
8.95 0.9 2.0381e-57
8.95 0.95 1.03973e-56
8.95 1 5.19917e-56
8.95 1.05 2.5484e-55
8.95 1.1 1.2244e-54
8.95 1.15 5.76627e-54
8.95 1.2 2.66187e-53
8.95 1.25 1.20448e-52
8.95 1.3 5.3423e-52
8.95 1.35 2.32262e-51
8.95 1.4 9.89796e-51
8.95 1.45 4.13459e-50
8.95 1.5 1.69292e-49
8.95 1.55 6.79456e-49
8.95 1.6 2.67303e-48
8.95 1.65 1.03077e-47
8.95 1.7 3.89621e-47
8.95 1.75 1.44357e-46
8.95 1.8 5.24267e-46
8.95 1.85 1.86632e-45
8.95 1.9 6.51231e-45
8.95 1.95 2.22742e-44
8.95 2 7.46772e-44
8.95 2.05 2.45409e-43
8.95 2.1 7.90517e-43
8.95 2.15 2.49603e-42
8.95 2.2 7.72509e-42
8.95 2.25 2.34356e-41
8.95 2.3 6.96891e-41
8.95 2.35 2.03129e-40
8.95 2.4 5.80355e-40
8.95 2.45 1.6253e-39
8.95 2.5 4.4616e-39
8.95 2.55 1.20051e-38
8.95 2.6 3.16632e-38
8.95 2.65 8.1858e-38
8.95 2.7 2.07436e-37
8.95 2.75 5.15257e-37
8.95 2.8 1.25453e-36
8.95 2.85 2.99401e-36
8.95 2.9 7.00393e-36
8.95 2.95 1.60601e-35
8.95 3 3.60968e-35
8.95 3.05 7.95254e-35
8.95 3.1 1.71735e-34
8.95 3.15 3.63521e-34
8.95 3.2 7.5425e-34
8.95 3.25 1.53397e-33
8.95 3.3 3.05798e-33
8.95 3.35 5.97541e-33
8.95 3.4 1.1445e-32
8.95 3.45 2.14873e-32
8.95 3.5 3.95424e-32
8.95 3.55 7.1328e-32
8.95 3.6 1.26117e-31
8.95 3.65 2.18575e-31
8.95 3.7 3.71316e-31
8.95 3.75 6.18305e-31
8.95 3.8 1.0092e-30
8.95 3.85 1.61461e-30
8.95 3.9 2.53206e-30
8.95 3.95 3.8922e-30
8.95 4 5.86451e-30
8.95 4.05 8.66132e-30
8.95 4.1 1.25387e-29
8.95 4.15 1.77924e-29
8.95 4.2 2.47476e-29
8.95 4.25 3.37401e-29
8.95 4.3 4.50895e-29
8.95 4.35 5.90636e-29
8.95 4.4 7.58367e-29
8.95 4.45 9.54452e-29
8.95 4.5 1.17746e-28
8.95 4.55 1.4238e-28
8.95 4.6 1.6876e-28
8.95 4.65 1.96068e-28
8.95 4.7 2.23284e-28
8.95 4.75 2.49244e-28
8.95 4.8 2.72713e-28
8.95 4.85 2.92484e-28
8.95 4.9 3.07478e-28
8.95 4.95 3.16841e-28
8.95 5 3.20025e-28
8.95 5.05 3.16841e-28
8.95 5.1 3.07478e-28
8.95 5.15 2.92484e-28
8.95 5.2 2.72713e-28
8.95 5.25 2.49244e-28
8.95 5.3 2.23284e-28
8.95 5.35 1.96068e-28
8.95 5.4 1.6876e-28
8.95 5.45 1.4238e-28
8.95 5.5 1.17746e-28
8.95 5.55 9.54452e-29
8.95 5.6 7.58367e-29
8.95 5.65 5.90636e-29
8.95 5.7 4.50895e-29
8.95 5.75 3.37401e-29
8.95 5.8 2.47476e-29
8.95 5.85 1.77924e-29
8.95 5.9 1.25387e-29
8.95 5.95 8.66132e-30
8.95 6 5.86451e-30
8.95 6.05 3.8922e-30
8.95 6.1 2.53206e-30
8.95 6.15 1.61461e-30
8.95 6.2 1.0092e-30
8.95 6.25 6.18305e-31
8.95 6.3 3.71316e-31
8.95 6.35 2.18575e-31
8.95 6.4 1.26117e-31
8.95 6.45 7.1328e-32
8.95 6.5 3.95424e-32
8.95 6.55 2.14873e-32
8.95 6.6 1.1445e-32
8.95 6.65 5.97541e-33
8.95 6.7 3.05798e-33
8.95 6.75 1.53397e-33
8.95 6.8 7.5425e-34
8.95 6.85 3.63521e-34
8.95 6.9 1.71735e-34
8.95 6.95 7.95254e-35
8.95 7 3.60968e-35
8.95 7.05 1.60601e-35
8.95 7.1 7.00393e-36
8.95 7.15 2.99401e-36
8.95 7.2 1.25453e-36
8.95 7.25 5.15257e-37
8.95 7.3 2.07436e-37
8.95 7.35 8.1858e-38
8.95 7.4 3.16632e-38
8.95 7.45 1.20051e-38
8.95 7.5 4.4616e-39
8.95 7.55 1.6253e-39
8.95 7.6 5.80355e-40
8.95 7.65 2.03129e-40
8.95 7.7 6.96891e-41
8.95 7.75 2.34356e-41
8.95 7.8 7.72509e-42
8.95 7.85 2.49603e-42
8.95 7.9 7.90517e-43
8.95 7.95 2.45409e-43
8.95 8 7.46772e-44
8.95 8.05 2.22742e-44
8.95 8.1 6.51231e-45
8.95 8.15 1.86632e-45
8.95 8.2 5.24267e-46
8.95 8.25 1.44357e-46
8.95 8.3 3.89621e-47
8.95 8.35 1.03077e-47
8.95 8.4 2.67303e-48
8.95 8.45 6.79456e-49
8.95 8.5 1.69292e-49
8.95 8.55 4.13459e-50
8.95 8.6 9.89796e-51
8.95 8.65 2.32262e-51
8.95 8.7 5.3423e-52
8.95 8.75 1.20448e-52
8.95 8.8 2.66187e-53
8.95 8.85 5.76627e-54
8.95 8.9 1.2244e-54
8.95 8.95 2.5484e-55
8.95 9 5.19917e-56
8.95 9.05 1.03973e-56
8.95 9.1 2.0381e-57
8.95 9.15 3.91608e-58
8.95 9.2 7.37559e-59
8.95 9.25 1.36164e-59
8.95 9.3 2.46404e-60
8.95 9.35 4.37074e-61
8.95 9.4 7.59945e-62
8.95 9.45 1.29518e-62
8.95 9.5 2.16371e-63
8.95 9.55 3.54315e-64
8.95 9.6 5.68723e-65
8.95 9.65 8.94816e-66
8.95 9.7 1.38003e-66
8.95 9.75 2.08624e-67
8.95 9.8 3.09145e-68
8.95 9.85 4.49038e-69
8.95 9.9 6.39331e-70
8.95 9.95 8.82596e-71
8.95 10 0
9 0 0
9 0.05 1.80066e-71
9 0.1 1.30451e-70
9 0.15 9.16221e-70
9 0.2 6.30778e-69
9 0.25 4.25672e-68
9 0.3 2.81576e-67
9 0.35 1.82574e-66
9 0.4 1.16039e-65
9 0.45 7.22917e-65
9 0.5 4.41464e-64
9 0.55 2.64255e-63
9 0.6 1.5505e-62
9 0.65 8.91749e-62
9 0.7 5.02728e-61
9 0.75 2.77808e-60
9 0.8 1.50479e-59
9 0.85 7.98965e-59
9 0.9 4.15814e-58
9 0.95 2.12125e-57
9 1 1.06073e-56
9 1.05 5.19917e-56
9 1.1 2.49796e-55
9 1.15 1.1764e-54
9 1.2 5.43057e-54
9 1.25 2.45728e-53
9 1.3 1.08989e-52
9 1.35 4.73837e-52
9 1.4 2.01927e-51
9 1.45 8.43489e-51
9 1.5 3.45368e-50
9 1.55 1.38613e-49
9 1.6 5.4531e-49
9 1.65 2.10282e-48
9 1.7 7.94837e-48
9 1.75 2.94491e-47
9 1.8 1.06951e-46
9 1.85 3.80728e-46
9 1.9 1.32851e-45
9 1.95 4.5439e-45
9 2 1.5234e-44
9 2.05 5.00626e-44
9 2.1 1.61262e-43
9 2.15 5.09176e-43
9 2.2 1.57587e-42
9 2.25 4.7807e-42
9 2.3 1.4216e-41
9 2.35 4.14365e-41
9 2.4 1.18387e-40
9 2.45 3.31545e-40
9 2.5 9.10119e-40
9 2.55 2.44889e-39
9 2.6 6.4589e-39
9 2.65 1.6698e-38
9 2.7 4.23142e-38
9 2.75 1.05105e-37
9 2.8 2.55905e-37
9 2.85 6.10732e-37
9 2.9 1.42869e-36
9 2.95 3.27598e-36
9 3 7.36312e-36
9 3.05 1.62218e-35
9 3.1 3.50309e-35
9 3.15 7.41514e-35
9 3.2 1.53852e-34
9 3.25 3.12899e-34
9 3.3 6.23765e-34
9 3.35 1.21886e-33
9 3.4 2.33454e-33
9 3.45 4.38295e-33
9 3.5 8.06578e-33
9 3.55 1.45493e-32
9 3.6 2.57249e-32
9 3.65 4.45841e-32
9 3.7 7.57396e-32
9 3.75 1.26119e-31
9 3.8 2.05852e-31
9 3.85 3.29341e-31
9 3.9 5.16476e-31
9 3.95 7.9391e-31
9 4 1.19621e-30
9 4.05 1.76668e-30
9 4.1 2.55756e-30
9 4.15 3.62918e-30
9 4.2 5.04784e-30
9 4.25 6.88207e-30
9 4.3 9.19703e-30
9 4.35 1.20474e-29
9 4.4 1.54686e-29
9 4.45 1.94682e-29
9 4.5 2.40168e-29
9 4.55 2.90416e-29
9 4.6 3.44224e-29
9 4.65 3.99923e-29
9 4.7 4.55436e-29
9 4.75 5.08386e-29
9 4.8 5.56256e-29
9 4.85 5.96584e-29
9 4.9 6.27168e-29
9 4.95 6.46265e-29
9 5 6.52759e-29
9 5.05 6.46265e-29
9 5.1 6.27168e-29
9 5.15 5.96584e-29
9 5.2 5.56256e-29
9 5.25 5.08386e-29
9 5.3 4.55436e-29
9 5.35 3.99923e-29
9 5.4 3.44224e-29
9 5.45 2.90416e-29
9 5.5 2.40168e-29
9 5.55 1.94682e-29
9 5.6 1.54686e-29
9 5.65 1.20474e-29
9 5.7 9.19703e-30
9 5.75 6.88207e-30
9 5.8 5.04784e-30
9 5.85 3.62918e-30
9 5.9 2.55756e-30
9 5.95 1.76668e-30
9 6 1.19621e-30
9 6.05 7.9391e-31
9 6.1 5.16476e-31
9 6.15 3.29341e-31
9 6.2 2.05852e-31
9 6.25 1.26119e-31
9 6.3 7.57396e-32
9 6.35 4.45841e-32
9 6.4 2.57249e-32
9 6.45 1.45493e-32
9 6.5 8.06578e-33
9 6.55 4.38295e-33
9 6.6 2.33454e-33
9 6.65 1.21886e-33
9 6.7 6.23765e-34
9 6.75 3.12899e-34
9 6.8 1.53852e-34
9 6.85 7.41514e-35
9 6.9 3.50309e-35
9 6.95 1.62218e-35
9 7 7.36312e-36
9 7.05 3.27598e-36
9 7.1 1.42869e-36
9 7.15 6.10732e-37
9 7.2 2.55905e-37
9 7.25 1.05105e-37
9 7.3 4.23142e-38
9 7.35 1.6698e-38
9 7.4 6.4589e-39
9 7.45 2.44889e-39
9 7.5 9.10119e-40
9 7.55 3.31545e-40
9 7.6 1.18387e-40
9 7.65 4.14365e-41
9 7.7 1.4216e-41
9 7.75 4.7807e-42
9 7.8 1.57587e-42
9 7.85 5.09176e-43
9 7.9 1.61262e-43
9 7.95 5.00626e-44
9 8 1.5234e-44
9 8.05 4.5439e-45
9 8.1 1.32851e-45
9 8.15 3.80728e-46
9 8.2 1.06951e-46
9 8.25 2.94491e-47
9 8.3 7.94837e-48
9 8.35 2.10282e-48
9 8.4 5.4531e-49
9 8.45 1.38613e-49
9 8.5 3.45368e-50
9 8.55 8.43489e-51
9 8.6 2.01927e-51
9 8.65 4.73837e-52
9 8.7 1.08989e-52
9 8.75 2.45728e-53
9 8.8 5.43057e-54
9 8.85 1.1764e-54
9 8.9 2.49796e-55
9 8.95 5.19917e-56
9 9 1.06073e-56
9 9.05 2.12125e-57
9 9.1 4.15814e-58
9 9.15 7.98965e-59
9 9.2 1.50479e-59
9 9.25 2.77808e-60
9 9.3 5.02728e-61
9 9.35 8.91749e-62
9 9.4 1.5505e-62
9 9.45 2.64255e-63
9 9.5 4.41464e-64
9 9.55 7.22917e-65
9 9.6 1.16039e-65
9 9.65 1.82574e-66
9 9.7 2.81576e-67
9 9.75 4.25672e-68
9 9.8 6.30778e-69
9 9.85 9.16221e-70
9 9.9 1.30451e-70
9 9.95 1.80066e-71
9 10 0
9.05 0 0
9.05 0.05 3.601e-72
9.05 0.1 2.60908e-71
9.05 0.15 1.83247e-70
9.05 0.2 1.26157e-69
9.05 0.25 8.51347e-69
9.05 0.3 5.6315e-68
9.05 0.35 3.65143e-67
9.05 0.4 2.32073e-66
9.05 0.45 1.4458e-65
9.05 0.5 8.82899e-65
9.05 0.55 5.2849e-64
9.05 0.6 3.10086e-63
9.05 0.65 1.7834e-62
9.05 0.7 1.0054e-61
9.05 0.75 5.55579e-61
9.05 0.8 3.00936e-60
9.05 0.85 1.59781e-59
9.05 0.9 8.31559e-59
9.05 0.95 4.24211e-58
9.05 1 2.12125e-57
9.05 1.05 1.03973e-56
9.05 1.1 4.99538e-56
9.05 1.15 2.35254e-55
9.05 1.2 1.08598e-54
9.05 1.25 4.91394e-54
9.05 1.3 2.17949e-53
9.05 1.35 9.47546e-53
9.05 1.4 4.03797e-52
9.05 1.45 1.68673e-51
9.05 1.5 6.90631e-51
9.05 1.55 2.77182e-50
9.05 1.6 1.09044e-49
9.05 1.65 4.20494e-49
9.05 1.7 1.5894e-48
9.05 1.75 5.88879e-48
9.05 1.8 2.13863e-47
9.05 1.85 7.61315e-47
9.05 1.9 2.65651e-46
9.05 1.95 9.08604e-46
9.05 2 3.04618e-45
9.05 2.05 1.00105e-44
9.05 2.1 3.22457e-44
9.05 2.15 1.01814e-43
9.05 2.2 3.15106e-43
9.05 2.25 9.55929e-43
9.05 2.3 2.84257e-42
9.05 2.35 8.28541e-42
9.05 2.4 2.36719e-41
9.05 2.45 6.62934e-41
9.05 2.5 1.8198e-40
9.05 2.55 4.8966e-40
9.05 2.6 1.29146e-39
9.05 2.65 3.33876e-39
9.05 2.7 8.46069e-39
9.05 2.75 2.10157e-38
9.05 2.8 5.11678e-38
9.05 2.85 1.22114e-37
9.05 2.9 2.85662e-37
9.05 2.95 6.55021e-37
9.05 3 1.47222e-36
9.05 3.05 3.24347e-36
9.05 3.1 7.00423e-36
9.05 3.15 1.48261e-35
9.05 3.2 3.07618e-35
9.05 3.25 6.2562e-35
9.05 3.3 1.24717e-34
9.05 3.35 2.43701e-34
9.05 3.4 4.66772e-34
9.05 3.45 8.76332e-34
9.05 3.5 1.61268e-33
9.05 3.55 2.90899e-33
9.05 3.6 5.14343e-33
9.05 3.65 8.91413e-33
9.05 3.7 1.51433e-32
9.05 3.75 2.52162e-32
9.05 3.8 4.11578e-32
9.05 3.85 6.58477e-32
9.05 3.9 1.03263e-31
9.05 3.95 1.58732e-31
9.05 4 2.39167e-31
9.05 4.05 3.53225e-31
9.05 4.1 5.1135e-31
9.05 4.15 7.25605e-31
9.05 4.2 1.00925e-30
9.05 4.25 1.37597e-30
9.05 4.3 1.83882e-30
9.05 4.35 2.40869e-30
9.05 4.4 3.09272e-30
9.05 4.45 3.89238e-30
9.05 4.5 4.8018e-30
9.05 4.55 5.80643e-30
9.05 4.6 6.88223e-30
9.05 4.65 7.99585e-30
9.05 4.7 9.10575e-30
9.05 4.75 1.01644e-29
9.05 4.8 1.11215e-29
9.05 4.85 1.19278e-29
9.05 4.9 1.25392e-29
9.05 4.95 1.29211e-29
9.05 5 1.30509e-29
9.05 5.05 1.29211e-29
9.05 5.1 1.25392e-29
9.05 5.15 1.19278e-29
9.05 5.2 1.11215e-29
9.05 5.25 1.01644e-29
9.05 5.3 9.10575e-30
9.05 5.35 7.99585e-30
9.05 5.4 6.88223e-30
9.05 5.45 5.80643e-30
9.05 5.5 4.8018e-30
9.05 5.55 3.89238e-30
9.05 5.6 3.09272e-30
9.05 5.65 2.40869e-30
9.05 5.7 1.83882e-30
9.05 5.75 1.37597e-30
9.05 5.8 1.00925e-30
9.05 5.85 7.25605e-31
9.05 5.9 5.1135e-31
9.05 5.95 3.53225e-31
9.05 6 2.39167e-31
9.05 6.05 1.58732e-31
9.05 6.1 1.03263e-31
9.05 6.15 6.58477e-32
9.05 6.2 4.11578e-32
9.05 6.25 2.52162e-32
9.05 6.3 1.51433e-32
9.05 6.35 8.91413e-33
9.05 6.4 5.14343e-33
9.05 6.45 2.90899e-33
9.05 6.5 1.61268e-33
9.05 6.55 8.76332e-34
9.05 6.6 4.66772e-34
9.05 6.65 2.43701e-34
9.05 6.7 1.24717e-34
9.05 6.75 6.2562e-35
9.05 6.8 3.07618e-35
9.05 6.85 1.48261e-35
9.05 6.9 7.00423e-36
9.05 6.95 3.24347e-36
9.05 7 1.47222e-36
9.05 7.05 6.55021e-37
9.05 7.1 2.85662e-37
9.05 7.15 1.22114e-37
9.05 7.2 5.11678e-38
9.05 7.25 2.10157e-38
9.05 7.3 8.46069e-39
9.05 7.35 3.33876e-39
9.05 7.4 1.29146e-39
9.05 7.45 4.8966e-40
9.05 7.5 1.8198e-40
9.05 7.55 6.62934e-41
9.05 7.6 2.36719e-41
9.05 7.65 8.28541e-42
9.05 7.7 2.84257e-42
9.05 7.75 9.55929e-43
9.05 7.8 3.15106e-43
9.05 7.85 1.01814e-43
9.05 7.9 3.22457e-44
9.05 7.95 1.00105e-44
9.05 8 3.04618e-45
9.05 8.05 9.08604e-46
9.05 8.1 2.65651e-46
9.05 8.15 7.61315e-47
9.05 8.2 2.13863e-47
9.05 8.25 5.88879e-48
9.05 8.3 1.5894e-48
9.05 8.35 4.20494e-49
9.05 8.4 1.09044e-49
9.05 8.45 2.77182e-50
9.05 8.5 6.90631e-51
9.05 8.55 1.68673e-51
9.05 8.6 4.03797e-52
9.05 8.65 9.47546e-53
9.05 8.7 2.17949e-53
9.05 8.75 4.91394e-54
9.05 8.8 1.08598e-54
9.05 8.85 2.35254e-55
9.05 8.9 4.99538e-56
9.05 8.95 1.03973e-56
9.05 9 2.12125e-57
9.05 9.05 4.24211e-58
9.05 9.1 8.31559e-59
9.05 9.15 1.59781e-59
9.05 9.2 3.00936e-60
9.05 9.25 5.55579e-61
9.05 9.3 1.0054e-61
9.05 9.35 1.7834e-62
9.05 9.4 3.10086e-63
9.05 9.45 5.2849e-64
9.05 9.5 8.82899e-65
9.05 9.55 1.4458e-65
9.05 9.6 2.32073e-66
9.05 9.65 3.65143e-67
9.05 9.7 5.6315e-68
9.05 9.75 8.51347e-69
9.05 9.8 1.26157e-69
9.05 9.85 1.83247e-70
9.05 9.9 2.60908e-71
9.05 9.95 3.601e-72
9.05 10 0
9.1 0 0
9.1 0.05 7.05885e-73
9.1 0.1 5.11503e-72
9.1 0.15 3.59249e-71
9.1 0.2 2.47324e-70
9.1 0.25 1.66901e-69
9.1 0.3 1.10401e-68
9.1 0.35 7.15828e-68
9.1 0.4 4.54953e-67
9.1 0.45 2.8343e-66
9.1 0.5 1.7308e-65
9.1 0.55 1.03602e-64
9.1 0.6 6.07873e-64
9.1 0.65 3.49605e-63
9.1 0.7 1.97089e-62
9.1 0.75 1.0891e-61
9.1 0.8 5.89921e-61
9.1 0.85 3.13213e-60
9.1 0.9 1.63007e-59
9.1 0.95 8.31559e-59
9.1 1 4.15814e-58
9.1 1.05 2.0381e-57
9.1 1.1 9.792e-57
9.1 1.15 4.61144e-56
9.1 1.2 2.12873e-55
9.1 1.25 9.6322e-55
9.1 1.3 4.27217e-54
9.1 1.35 1.85734e-53
9.1 1.4 7.91501e-53
9.1 1.45 3.30622e-52
9.1 1.5 1.35372e-51
9.1 1.55 5.43309e-51
9.1 1.6 2.13738e-50
9.1 1.65 8.24207e-50
9.1 1.7 3.11536e-49
9.1 1.75 1.15425e-48
9.1 1.8 4.19186e-48
9.1 1.85 1.49222e-47
9.1 1.9 5.20688e-47
9.1 1.95 1.7809e-46
9.1 2 5.97061e-46
9.1 2.05 1.96208e-45
9.1 2.1 6.3202e-45
9.1 2.15 1.99555e-44
9.1 2.2 6.17607e-44
9.1 2.25 1.87361e-43
9.1 2.3 5.57138e-43
9.1 2.35 1.62392e-42
9.1 2.4 4.63962e-42
9.1 2.45 1.29932e-41
9.1 2.5 3.56672e-41
9.1 2.55 9.59706e-41
9.1 2.6 2.53118e-40
9.1 2.65 6.54374e-40
9.1 2.7 1.65823e-39
9.1 2.75 4.11889e-39
9.1 2.8 1.00284e-38
9.1 2.85 2.39332e-38
9.1 2.9 5.59869e-38
9.1 2.95 1.28377e-37
9.1 3 2.88539e-37
9.1 3.05 6.35681e-37
9.1 3.1 1.37274e-36
9.1 3.15 2.90573e-36
9.1 3.2 6.02889e-36
9.1 3.25 1.22613e-35
9.1 3.3 2.44428e-35
9.1 3.35 4.77618e-35
9.1 3.4 9.14802e-35
9.1 3.45 1.71747e-34
9.1 3.5 3.16058e-34
9.1 3.55 5.70114e-34
9.1 3.6 1.00802e-33
9.1 3.65 1.74701e-33
9.1 3.7 2.96782e-33
9.1 3.75 4.94191e-33
9.1 3.8 8.06616e-33
9.1 3.85 1.29049e-32
9.1 3.9 2.02376e-32
9.1 3.95 3.11084e-32
9.1 4 4.68719e-32
9.1 4.05 6.92251e-32
9.1 4.1 1.00214e-31
9.1 4.15 1.42204e-31
9.1 4.2 1.97791e-31
9.1 4.25 2.69662e-31
9.1 4.3 3.60369e-31
9.1 4.35 4.72053e-31
9.1 4.4 6.06106e-31
9.1 4.45 7.62821e-31
9.1 4.5 9.41048e-31
9.1 4.55 1.13793e-30
9.1 4.6 1.34877e-30
9.1 4.65 1.56701e-30
9.1 4.7 1.78452e-30
9.1 4.75 1.99199e-30
9.1 4.8 2.17956e-30
9.1 4.85 2.33758e-30
9.1 4.9 2.45741e-30
9.1 4.95 2.53224e-30
9.1 5 2.55768e-30
9.1 5.05 2.53224e-30
9.1 5.1 2.45741e-30
9.1 5.15 2.33758e-30
9.1 5.2 2.17956e-30
9.1 5.25 1.99199e-30
9.1 5.3 1.78452e-30
9.1 5.35 1.56701e-30
9.1 5.4 1.34877e-30
9.1 5.45 1.13793e-30
9.1 5.5 9.41048e-31
9.1 5.55 7.62821e-31
9.1 5.6 6.06106e-31
9.1 5.65 4.72053e-31
9.1 5.7 3.60369e-31
9.1 5.75 2.69662e-31
9.1 5.8 1.97791e-31
9.1 5.85 1.42204e-31
9.1 5.9 1.00214e-31
9.1 5.95 6.92251e-32
9.1 6 4.68719e-32
9.1 6.05 3.11084e-32
9.1 6.1 2.02376e-32
9.1 6.15 1.29049e-32
9.1 6.2 8.06616e-33
9.1 6.25 4.94191e-33
9.1 6.3 2.96782e-33
9.1 6.35 1.74701e-33
9.1 6.4 1.00802e-33
9.1 6.45 5.70114e-34
9.1 6.5 3.16058e-34
9.1 6.55 1.71747e-34
9.1 6.6 9.14802e-35
9.1 6.65 4.77618e-35
9.1 6.7 2.44428e-35
9.1 6.75 1.22613e-35
9.1 6.8 6.02889e-36
9.1 6.85 2.90573e-36
9.1 6.9 1.37274e-36
9.1 6.95 6.35681e-37
9.1 7 2.88539e-37
9.1 7.05 1.28377e-37
9.1 7.1 5.59869e-38
9.1 7.15 2.39332e-38
9.1 7.2 1.00284e-38
9.1 7.25 4.11889e-39
9.1 7.3 1.65823e-39
9.1 7.35 6.54374e-40
9.1 7.4 2.53118e-40
9.1 7.45 9.59706e-41
9.1 7.5 3.56672e-41
9.1 7.55 1.29932e-41
9.1 7.6 4.63962e-42
9.1 7.65 1.62392e-42
9.1 7.7 5.57138e-43
9.1 7.75 1.87361e-43
9.1 7.8 6.17607e-44
9.1 7.85 1.99555e-44
9.1 7.9 6.3202e-45
9.1 7.95 1.96208e-45
9.1 8 5.97061e-46
9.1 8.05 1.7809e-46
9.1 8.1 5.20688e-47
9.1 8.15 1.49222e-47
9.1 8.2 4.19186e-48
9.1 8.25 1.15425e-48
9.1 8.3 3.11536e-49
9.1 8.35 8.24207e-50
9.1 8.4 2.13738e-50
9.1 8.45 5.43309e-51
9.1 8.5 1.35372e-51
9.1 8.55 3.30622e-52
9.1 8.6 7.91501e-53
9.1 8.65 1.85734e-53
9.1 8.7 4.27217e-54
9.1 8.75 9.6322e-55
9.1 8.8 2.12873e-55
9.1 8.85 4.61144e-56
9.1 8.9 9.792e-57
9.1 8.95 2.0381e-57
9.1 9 4.15814e-58
9.1 9.05 8.31559e-59
9.1 9.1 1.63007e-59
9.1 9.15 3.13213e-60
9.1 9.2 5.89921e-61
9.1 9.25 1.0891e-61
9.1 9.3 1.97089e-62
9.1 9.35 3.49605e-63
9.1 9.4 6.07873e-64
9.1 9.45 1.03602e-64
9.1 9.5 1.7308e-65
9.1 9.55 2.8343e-66
9.1 9.6 4.54953e-67
9.1 9.65 7.15828e-68
9.1 9.7 1.10401e-68
9.1 9.75 1.66901e-69
9.1 9.8 2.47324e-70
9.1 9.85 3.59249e-71
9.1 9.9 5.11503e-72
9.1 9.95 7.05885e-73
9.1 10 0
9.15 0 0
9.15 0.05 1.35633e-73
9.15 0.1 9.82947e-73
9.15 0.15 6.90358e-72
9.15 0.2 4.75271e-71
9.15 0.25 3.20723e-70
9.15 0.3 2.12149e-69
9.15 0.35 1.37554e-68
9.15 0.4 8.74238e-68
9.15 0.45 5.44636e-67
9.15 0.5 3.32586e-66
9.15 0.55 1.99078e-65
9.15 0.6 1.16806e-64
9.15 0.65 6.71776e-64
9.15 0.7 3.7871e-63
9.15 0.75 2.09271e-62
9.15 0.8 1.13353e-61
9.15 0.85 6.01833e-61
9.15 0.9 3.13213e-60
9.15 0.95 1.59781e-59
9.15 1 7.98965e-59
9.15 1.05 3.91608e-58
9.15 1.1 1.88146e-57
9.15 1.15 8.86048e-57
9.15 1.2 4.09015e-56
9.15 1.25 1.85072e-55
9.15 1.3 8.20845e-55
9.15 1.35 3.56863e-54
9.15 1.4 1.52076e-53
9.15 1.45 6.35239e-53
9.15 1.5 2.60096e-52
9.15 1.55 1.04387e-51
9.15 1.6 4.10659e-51
9.15 1.65 1.58355e-50
9.15 1.7 5.98553e-50
9.15 1.75 2.21764e-49
9.15 1.8 8.05373e-49
9.15 1.85 2.86696e-48
9.15 1.9 1.00038e-47
9.15 1.95 3.42155e-47
9.15 2 1.1471e-46
9.15 2.05 3.76961e-46
9.15 2.1 1.21425e-45
9.15 2.15 3.83389e-45
9.15 2.2 1.18655e-44
9.15 2.25 3.59958e-44
9.15 2.3 1.07037e-43
9.15 2.35 3.11985e-43
9.15 2.4 8.91353e-43
9.15 2.45 2.49622e-42
9.15 2.5 6.85225e-42
9.15 2.55 1.84374e-41
9.15 2.6 4.86278e-41
9.15 2.65 1.25715e-40
9.15 2.7 3.18569e-40
9.15 2.75 7.91293e-40
9.15 2.8 1.92658e-39
9.15 2.85 4.59785e-39
9.15 2.9 1.07557e-38
9.15 2.95 2.46626e-38
9.15 3 5.54313e-38
9.15 3.05 1.2212e-37
9.15 3.1 2.63716e-37
9.15 3.15 5.58215e-37
9.15 3.2 1.1582e-36
9.15 3.25 2.35548e-36
9.15 3.3 4.69562e-36
9.15 3.35 9.17535e-36
9.15 3.4 1.75739e-35
9.15 3.45 3.29935e-35
9.15 3.5 6.07164e-35
9.15 3.55 1.09521e-34
9.15 3.6 1.93646e-34
9.15 3.65 3.35608e-34
9.15 3.7 5.70129e-34
9.15 3.75 9.49355e-34
9.15 3.8 1.54953e-33
9.15 3.85 2.47907e-33
9.15 3.9 3.88768e-33
9.15 3.95 5.97599e-33
9.15 4 9.00417e-33
9.15 4.05 1.32982e-32
9.15 4.1 1.92512e-32
9.15 4.15 2.73174e-32
9.15 4.2 3.79958e-32
9.15 4.25 5.18021e-32
9.15 4.3 6.92269e-32
9.15 4.35 9.06813e-32
9.15 4.4 1.16433e-31
9.15 4.45 1.46538e-31
9.15 4.5 1.80775e-31
9.15 4.55 2.18596e-31
9.15 4.6 2.59097e-31
9.15 4.65 3.01021e-31
9.15 4.7 3.42805e-31
9.15 4.75 3.8266e-31
9.15 4.8 4.18691e-31
9.15 4.85 4.49045e-31
9.15 4.9 4.72065e-31
9.15 4.95 4.8644e-31
9.15 5 4.91328e-31
9.15 5.05 4.8644e-31
9.15 5.1 4.72065e-31
9.15 5.15 4.49045e-31
9.15 5.2 4.18691e-31
9.15 5.25 3.8266e-31
9.15 5.3 3.42805e-31
9.15 5.35 3.01021e-31
9.15 5.4 2.59097e-31
9.15 5.45 2.18596e-31
9.15 5.5 1.80775e-31
9.15 5.55 1.46538e-31
9.15 5.6 1.16433e-31
9.15 5.65 9.06813e-32
9.15 5.7 6.92269e-32
9.15 5.75 5.18021e-32
9.15 5.8 3.79958e-32
9.15 5.85 2.73174e-32
9.15 5.9 1.92512e-32
9.15 5.95 1.32982e-32
9.15 6 9.00417e-33
9.15 6.05 5.97599e-33
9.15 6.1 3.88768e-33
9.15 6.15 2.47907e-33
9.15 6.2 1.54953e-33
9.15 6.25 9.49355e-34
9.15 6.3 5.70129e-34
9.15 6.35 3.35608e-34
9.15 6.4 1.93646e-34
9.15 6.45 1.09521e-34
9.15 6.5 6.07164e-35
9.15 6.55 3.29935e-35
9.15 6.6 1.75739e-35
9.15 6.65 9.17535e-36
9.15 6.7 4.69562e-36
9.15 6.75 2.35548e-36
9.15 6.8 1.1582e-36
9.15 6.85 5.58215e-37
9.15 6.9 2.63716e-37
9.15 6.95 1.2212e-37
9.15 7 5.54313e-38
9.15 7.05 2.46626e-38
9.15 7.1 1.07557e-38
9.15 7.15 4.59785e-39
9.15 7.2 1.92658e-39
9.15 7.25 7.91293e-40
9.15 7.3 3.18569e-40
9.15 7.35 1.25715e-40
9.15 7.4 4.86278e-41
9.15 7.45 1.84374e-41
9.15 7.5 6.85225e-42
9.15 7.55 2.49622e-42
9.15 7.6 8.91353e-43
9.15 7.65 3.11985e-43
9.15 7.7 1.07037e-43
9.15 7.75 3.59958e-44
9.15 7.8 1.18655e-44
9.15 7.85 3.83389e-45
9.15 7.9 1.21425e-45
9.15 7.95 3.76961e-46
9.15 8 1.1471e-46
9.15 8.05 3.42155e-47
9.15 8.1 1.00038e-47
9.15 8.15 2.86696e-48
9.15 8.2 8.05373e-49
9.15 8.25 2.21764e-49
9.15 8.3 5.98553e-50
9.15 8.35 1.58355e-50
9.15 8.4 4.10659e-51
9.15 8.45 1.04387e-51
9.15 8.5 2.60096e-52
9.15 8.55 6.35239e-53
9.15 8.6 1.52076e-53
9.15 8.65 3.56863e-54
9.15 8.7 8.20845e-55
9.15 8.75 1.85072e-55
9.15 8.8 4.09015e-56
9.15 8.85 8.86048e-57
9.15 8.9 1.88146e-57
9.15 8.95 3.91608e-58
9.15 9 7.98965e-59
9.15 9.05 1.59781e-59
9.15 9.1 3.13213e-60
9.15 9.15 6.01833e-61
9.15 9.2 1.13353e-61
9.15 9.25 2.09271e-62
9.15 9.3 3.7871e-63
9.15 9.35 6.71776e-64
9.15 9.4 1.16806e-64
9.15 9.45 1.99078e-65
9.15 9.5 3.32586e-66
9.15 9.55 5.44636e-67
9.15 9.6 8.74238e-68
9.15 9.65 1.37554e-68
9.15 9.7 2.12149e-69
9.15 9.75 3.20723e-70
9.15 9.8 4.75271e-71
9.15 9.85 6.90358e-72
9.15 9.9 9.82947e-73
9.15 9.95 1.35633e-73
9.15 10 0
9.2 0 0
9.2 0.05 2.55455e-74
9.2 0.1 1.85154e-73
9.2 0.15 1.30039e-72
9.2 0.2 8.95236e-72
9.2 0.25 6.0412e-71
9.2 0.3 3.99605e-70
9.2 0.35 2.59096e-69
9.2 0.4 1.64669e-68
9.2 0.45 1.02586e-67
9.2 0.5 6.26442e-67
9.2 0.55 3.74971e-66
9.2 0.6 2.20006e-65
9.2 0.65 1.2653e-64
9.2 0.7 7.13299e-64
9.2 0.75 3.94159e-63
9.2 0.8 2.13497e-62
9.2 0.85 1.13353e-61
9.2 0.9 5.89921e-61
9.2 0.95 3.00936e-60
9.2 1 1.50479e-59
9.2 1.05 7.37559e-59
9.2 1.1 3.54354e-58
9.2 1.15 1.66877e-57
9.2 1.2 7.7033e-57
9.2 1.25 3.48559e-56
9.2 1.3 1.54595e-55
9.2 1.35 6.72096e-55
9.2 1.4 2.8641e-54
9.2 1.45 1.19636e-53
9.2 1.5 4.89842e-53
9.2 1.55 1.96593e-52
9.2 1.6 7.73392e-52
9.2 1.65 2.98228e-51
9.2 1.7 1.12724e-50
9.2 1.75 4.17641e-50
9.2 1.8 1.51672e-49
9.2 1.85 5.39919e-49
9.2 1.9 1.88395e-48
9.2 1.95 6.44357e-48
9.2 2 2.16024e-47
9.2 2.05 7.09897e-47
9.2 2.1 2.28669e-46
9.2 2.15 7.21996e-46
9.2 2.2 2.2345e-45
9.2 2.25 6.77866e-45
9.2 2.3 2.01569e-44
9.2 2.35 5.87519e-44
9.2 2.4 1.67856e-43
9.2 2.45 4.70076e-43
9.2 2.5 1.29038e-42
9.2 2.55 3.47202e-42
9.2 2.6 9.15725e-42
9.2 2.65 2.36736e-41
9.2 2.7 5.99902e-41
9.2 2.75 1.49009e-40
9.2 2.8 3.62796e-40
9.2 2.85 8.6582e-40
9.2 2.9 2.0254e-39
9.2 2.95 4.64418e-39
9.2 3 1.04382e-38
9.2 3.05 2.29961e-38
9.2 3.1 4.96595e-38
9.2 3.15 1.05115e-37
9.2 3.2 2.18095e-37
9.2 3.25 4.4355e-37
9.2 3.3 8.84209e-37
9.2 3.35 1.72776e-36
9.2 3.4 3.30923e-36
9.2 3.45 6.2128e-36
9.2 3.5 1.14331e-35
9.2 3.55 2.06232e-35
9.2 3.6 3.64639e-35
9.2 3.65 6.31957e-35
9.2 3.7 1.07356e-34
9.2 3.75 1.78765e-34
9.2 3.8 2.91778e-34
9.2 3.85 4.66809e-34
9.2 3.9 7.32052e-34
9.2 3.95 1.12528e-33
9.2 4 1.69548e-33
9.2 4.05 2.50405e-33
9.2 4.1 3.62499e-33
9.2 4.15 5.14384e-33
9.2 4.2 7.15457e-33
9.2 4.25 9.75427e-33
9.2 4.3 1.30353e-32
9.2 4.35 1.70751e-32
9.2 4.4 2.19241e-32
9.2 4.45 2.75927e-32
9.2 4.5 3.40395e-32
9.2 4.55 4.11611e-32
9.2 4.6 4.87872e-32
9.2 4.65 5.66814e-32
9.2 4.7 6.45492e-32
9.2 4.75 7.20537e-32
9.2 4.8 7.88383e-32
9.2 4.85 8.45539e-32
9.2 4.9 8.88884e-32
9.2 4.95 9.15951e-32
9.2 5 9.25155e-32
9.2 5.05 9.15951e-32
9.2 5.1 8.88884e-32
9.2 5.15 8.45539e-32
9.2 5.2 7.88383e-32
9.2 5.25 7.20537e-32
9.2 5.3 6.45492e-32
9.2 5.35 5.66814e-32
9.2 5.4 4.87872e-32
9.2 5.45 4.11611e-32
9.2 5.5 3.40395e-32
9.2 5.55 2.75927e-32
9.2 5.6 2.19241e-32
9.2 5.65 1.70751e-32
9.2 5.7 1.30353e-32
9.2 5.75 9.75427e-33
9.2 5.8 7.15457e-33
9.2 5.85 5.14384e-33
9.2 5.9 3.62499e-33
9.2 5.95 2.50405e-33
9.2 6 1.69548e-33
9.2 6.05 1.12528e-33
9.2 6.1 7.32052e-34
9.2 6.15 4.66809e-34
9.2 6.2 2.91778e-34
9.2 6.25 1.78765e-34
9.2 6.3 1.07356e-34
9.2 6.35 6.31957e-35
9.2 6.4 3.64639e-35
9.2 6.45 2.06232e-35
9.2 6.5 1.14331e-35
9.2 6.55 6.2128e-36
9.2 6.6 3.30923e-36
9.2 6.65 1.72776e-36
9.2 6.7 8.84209e-37
9.2 6.75 4.4355e-37
9.2 6.8 2.18095e-37
9.2 6.85 1.05115e-37
9.2 6.9 4.96595e-38
9.2 6.95 2.29961e-38
9.2 7 1.04382e-38
9.2 7.05 4.64418e-39
9.2 7.1 2.0254e-39
9.2 7.15 8.6582e-40
9.2 7.2 3.62796e-40
9.2 7.25 1.49009e-40
9.2 7.3 5.99902e-41
9.2 7.35 2.36736e-41
9.2 7.4 9.15725e-42
9.2 7.45 3.47202e-42
9.2 7.5 1.29038e-42
9.2 7.55 4.70076e-43
9.2 7.6 1.67856e-43
9.2 7.65 5.87519e-44
9.2 7.7 2.01569e-44
9.2 7.75 6.77866e-45
9.2 7.8 2.2345e-45
9.2 7.85 7.21996e-46
9.2 7.9 2.28669e-46
9.2 7.95 7.09897e-47
9.2 8 2.16024e-47
9.2 8.05 6.44357e-48
9.2 8.1 1.88395e-48
9.2 8.15 5.39919e-49
9.2 8.2 1.51672e-49
9.2 8.25 4.17641e-50
9.2 8.3 1.12724e-50
9.2 8.35 2.98228e-51
9.2 8.4 7.73392e-52
9.2 8.45 1.96593e-52
9.2 8.5 4.89842e-53
9.2 8.55 1.19636e-53
9.2 8.6 2.8641e-54
9.2 8.65 6.72096e-55
9.2 8.7 1.54595e-55
9.2 8.75 3.48559e-56
9.2 8.8 7.7033e-57
9.2 8.85 1.66877e-57
9.2 8.9 3.54354e-58
9.2 8.95 7.37559e-59
9.2 9 1.50479e-59
9.2 9.05 3.00936e-60
9.2 9.1 5.89921e-61
9.2 9.15 1.13353e-61
9.2 9.2 2.13497e-62
9.2 9.25 3.94159e-63
9.2 9.3 7.13299e-64
9.2 9.35 1.2653e-64
9.2 9.4 2.20006e-65
9.2 9.45 3.74971e-66
9.2 9.5 6.26442e-67
9.2 9.55 1.02586e-67
9.2 9.6 1.64669e-68
9.2 9.65 2.59096e-69
9.2 9.7 3.99605e-70
9.2 9.75 6.0412e-71
9.2 9.8 8.95236e-72
9.2 9.85 1.30039e-72
9.2 9.9 1.85154e-73
9.2 9.95 2.55455e-74
9.2 10 0
9.25 0 0
9.25 0.05 4.71613e-75
9.25 0.1 3.41867e-74
9.25 0.15 2.40101e-73
9.25 0.2 1.65293e-72
9.25 0.25 1.11542e-71
9.25 0.3 7.37805e-71
9.25 0.35 4.78375e-70
9.25 0.4 3.0403e-69
9.25 0.45 1.89403e-68
9.25 0.5 1.15659e-67
9.25 0.55 6.92296e-67
9.25 0.6 4.06187e-66
9.25 0.65 2.33605e-65
9.25 0.7 1.31691e-64
9.25 0.75 7.27703e-64
9.25 0.8 3.94159e-63
9.25 0.85 2.09271e-62
9.25 0.9 1.0891e-61
9.25 0.95 5.55579e-61
9.25 1 2.77808e-60
9.25 1.05 1.36164e-59
9.25 1.1 6.54185e-59
9.25 1.15 3.08076e-58
9.25 1.2 1.42212e-57
9.25 1.25 6.43474e-57
9.25 1.3 2.85395e-56
9.25 1.35 1.24074e-55
9.25 1.4 5.28732e-55
9.25 1.45 2.20855e-54
9.25 1.5 9.04272e-54
9.25 1.55 3.62919e-53
9.25 1.6 1.4277e-52
9.25 1.65 5.50535e-52
9.25 1.7 2.0809e-51
9.25 1.75 7.70964e-51
9.25 1.8 2.79986e-50
9.25 1.85 9.96681e-50
9.25 1.9 3.47772e-49
9.25 1.95 1.18946e-48
9.25 2 3.98771e-48
9.25 2.05 1.31043e-47
9.25 2.1 4.22108e-47
9.25 2.15 1.33275e-46
9.25 2.2 4.12472e-46
9.25 2.25 1.25128e-45
9.25 2.3 3.72078e-45
9.25 2.35 1.0845e-44
9.25 2.4 3.09844e-44
9.25 2.45 8.67706e-44
9.25 2.5 2.38188e-43
9.25 2.55 6.4089e-43
9.25 2.6 1.6903e-42
9.25 2.65 4.36981e-42
9.25 2.7 1.10733e-41
9.25 2.75 2.75048e-41
9.25 2.8 6.69662e-41
9.25 2.85 1.59816e-40
9.25 2.9 3.73853e-40
9.25 2.95 8.57231e-40
9.25 3 1.92669e-39
9.25 3.05 4.24465e-39
9.25 3.1 9.16618e-39
9.25 3.15 1.94022e-38
9.25 3.2 4.02559e-38
9.25 3.25 8.187e-38
9.25 3.3 1.63206e-37
9.25 3.35 3.18906e-37
9.25 3.4 6.1081e-37
9.25 3.45 1.14674e-36
9.25 3.5 2.11028e-36
9.25 3.55 3.80655e-36
9.25 3.6 6.73036e-36
9.25 3.65 1.16644e-35
9.25 3.7 1.98153e-35
9.25 3.75 3.29955e-35
9.25 3.8 5.38548e-35
9.25 3.85 8.61609e-35
9.25 3.9 1.35118e-34
9.25 3.95 2.07696e-34
9.25 4 3.12941e-34
9.25 4.05 4.62179e-34
9.25 4.1 6.69075e-34
9.25 4.15 9.49411e-34
9.25 4.2 1.32053e-33
9.25 4.25 1.80036e-33
9.25 4.3 2.40595e-33
9.25 4.35 3.15158e-33
9.25 4.4 4.04656e-33
9.25 4.45 5.09282e-33
9.25 4.5 6.2827e-33
9.25 4.55 7.59714e-33
9.25 4.6 9.0047e-33
9.25 4.65 1.04617e-32
9.25 4.7 1.19139e-32
9.25 4.75 1.3299e-32
9.25 4.8 1.45512e-32
9.25 4.85 1.56062e-32
9.25 4.9 1.64062e-32
9.25 4.95 1.69057e-32
9.25 5 1.70756e-32
9.25 5.05 1.69057e-32
9.25 5.1 1.64062e-32
9.25 5.15 1.56062e-32
9.25 5.2 1.45512e-32
9.25 5.25 1.3299e-32
9.25 5.3 1.19139e-32
9.25 5.35 1.04617e-32
9.25 5.4 9.0047e-33
9.25 5.45 7.59714e-33
9.25 5.5 6.2827e-33
9.25 5.55 5.09282e-33
9.25 5.6 4.04656e-33
9.25 5.65 3.15158e-33
9.25 5.7 2.40595e-33
9.25 5.75 1.80036e-33
9.25 5.8 1.32053e-33
9.25 5.85 9.49411e-34
9.25 5.9 6.69075e-34
9.25 5.95 4.62179e-34
9.25 6 3.12941e-34
9.25 6.05 2.07696e-34
9.25 6.1 1.35118e-34
9.25 6.15 8.61609e-35
9.25 6.2 5.38548e-35
9.25 6.25 3.29955e-35
9.25 6.3 1.98153e-35
9.25 6.35 1.16644e-35
9.25 6.4 6.73036e-36
9.25 6.45 3.80655e-36
9.25 6.5 2.11028e-36
9.25 6.55 1.14674e-36
9.25 6.6 6.1081e-37
9.25 6.65 3.18906e-37
9.25 6.7 1.63206e-37
9.25 6.75 8.187e-38
9.25 6.8 4.02559e-38
9.25 6.85 1.94022e-38
9.25 6.9 9.16618e-39
9.25 6.95 4.24465e-39
9.25 7 1.92669e-39
9.25 7.05 8.57231e-40
9.25 7.1 3.73853e-40
9.25 7.15 1.59816e-40
9.25 7.2 6.69662e-41
9.25 7.25 2.75048e-41
9.25 7.3 1.10733e-41
9.25 7.35 4.36981e-42
9.25 7.4 1.6903e-42
9.25 7.45 6.4089e-43
9.25 7.5 2.38188e-43
9.25 7.55 8.67706e-44
9.25 7.6 3.09844e-44
9.25 7.65 1.0845e-44
9.25 7.7 3.72078e-45
9.25 7.75 1.25128e-45
9.25 7.8 4.12472e-46
9.25 7.85 1.33275e-46
9.25 7.9 4.22108e-47
9.25 7.95 1.31043e-47
9.25 8 3.98771e-48
9.25 8.05 1.18946e-48
9.25 8.1 3.47772e-49
9.25 8.15 9.96681e-50
9.25 8.2 2.79986e-50
9.25 8.25 7.70964e-51
9.25 8.3 2.0809e-51
9.25 8.35 5.50535e-52
9.25 8.4 1.4277e-52
9.25 8.45 3.62919e-53
9.25 8.5 9.04272e-54
9.25 8.55 2.20855e-54
9.25 8.6 5.28732e-55
9.25 8.65 1.24074e-55
9.25 8.7 2.85395e-56
9.25 8.75 6.43474e-57
9.25 8.8 1.42212e-57
9.25 8.85 3.08076e-58
9.25 8.9 6.54185e-59
9.25 8.95 1.36164e-59
9.25 9 2.77808e-60
9.25 9.05 5.55579e-61
9.25 9.1 1.0891e-61
9.25 9.15 2.09271e-62
9.25 9.2 3.94159e-63
9.25 9.25 7.27703e-64
9.25 9.3 1.31691e-64
9.25 9.35 2.33605e-65
9.25 9.4 4.06187e-66
9.25 9.45 6.92296e-67
9.25 9.5 1.15659e-67
9.25 9.55 1.89403e-68
9.25 9.6 3.0403e-69
9.25 9.65 4.78375e-70
9.25 9.7 7.37805e-71
9.25 9.75 1.11542e-71
9.25 9.8 1.65293e-72
9.25 9.85 2.40101e-73
9.25 9.9 3.41867e-74
9.25 9.95 4.71613e-75
9.25 10 0
9.3 0 0
9.3 0.05 8.53449e-76
9.3 0.1 6.1873e-75
9.3 0.15 4.34546e-74
9.3 0.2 2.99152e-73
9.3 0.25 2.0187e-72
9.3 0.3 1.33528e-71
9.3 0.35 8.65757e-71
9.3 0.4 5.50226e-70
9.3 0.45 3.42774e-69
9.3 0.5 2.09313e-68
9.3 0.55 1.25287e-67
9.3 0.6 7.35086e-67
9.3 0.65 4.22757e-66
9.3 0.7 2.38322e-65
9.3 0.75 1.31691e-64
9.3 0.8 7.13299e-64
9.3 0.85 3.7871e-63
9.3 0.9 1.97089e-62
9.3 0.95 1.0054e-61
9.3 1 5.02728e-61
9.3 1.05 2.46404e-60
9.3 1.1 1.18381e-59
9.3 1.15 5.57492e-59
9.3 1.2 2.57343e-58
9.3 1.25 1.16441e-57
9.3 1.3 5.1644e-57
9.3 1.35 2.24518e-56
9.3 1.4 9.5676e-56
9.3 1.45 3.99644e-55
9.3 1.5 1.6363e-54
9.3 1.55 6.56704e-54
9.3 1.6 2.58343e-53
9.3 1.65 9.96187e-53
9.3 1.7 3.76534e-52
9.3 1.75 1.39504e-51
9.3 1.8 5.06624e-51
9.3 1.85 1.80345e-50
9.3 1.9 6.29273e-50
9.3 1.95 2.15225e-49
9.3 2 7.21546e-49
9.3 2.05 2.37112e-48
9.3 2.1 7.63766e-48
9.3 2.15 2.41149e-47
9.3 2.2 7.46323e-47
9.3 2.25 2.26405e-46
9.3 2.3 6.7323e-46
9.3 2.35 1.96226e-45
9.3 2.4 5.6062e-45
9.3 2.45 1.56999e-44
9.3 2.5 4.30965e-44
9.3 2.55 1.15959e-43
9.3 2.6 3.05833e-43
9.3 2.65 7.90642e-43
9.3 2.7 2.00352e-42
9.3 2.75 4.97648e-42
9.3 2.8 1.21163e-41
9.3 2.85 2.89155e-41
9.3 2.9 6.76411e-41
9.3 2.95 1.55098e-40
9.3 3 3.48593e-40
9.3 3.05 7.67976e-40
9.3 3.1 1.65841e-39
9.3 3.15 3.51038e-39
9.3 3.2 7.28336e-39
9.3 3.25 1.48124e-38
9.3 3.3 2.95281e-38
9.3 3.35 5.76981e-38
9.3 3.4 1.10511e-37
9.3 3.45 2.07473e-37
9.3 3.5 3.818e-37
9.3 3.55 6.88694e-37
9.3 3.6 1.21768e-36
9.3 3.65 2.11035e-36
9.3 3.7 3.58502e-36
9.3 3.75 5.9696e-36
9.3 3.8 9.7435e-36
9.3 3.85 1.55883e-35
9.3 3.9 2.44456e-35
9.3 3.95 3.75766e-35
9.3 4 5.66174e-35
9.3 4.05 8.36175e-35
9.3 4.1 1.21049e-34
9.3 4.15 1.71767e-34
9.3 4.2 2.3891e-34
9.3 4.25 3.2572e-34
9.3 4.3 4.35282e-34
9.3 4.35 5.7018e-34
9.3 4.4 7.32098e-34
9.3 4.45 9.21386e-34
9.3 4.5 1.13666e-33
9.3 4.55 1.37446e-33
9.3 4.6 1.62911e-33
9.3 4.65 1.89272e-33
9.3 4.7 2.15544e-33
9.3 4.75 2.40603e-33
9.3 4.8 2.63258e-33
9.3 4.85 2.82343e-33
9.3 4.9 2.96817e-33
9.3 4.95 3.05855e-33
9.3 5 3.08928e-33
9.3 5.05 3.05855e-33
9.3 5.1 2.96817e-33
9.3 5.15 2.82343e-33
9.3 5.2 2.63258e-33
9.3 5.25 2.40603e-33
9.3 5.3 2.15544e-33
9.3 5.35 1.89272e-33
9.3 5.4 1.62911e-33
9.3 5.45 1.37446e-33
9.3 5.5 1.13666e-33
9.3 5.55 9.21386e-34
9.3 5.6 7.32098e-34
9.3 5.65 5.7018e-34
9.3 5.7 4.35282e-34
9.3 5.75 3.2572e-34
9.3 5.8 2.3891e-34
9.3 5.85 1.71767e-34
9.3 5.9 1.21049e-34
9.3 5.95 8.36175e-35
9.3 6 5.66174e-35
9.3 6.05 3.75766e-35
9.3 6.1 2.44456e-35
9.3 6.15 1.55883e-35
9.3 6.2 9.7435e-36
9.3 6.25 5.9696e-36
9.3 6.3 3.58502e-36
9.3 6.35 2.11035e-36
9.3 6.4 1.21768e-36
9.3 6.45 6.88694e-37
9.3 6.5 3.818e-37
9.3 6.55 2.07473e-37
9.3 6.6 1.10511e-37
9.3 6.65 5.76981e-38
9.3 6.7 2.95281e-38
9.3 6.75 1.48124e-38
9.3 6.8 7.28336e-39
9.3 6.85 3.51038e-39
9.3 6.9 1.65841e-39
9.3 6.95 7.67976e-40
9.3 7 3.48593e-40
9.3 7.05 1.55098e-40
9.3 7.1 6.76411e-41
9.3 7.15 2.89155e-41
9.3 7.2 1.21163e-41
9.3 7.25 4.97648e-42
9.3 7.3 2.00352e-42
9.3 7.35 7.90642e-43
9.3 7.4 3.05833e-43
9.3 7.45 1.15959e-43
9.3 7.5 4.30965e-44
9.3 7.55 1.56999e-44
9.3 7.6 5.6062e-45
9.3 7.65 1.96226e-45
9.3 7.7 6.7323e-46
9.3 7.75 2.26405e-46
9.3 7.8 7.46323e-47
9.3 7.85 2.41149e-47
9.3 7.9 7.63766e-48
9.3 7.95 2.37112e-48
9.3 8 7.21546e-49
9.3 8.05 2.15225e-49
9.3 8.1 6.29273e-50
9.3 8.15 1.80345e-50
9.3 8.2 5.06624e-51
9.3 8.25 1.39504e-51
9.3 8.3 3.76534e-52
9.3 8.35 9.96187e-53
9.3 8.4 2.58343e-53
9.3 8.45 6.56704e-54
9.3 8.5 1.6363e-54
9.3 8.55 3.99644e-55
9.3 8.6 9.5676e-56
9.3 8.65 2.24518e-56
9.3 8.7 5.1644e-57
9.3 8.75 1.16441e-57
9.3 8.8 2.57343e-58
9.3 8.85 5.57492e-59
9.3 8.9 1.18381e-59
9.3 8.95 2.46404e-60
9.3 9 5.02728e-61
9.3 9.05 1.0054e-61
9.3 9.1 1.97089e-62
9.3 9.15 3.7871e-63
9.3 9.2 7.13299e-64
9.3 9.25 1.31691e-64
9.3 9.3 2.38322e-65
9.3 9.35 4.22757e-66
9.3 9.4 7.35086e-67
9.3 9.45 1.25287e-67
9.3 9.5 2.09313e-68
9.3 9.55 3.42774e-69
9.3 9.6 5.50226e-70
9.3 9.65 8.65757e-71
9.3 9.7 1.33528e-71
9.3 9.75 2.0187e-72
9.3 9.8 2.99152e-73
9.3 9.85 4.34546e-74
9.3 9.9 6.1873e-75
9.3 9.95 8.53449e-76
9.3 10 0
9.35 0 0
9.35 0.05 1.51387e-76
9.35 0.1 1.09766e-75
9.35 0.15 7.709e-75
9.35 0.2 5.30703e-74
9.35 0.25 3.58119e-73
9.35 0.3 2.36878e-72
9.35 0.35 1.53584e-71
9.35 0.4 9.76084e-71
9.35 0.45 6.08066e-70
9.35 0.5 3.7131e-69
9.35 0.55 2.22251e-68
9.35 0.6 1.30398e-67
9.35 0.65 7.49929e-67
9.35 0.7 4.22757e-66
9.35 0.75 2.33605e-65
9.35 0.8 1.2653e-64
9.35 0.85 6.71776e-64
9.35 0.9 3.49605e-63
9.35 0.95 1.7834e-62
9.35 1 8.91749e-62
9.35 1.05 4.37074e-61
9.35 1.1 2.09985e-60
9.35 1.15 9.88871e-60
9.35 1.2 4.56469e-59
9.35 1.25 2.06539e-58
9.35 1.3 9.16037e-58
9.35 1.35 3.98238e-57
9.35 1.4 1.69704e-56
9.35 1.45 7.08857e-56
9.35 1.5 2.90232e-55
9.35 1.55 1.1648e-54
9.35 1.6 4.58221e-54
9.35 1.65 1.76692e-53
9.35 1.7 6.67849e-53
9.35 1.75 2.47433e-52
9.35 1.8 8.98576e-52
9.35 1.85 3.19868e-51
9.35 1.9 1.1161e-50
9.35 1.95 3.81729e-50
9.35 2 1.27975e-49
9.35 2.05 4.20545e-49
9.35 2.1 1.35462e-48
9.35 2.15 4.27701e-48
9.35 2.2 1.32367e-47
9.35 2.25 4.01548e-47
9.35 2.3 1.19402e-46
9.35 2.35 3.4802e-46
9.35 2.4 9.94292e-46
9.35 2.45 2.78446e-45
9.35 2.5 7.64336e-45
9.35 2.55 2.05658e-44
9.35 2.6 5.42403e-44
9.35 2.65 1.40222e-43
9.35 2.7 3.55327e-43
9.35 2.75 8.82584e-43
9.35 2.8 2.14883e-42
9.35 2.85 5.12817e-42
9.35 2.9 1.19961e-41
9.35 2.95 2.75065e-41
9.35 3 6.18224e-41
9.35 3.05 1.36199e-40
9.35 3.1 2.94115e-40
9.35 3.15 6.22554e-40
9.35 3.2 1.29168e-39
9.35 3.25 2.62692e-39
9.35 3.3 5.23667e-39
9.35 3.35 1.02325e-38
9.35 3.4 1.95984e-38
9.35 3.45 3.67941e-38
9.35 3.5 6.77098e-38
9.35 3.55 1.22135e-37
9.35 3.6 2.15946e-37
9.35 3.65 3.74254e-37
9.35 3.7 6.35775e-37
9.35 3.75 1.05866e-36
9.35 3.8 1.72792e-36
9.35 3.85 2.76445e-36
9.35 3.9 4.3352e-36
9.35 3.95 6.66384e-36
9.35 4 1.00405e-35
9.35 4.05 1.48287e-35
9.35 4.1 2.14668e-35
9.35 4.15 3.04611e-35
9.35 4.2 4.23681e-35
9.35 4.25 5.77629e-35
9.35 4.3 7.71923e-35
9.35 4.35 1.01115e-34
9.35 4.4 1.29829e-34
9.35 4.45 1.63397e-34
9.35 4.5 2.01572e-34
9.35 4.55 2.43744e-34
9.35 4.6 2.88903e-34
9.35 4.65 3.3565e-34
9.35 4.7 3.8224e-34
9.35 4.75 4.26679e-34
9.35 4.8 4.66855e-34
9.35 4.85 5.007e-34
9.35 4.9 5.26367e-34
9.35 4.95 5.42395e-34
9.35 5 5.47845e-34
9.35 5.05 5.42395e-34
9.35 5.1 5.26367e-34
9.35 5.15 5.007e-34
9.35 5.2 4.66855e-34
9.35 5.25 4.26679e-34
9.35 5.3 3.8224e-34
9.35 5.35 3.3565e-34
9.35 5.4 2.88903e-34
9.35 5.45 2.43744e-34
9.35 5.5 2.01572e-34
9.35 5.55 1.63397e-34
9.35 5.6 1.29829e-34
9.35 5.65 1.01115e-34
9.35 5.7 7.71923e-35
9.35 5.75 5.77629e-35
9.35 5.8 4.23681e-35
9.35 5.85 3.04611e-35
9.35 5.9 2.14668e-35
9.35 5.95 1.48287e-35
9.35 6 1.00405e-35
9.35 6.05 6.66384e-36
9.35 6.1 4.3352e-36
9.35 6.15 2.76445e-36
9.35 6.2 1.72792e-36
9.35 6.25 1.05866e-36
9.35 6.3 6.35775e-37
9.35 6.35 3.74254e-37
9.35 6.4 2.15946e-37
9.35 6.45 1.22135e-37
9.35 6.5 6.77098e-38
9.35 6.55 3.67941e-38
9.35 6.6 1.95984e-38
9.35 6.65 1.02325e-38
9.35 6.7 5.23667e-39
9.35 6.75 2.62692e-39
9.35 6.8 1.29168e-39
9.35 6.85 6.22554e-40
9.35 6.9 2.94115e-40
9.35 6.95 1.36199e-40
9.35 7 6.18224e-41
9.35 7.05 2.75065e-41
9.35 7.1 1.19961e-41
9.35 7.15 5.12817e-42
9.35 7.2 2.14883e-42
9.35 7.25 8.82584e-43
9.35 7.3 3.55327e-43
9.35 7.35 1.40222e-43
9.35 7.4 5.42403e-44
9.35 7.45 2.05658e-44
9.35 7.5 7.64336e-45
9.35 7.55 2.78446e-45
9.35 7.6 9.94292e-46
9.35 7.65 3.4802e-46
9.35 7.7 1.19402e-46
9.35 7.75 4.01548e-47
9.35 7.8 1.32367e-47
9.35 7.85 4.27701e-48
9.35 7.9 1.35462e-48
9.35 7.95 4.20545e-49
9.35 8 1.27975e-49
9.35 8.05 3.81729e-50
9.35 8.1 1.1161e-50
9.35 8.15 3.19868e-51
9.35 8.2 8.98576e-52
9.35 8.25 2.47433e-52
9.35 8.3 6.67849e-53
9.35 8.35 1.76692e-53
9.35 8.4 4.58221e-54
9.35 8.45 1.1648e-54
9.35 8.5 2.90232e-55
9.35 8.55 7.08857e-56
9.35 8.6 1.69704e-56
9.35 8.65 3.98238e-57
9.35 8.7 9.16037e-58
9.35 8.75 2.06539e-58
9.35 8.8 4.56469e-59
9.35 8.85 9.88871e-60
9.35 8.9 2.09985e-60
9.35 8.95 4.37074e-61
9.35 9 8.91749e-62
9.35 9.05 1.7834e-62
9.35 9.1 3.49605e-63
9.35 9.15 6.71776e-64
9.35 9.2 1.2653e-64
9.35 9.25 2.33605e-65
9.35 9.3 4.22757e-66
9.35 9.35 7.49929e-67
9.35 9.4 1.30398e-67
9.35 9.45 2.22251e-68
9.35 9.5 3.7131e-69
9.35 9.55 6.08066e-70
9.35 9.6 9.76084e-71
9.35 9.65 1.53584e-71
9.35 9.7 2.36878e-72
9.35 9.75 3.58119e-73
9.35 9.8 5.30703e-74
9.35 9.85 7.709e-75
9.35 9.9 1.09766e-75
9.35 9.95 1.51387e-76
9.35 10 0
9.4 0 0
9.4 0.05 2.63222e-77
9.4 0.1 1.90878e-76
9.4 0.15 1.34055e-75
9.4 0.2 9.22851e-75
9.4 0.25 6.22736e-74
9.4 0.3 4.11907e-73
9.4 0.35 2.67064e-72
9.4 0.4 1.69728e-71
9.4 0.45 1.05734e-70
9.4 0.5 6.45649e-70
9.4 0.55 3.86456e-69
9.4 0.6 2.26738e-68
9.4 0.65 1.30398e-67
9.4 0.7 7.35086e-67
9.4 0.75 4.06187e-66
9.4 0.8 2.20006e-65
9.4 0.85 1.16806e-64
9.4 0.9 6.07873e-64
9.4 0.95 3.10086e-63
9.4 1 1.5505e-62
9.4 1.05 7.59945e-62
9.4 1.1 3.651e-61
9.4 1.15 1.71934e-60
9.4 1.2 7.93652e-60
9.4 1.25 3.59103e-59
9.4 1.3 1.59267e-58
9.4 1.35 6.92395e-58
9.4 1.4 2.95053e-57
9.4 1.45 1.23244e-56
9.4 1.5 5.04602e-56
9.4 1.55 2.02513e-55
9.4 1.6 7.96661e-55
9.4 1.65 3.07195e-54
9.4 1.7 1.16111e-53
9.4 1.75 4.30179e-53
9.4 1.8 1.56223e-52
9.4 1.85 5.56106e-52
9.4 1.9 1.94039e-51
9.4 1.95 6.63649e-51
9.4 2 2.22488e-50
9.4 2.05 7.31124e-50
9.4 2.1 2.35502e-49
9.4 2.15 7.43558e-49
9.4 2.2 2.30119e-48
9.4 2.25 6.98085e-48
9.4 2.3 2.07578e-47
9.4 2.35 6.05023e-47
9.4 2.4 1.72854e-46
9.4 2.45 4.84065e-46
9.4 2.5 1.32876e-45
9.4 2.55 3.57524e-45
9.4 2.6 9.42933e-45
9.4 2.65 2.43766e-44
9.4 2.7 6.17708e-44
9.4 2.75 1.5343e-43
9.4 2.8 3.73554e-43
9.4 2.85 8.91483e-43
9.4 2.9 2.0854e-42
9.4 2.95 4.78171e-42
9.4 3 1.07471e-41
9.4 3.05 2.36766e-41
9.4 3.1 5.11283e-41
9.4 3.15 1.08223e-40
9.4 3.2 2.24541e-40
9.4 3.25 4.56653e-40
9.4 3.3 9.1032e-40
9.4 3.35 1.77876e-39
9.4 3.4 3.40689e-39
9.4 3.45 6.39608e-39
9.4 3.5 1.17703e-38
9.4 3.55 2.12312e-38
9.4 3.6 3.75386e-38
9.4 3.65 6.50576e-38
9.4 3.7 1.10518e-37
9.4 3.75 1.84029e-37
9.4 3.8 3.00368e-37
9.4 3.85 4.80548e-37
9.4 3.9 7.53592e-37
9.4 3.95 1.15838e-36
9.4 4 1.74535e-36
9.4 4.05 2.57768e-36
9.4 4.1 3.73157e-36
9.4 4.15 5.29504e-36
9.4 4.2 7.36483e-36
9.4 4.25 1.00409e-35
9.4 4.3 1.34183e-35
9.4 4.35 1.75767e-35
9.4 4.4 2.2568e-35
9.4 4.45 2.84031e-35
9.4 4.5 3.5039e-35
9.4 4.55 4.23697e-35
9.4 4.6 5.02196e-35
9.4 4.65 5.83454e-35
9.4 4.7 6.64441e-35
9.4 4.75 7.41688e-35
9.4 4.8 8.11524e-35
9.4 4.85 8.70356e-35
9.4 4.9 9.14973e-35
9.4 4.95 9.42834e-35
9.4 5 9.52308e-35
9.4 5.05 9.42834e-35
9.4 5.1 9.14973e-35
9.4 5.15 8.70356e-35
9.4 5.2 8.11524e-35
9.4 5.25 7.41688e-35
9.4 5.3 6.64441e-35
9.4 5.35 5.83454e-35
9.4 5.4 5.02196e-35
9.4 5.45 4.23697e-35
9.4 5.5 3.5039e-35
9.4 5.55 2.84031e-35
9.4 5.6 2.2568e-35
9.4 5.65 1.75767e-35
9.4 5.7 1.34183e-35
9.4 5.75 1.00409e-35
9.4 5.8 7.36483e-36
9.4 5.85 5.29504e-36
9.4 5.9 3.73157e-36
9.4 5.95 2.57768e-36
9.4 6 1.74535e-36
9.4 6.05 1.15838e-36
9.4 6.1 7.53592e-37
9.4 6.15 4.80548e-37
9.4 6.2 3.00368e-37
9.4 6.25 1.84029e-37
9.4 6.3 1.10518e-37
9.4 6.35 6.50576e-38
9.4 6.4 3.75386e-38
9.4 6.45 2.12312e-38
9.4 6.5 1.17703e-38
9.4 6.55 6.39608e-39
9.4 6.6 3.40689e-39
9.4 6.65 1.77876e-39
9.4 6.7 9.1032e-40
9.4 6.75 4.56653e-40
9.4 6.8 2.24541e-40
9.4 6.85 1.08223e-40
9.4 6.9 5.11283e-41
9.4 6.95 2.36766e-41
9.4 7 1.07471e-41
9.4 7.05 4.78171e-42
9.4 7.1 2.0854e-42
9.4 7.15 8.91483e-43
9.4 7.2 3.73554e-43
9.4 7.25 1.5343e-43
9.4 7.3 6.17708e-44
9.4 7.35 2.43766e-44
9.4 7.4 9.42933e-45
9.4 7.45 3.57524e-45
9.4 7.5 1.32876e-45
9.4 7.55 4.84065e-46
9.4 7.6 1.72854e-46
9.4 7.65 6.05023e-47
9.4 7.7 2.07578e-47
9.4 7.75 6.98085e-48
9.4 7.8 2.30119e-48
9.4 7.85 7.43558e-49
9.4 7.9 2.35502e-49
9.4 7.95 7.31124e-50
9.4 8 2.22488e-50
9.4 8.05 6.63649e-51
9.4 8.1 1.94039e-51
9.4 8.15 5.56106e-52
9.4 8.2 1.56223e-52
9.4 8.25 4.30179e-53
9.4 8.3 1.16111e-53
9.4 8.35 3.07195e-54
9.4 8.4 7.96661e-55
9.4 8.45 2.02513e-55
9.4 8.5 5.04602e-56
9.4 8.55 1.23244e-56
9.4 8.6 2.95053e-57
9.4 8.65 6.92395e-58
9.4 8.7 1.59267e-58
9.4 8.75 3.59103e-59
9.4 8.8 7.93652e-60
9.4 8.85 1.71934e-60
9.4 8.9 3.651e-61
9.4 8.95 7.59945e-62
9.4 9 1.5505e-62
9.4 9.05 3.10086e-63
9.4 9.1 6.07873e-64
9.4 9.15 1.16806e-64
9.4 9.2 2.20006e-65
9.4 9.25 4.06187e-66
9.4 9.3 7.35086e-67
9.4 9.35 1.30398e-67
9.4 9.4 2.26738e-68
9.4 9.45 3.86456e-69
9.4 9.5 6.45649e-70
9.4 9.55 1.05734e-70
9.4 9.6 1.69728e-71
9.4 9.65 2.67064e-72
9.4 9.7 4.11907e-73
9.4 9.75 6.22736e-74
9.4 9.8 9.22851e-75
9.4 9.85 1.34055e-75
9.4 9.9 1.90878e-76
9.4 9.95 2.63222e-77
9.4 10 0
9.45 0 0
9.45 0.05 4.48617e-78
9.45 0.1 3.2536e-77
9.45 0.15 2.28501e-76
9.45 0.2 1.57302e-75
9.45 0.25 1.06146e-74
9.45 0.3 7.02091e-74
9.45 0.35 4.55205e-73
9.45 0.4 2.89296e-72
9.45 0.45 1.80219e-71
9.45 0.5 1.10047e-70
9.45 0.55 6.58686e-70
9.45 0.6 3.86456e-69
9.45 0.65 2.22251e-68
9.45 0.7 1.25287e-67
9.45 0.75 6.92296e-67
9.45 0.8 3.74971e-66
9.45 0.85 1.99078e-65
9.45 0.9 1.03602e-64
9.45 0.95 5.2849e-64
9.45 1 2.64255e-63
9.45 1.05 1.29518e-62
9.45 1.1 6.22239e-62
9.45 1.15 2.93024e-61
9.45 1.2 1.3526e-60
9.45 1.25 6.12006e-60
9.45 1.3 2.71432e-59
9.45 1.35 1.18001e-58
9.45 1.4 5.02839e-58
9.45 1.45 2.10035e-57
9.45 1.5 8.5995e-57
9.45 1.55 3.45123e-56
9.45 1.6 1.35766e-55
9.45 1.65 5.23516e-55
9.45 1.7 1.97873e-54
9.45 1.75 7.33096e-54
9.45 1.8 2.66228e-53
9.45 1.85 9.47688e-53
9.45 1.9 3.3067e-52
9.45 1.95 1.13095e-51
9.45 2 3.79146e-51
9.45 2.05 1.24592e-50
9.45 2.1 4.0132e-50
9.45 2.15 1.2671e-49
9.45 2.2 3.92144e-49
9.45 2.25 1.1896e-48
9.45 2.3 3.53729e-48
9.45 2.35 1.031e-47
9.45 2.4 2.94554e-47
9.45 2.45 8.24874e-47
9.45 2.5 2.26427e-46
9.45 2.55 6.09235e-46
9.45 2.6 1.60679e-45
9.45 2.65 4.15385e-45
9.45 2.7 1.05259e-44
9.45 2.75 2.61447e-44
9.45 2.8 6.36539e-44
9.45 2.85 1.51909e-43
9.45 2.9 3.55352e-43
9.45 2.95 8.14799e-43
9.45 3 1.8313e-42
9.45 3.05 4.03444e-42
9.45 3.1 8.71213e-42
9.45 3.15 1.84409e-41
9.45 3.2 3.8261e-41
9.45 3.25 7.78119e-41
9.45 3.3 1.55115e-40
9.45 3.35 3.03092e-40
9.45 3.4 5.80516e-40
9.45 3.45 1.08986e-39
9.45 3.5 2.00558e-39
9.45 3.55 3.61765e-39
9.45 3.6 6.39632e-39
9.45 3.65 1.10853e-38
9.45 3.7 1.88315e-38
9.45 3.75 3.13571e-38
9.45 3.8 5.11802e-38
9.45 3.85 8.18814e-38
9.45 3.9 1.28405e-37
9.45 3.95 1.97378e-37
9.45 4 2.97391e-37
9.45 4.05 4.39212e-37
9.45 4.1 6.35822e-37
9.45 4.15 9.02221e-37
9.45 4.2 1.25489e-36
9.45 4.25 1.71086e-36
9.45 4.3 2.28633e-36
9.45 4.35 2.99488e-36
9.45 4.4 3.84534e-36
9.45 4.45 4.83956e-36
9.45 4.5 5.97025e-36
9.45 4.55 7.2193e-36
9.45 4.6 8.55683e-36
9.45 4.65 9.94138e-36
9.45 4.7 1.13213e-35
9.45 4.75 1.26375e-35
9.45 4.8 1.38274e-35
9.45 4.85 1.48298e-35
9.45 4.9 1.559e-35
9.45 4.95 1.60647e-35
9.45 5 1.62262e-35
9.45 5.05 1.60647e-35
9.45 5.1 1.559e-35
9.45 5.15 1.48298e-35
9.45 5.2 1.38274e-35
9.45 5.25 1.26375e-35
9.45 5.3 1.13213e-35
9.45 5.35 9.94138e-36
9.45 5.4 8.55683e-36
9.45 5.45 7.2193e-36
9.45 5.5 5.97025e-36
9.45 5.55 4.83956e-36
9.45 5.6 3.84534e-36
9.45 5.65 2.99488e-36
9.45 5.7 2.28633e-36
9.45 5.75 1.71086e-36
9.45 5.8 1.25489e-36
9.45 5.85 9.02221e-37
9.45 5.9 6.35822e-37
9.45 5.95 4.39212e-37
9.45 6 2.97391e-37
9.45 6.05 1.97378e-37
9.45 6.1 1.28405e-37
9.45 6.15 8.18814e-38
9.45 6.2 5.11802e-38
9.45 6.25 3.13571e-38
9.45 6.3 1.88315e-38
9.45 6.35 1.10853e-38
9.45 6.4 6.39632e-39
9.45 6.45 3.61765e-39
9.45 6.5 2.00558e-39
9.45 6.55 1.08986e-39
9.45 6.6 5.80516e-40
9.45 6.65 3.03092e-40
9.45 6.7 1.55115e-40
9.45 6.75 7.78119e-41
9.45 6.8 3.8261e-41
9.45 6.85 1.84409e-41
9.45 6.9 8.71213e-42
9.45 6.95 4.03444e-42
9.45 7 1.8313e-42
9.45 7.05 8.14799e-43
9.45 7.1 3.55352e-43
9.45 7.15 1.51909e-43
9.45 7.2 6.36539e-44
9.45 7.25 2.61447e-44
9.45 7.3 1.05259e-44
9.45 7.35 4.15385e-45
9.45 7.4 1.60679e-45
9.45 7.45 6.09235e-46
9.45 7.5 2.26427e-46
9.45 7.55 8.24874e-47
9.45 7.6 2.94554e-47
9.45 7.65 1.031e-47
9.45 7.7 3.53729e-48
9.45 7.75 1.1896e-48
9.45 7.8 3.92144e-49
9.45 7.85 1.2671e-49
9.45 7.9 4.0132e-50
9.45 7.95 1.24592e-50
9.45 8 3.79146e-51
9.45 8.05 1.13095e-51
9.45 8.1 3.3067e-52
9.45 8.15 9.47688e-53
9.45 8.2 2.66228e-53
9.45 8.25 7.33096e-54
9.45 8.3 1.97873e-54
9.45 8.35 5.23516e-55
9.45 8.4 1.35766e-55
9.45 8.45 3.45123e-56
9.45 8.5 8.5995e-57
9.45 8.55 2.10035e-57
9.45 8.6 5.02839e-58
9.45 8.65 1.18001e-58
9.45 8.7 2.71432e-59
9.45 8.75 6.12006e-60
9.45 8.8 1.3526e-60
9.45 8.85 2.93024e-61
9.45 8.9 6.22239e-62
9.45 8.95 1.29518e-62
9.45 9 2.64255e-63
9.45 9.05 5.2849e-64
9.45 9.1 1.03602e-64
9.45 9.15 1.99078e-65
9.45 9.2 3.74971e-66
9.45 9.25 6.92296e-67
9.45 9.3 1.25287e-67
9.45 9.35 2.22251e-68
9.45 9.4 3.86456e-69
9.45 9.45 6.58686e-70
9.45 9.5 1.10047e-70
9.45 9.55 1.80219e-71
9.45 9.6 2.89296e-72
9.45 9.65 4.55205e-73
9.45 9.7 7.02091e-74
9.45 9.75 1.06146e-74
9.45 9.8 1.57302e-75
9.45 9.85 2.28501e-76
9.45 9.9 3.2536e-77
9.45 9.95 4.48617e-78
9.45 10 0
9.5 0 0
9.5 0.05 7.49463e-79
9.5 0.1 5.43619e-78
9.5 0.15 3.81781e-77
9.5 0.2 2.62819e-76
9.5 0.25 1.77346e-75
9.5 0.3 1.17303e-74
9.5 0.35 7.60537e-74
9.5 0.4 4.83339e-73
9.5 0.45 3.01097e-72
9.5 0.5 1.83857e-71
9.5 0.55 1.10047e-70
9.5 0.6 6.45649e-70
9.5 0.65 3.7131e-69
9.5 0.7 2.09313e-68
9.5 0.75 1.15659e-67
9.5 0.8 6.26442e-67
9.5 0.85 3.32586e-66
9.5 0.9 1.7308e-65
9.5 0.95 8.82899e-65
9.5 1 4.41464e-64
9.5 1.05 2.16371e-63
9.5 1.1 1.0395e-62
9.5 1.15 4.89516e-62
9.5 1.2 2.25959e-61
9.5 1.25 1.02238e-60
9.5 1.3 4.53436e-60
9.5 1.35 1.97123e-59
9.5 1.4 8.39999e-59
9.5 1.45 3.50864e-58
9.5 1.5 1.43654e-57
9.5 1.55 5.76522e-57
9.5 1.6 2.26794e-56
9.5 1.65 8.74516e-56
9.5 1.7 3.30538e-55
9.5 1.75 1.2246e-54
9.5 1.8 4.44718e-54
9.5 1.85 1.58304e-53
9.5 1.9 5.52358e-53
9.5 1.95 1.88915e-52
9.5 2 6.33328e-52
9.5 2.05 2.08118e-51
9.5 2.1 6.7036e-51
9.5 2.15 2.11653e-50
9.5 2.2 6.55026e-50
9.5 2.25 1.98706e-49
9.5 2.3 5.90853e-49
9.5 2.35 1.72213e-48
9.5 2.4 4.92006e-48
9.5 2.45 1.37782e-47
9.5 2.5 3.78207e-47
9.5 2.55 1.01762e-46
9.5 2.6 2.68385e-46
9.5 2.65 6.93821e-46
9.5 2.7 1.75814e-45
9.5 2.75 4.36694e-45
9.5 2.8 1.06321e-44
9.5 2.85 2.53731e-44
9.5 2.9 5.93537e-44
9.5 2.95 1.36094e-43
9.5 3 3.05876e-43
9.5 3.05 6.73858e-43
9.5 3.1 1.45515e-42
9.5 3.15 3.0801e-42
9.5 3.2 6.39053e-42
9.5 3.25 1.29965e-41
9.5 3.3 2.59078e-41
9.5 3.35 5.06235e-41
9.5 3.4 9.69594e-41
9.5 3.45 1.8203e-40
9.5 3.5 3.34976e-40
9.5 3.55 6.04227e-40
9.5 3.6 1.06832e-39
9.5 3.65 1.85149e-39
9.5 3.7 3.14525e-39
9.5 3.75 5.23727e-39
9.5 3.8 8.54812e-39
9.5 3.85 1.36758e-38
9.5 3.9 2.14462e-38
9.5 3.95 3.29658e-38
9.5 4 4.96699e-38
9.5 4.05 7.33565e-38
9.5 4.1 1.06194e-37
9.5 4.15 1.50687e-37
9.5 4.2 2.09589e-37
9.5 4.25 2.85744e-37
9.5 4.3 3.81857e-37
9.5 4.35 5.00196e-37
9.5 4.4 6.42237e-37
9.5 4.45 8.08289e-37
9.5 4.5 9.97133e-37
9.5 4.55 1.20574e-36
9.5 4.6 1.42913e-36
9.5 4.65 1.66037e-36
9.5 4.7 1.89084e-36
9.5 4.75 2.11066e-36
9.5 4.8 2.3094e-36
9.5 4.85 2.47682e-36
9.5 4.9 2.60379e-36
9.5 4.95 2.68307e-36
9.5 5 2.71003e-36
9.5 5.05 2.68307e-36
9.5 5.1 2.60379e-36
9.5 5.15 2.47682e-36
9.5 5.2 2.3094e-36
9.5 5.25 2.11066e-36
9.5 5.3 1.89084e-36
9.5 5.35 1.66037e-36
9.5 5.4 1.42913e-36
9.5 5.45 1.20574e-36
9.5 5.5 9.97133e-37
9.5 5.55 8.08289e-37
9.5 5.6 6.42237e-37
9.5 5.65 5.00196e-37
9.5 5.7 3.81857e-37
9.5 5.75 2.85744e-37
9.5 5.8 2.09589e-37
9.5 5.85 1.50687e-37
9.5 5.9 1.06194e-37
9.5 5.95 7.33565e-38
9.5 6 4.96699e-38
9.5 6.05 3.29658e-38
9.5 6.1 2.14462e-38
9.5 6.15 1.36758e-38
9.5 6.2 8.54812e-39
9.5 6.25 5.23727e-39
9.5 6.3 3.14525e-39
9.5 6.35 1.85149e-39
9.5 6.4 1.06832e-39
9.5 6.45 6.04227e-40
9.5 6.5 3.34976e-40
9.5 6.55 1.8203e-40
9.5 6.6 9.69594e-41
9.5 6.65 5.06235e-41
9.5 6.7 2.59078e-41
9.5 6.75 1.29965e-41
9.5 6.8 6.39053e-42
9.5 6.85 3.0801e-42
9.5 6.9 1.45515e-42
9.5 6.95 6.73858e-43
9.5 7 3.05876e-43
9.5 7.05 1.36094e-43
9.5 7.1 5.93537e-44
9.5 7.15 2.53731e-44
9.5 7.2 1.06321e-44
9.5 7.25 4.36694e-45
9.5 7.3 1.75814e-45
9.5 7.35 6.93821e-46
9.5 7.4 2.68385e-46
9.5 7.45 1.01762e-46
9.5 7.5 3.78207e-47
9.5 7.55 1.37782e-47
9.5 7.6 4.92006e-48
9.5 7.65 1.72213e-48
9.5 7.7 5.90853e-49
9.5 7.75 1.98706e-49
9.5 7.8 6.55026e-50
9.5 7.85 2.11653e-50
9.5 7.9 6.7036e-51
9.5 7.95 2.08118e-51
9.5 8 6.33328e-52
9.5 8.05 1.88915e-52
9.5 8.1 5.52358e-53
9.5 8.15 1.58304e-53
9.5 8.2 4.44718e-54
9.5 8.25 1.2246e-54
9.5 8.3 3.30538e-55
9.5 8.35 8.74516e-56
9.5 8.4 2.26794e-56
9.5 8.45 5.76522e-57
9.5 8.5 1.43654e-57
9.5 8.55 3.50864e-58
9.5 8.6 8.39999e-59
9.5 8.65 1.97123e-59
9.5 8.7 4.53436e-60
9.5 8.75 1.02238e-60
9.5 8.8 2.25959e-61
9.5 8.85 4.89516e-62
9.5 8.9 1.0395e-62
9.5 8.95 2.16371e-63
9.5 9 4.41464e-64
9.5 9.05 8.82899e-65
9.5 9.1 1.7308e-65
9.5 9.15 3.32586e-66
9.5 9.2 6.26442e-67
9.5 9.25 1.15659e-67
9.5 9.3 2.09313e-68
9.5 9.35 3.7131e-69
9.5 9.4 6.45649e-70
9.5 9.45 1.10047e-70
9.5 9.5 1.83857e-71
9.5 9.55 3.01097e-72
9.5 9.6 4.83339e-73
9.5 9.65 7.60537e-74
9.5 9.7 1.17303e-74
9.5 9.75 1.77346e-75
9.5 9.8 2.62819e-76
9.5 9.85 3.81781e-77
9.5 9.9 5.43619e-78
9.5 9.95 7.49463e-79
9.5 10 0
9.55 0 0
9.55 0.05 1.22729e-79
9.55 0.1 8.90322e-79
9.55 0.15 6.25264e-78
9.55 0.2 4.3043e-77
9.55 0.25 2.90445e-76
9.55 0.3 1.92109e-75
9.55 0.35 1.24553e-74
9.55 0.4 7.91559e-74
9.55 0.45 4.93098e-73
9.55 0.5 3.01097e-72
9.55 0.55 1.80219e-71
9.55 0.6 1.05734e-70
9.55 0.65 6.08066e-70
9.55 0.7 3.42774e-69
9.55 0.75 1.89403e-68
9.55 0.8 1.02586e-67
9.55 0.85 5.44636e-67
9.55 0.9 2.8343e-66
9.55 0.95 1.4458e-65
9.55 1 7.22917e-65
9.55 1.05 3.54315e-64
9.55 1.1 1.7022e-63
9.55 1.15 8.01589e-63
9.55 1.2 3.70009e-62
9.55 1.25 1.67414e-61
9.55 1.3 7.42493e-61
9.55 1.35 3.22783e-60
9.55 1.4 1.37546e-59
9.55 1.45 5.74522e-59
9.55 1.5 2.35225e-58
9.55 1.55 9.44015e-58
9.55 1.6 3.71358e-57
9.55 1.65 1.43194e-56
9.55 1.7 5.41224e-56
9.55 1.75 2.00515e-55
9.55 1.8 7.28174e-55
9.55 1.85 2.59204e-54
9.55 1.9 9.04413e-54
9.55 1.95 3.09321e-53
9.55 2 1.03698e-52
9.55 2.05 3.40761e-52
9.55 2.1 1.0976e-51
9.55 2.15 3.46546e-51
9.55 2.2 1.07249e-50
9.55 2.25 3.25344e-50
9.55 2.3 9.67407e-50
9.55 2.35 2.81964e-49
9.55 2.4 8.05557e-49
9.55 2.45 2.25588e-48
9.55 2.5 6.1923e-48
9.55 2.55 1.66612e-47
9.55 2.6 4.39417e-47
9.55 2.65 1.13596e-46
9.55 2.7 2.87852e-46
9.55 2.75 7.14975e-46
9.55 2.8 1.74072e-45
9.55 2.85 4.15418e-45
9.55 2.9 9.71755e-45
9.55 2.95 2.22816e-44
9.55 3 5.00785e-44
9.55 3.05 1.10325e-43
9.55 3.1 2.38238e-43
9.55 3.15 5.04274e-43
9.55 3.2 1.04626e-42
9.55 3.25 2.12777e-42
9.55 3.3 4.2416e-42
9.55 3.35 8.288e-42
9.55 3.4 1.5874e-41
9.55 3.45 2.98016e-41
9.55 3.5 5.48413e-41
9.55 3.55 9.8922e-41
9.55 3.6 1.74902e-40
9.55 3.65 3.03118e-40
9.55 3.7 5.14926e-40
9.55 3.75 8.5742e-40
9.55 3.8 1.39945e-39
9.55 3.85 2.23893e-39
9.55 3.9 3.51105e-39
9.55 3.95 5.39697e-39
9.55 4 8.13165e-39
9.55 4.05 1.20095e-38
9.55 4.1 1.73854e-38
9.55 4.15 2.46695e-38
9.55 4.2 3.43124e-38
9.55 4.25 4.67799e-38
9.55 4.3 6.25147e-38
9.55 4.35 8.18882e-38
9.55 4.4 1.05142e-37
9.55 4.45 1.32326e-37
9.55 4.5 1.63242e-37
9.55 4.55 1.97394e-37
9.55 4.6 2.33966e-37
9.55 4.65 2.71822e-37
9.55 4.7 3.09552e-37
9.55 4.75 3.45539e-37
9.55 4.8 3.78075e-37
9.55 4.85 4.05483e-37
9.55 4.9 4.26269e-37
9.55 4.95 4.39249e-37
9.55 5 4.43663e-37
9.55 5.05 4.39249e-37
9.55 5.1 4.26269e-37
9.55 5.15 4.05483e-37
9.55 5.2 3.78075e-37
9.55 5.25 3.45539e-37
9.55 5.3 3.09552e-37
9.55 5.35 2.71822e-37
9.55 5.4 2.33966e-37
9.55 5.45 1.97394e-37
9.55 5.5 1.63242e-37
9.55 5.55 1.32326e-37
9.55 5.6 1.05142e-37
9.55 5.65 8.18882e-38
9.55 5.7 6.25147e-38
9.55 5.75 4.67799e-38
9.55 5.8 3.43124e-38
9.55 5.85 2.46695e-38
9.55 5.9 1.73854e-38
9.55 5.95 1.20095e-38
9.55 6 8.13165e-39
9.55 6.05 5.39697e-39
9.55 6.1 3.51105e-39
9.55 6.15 2.23893e-39
9.55 6.2 1.39945e-39
9.55 6.25 8.5742e-40
9.55 6.3 5.14926e-40
9.55 6.35 3.03118e-40
9.55 6.4 1.74902e-40
9.55 6.45 9.8922e-41
9.55 6.5 5.48413e-41
9.55 6.55 2.98016e-41
9.55 6.6 1.5874e-41
9.55 6.65 8.288e-42
9.55 6.7 4.2416e-42
9.55 6.75 2.12777e-42
9.55 6.8 1.04626e-42
9.55 6.85 5.04274e-43
9.55 6.9 2.38238e-43
9.55 6.95 1.10325e-43
9.55 7 5.00785e-44
9.55 7.05 2.22816e-44
9.55 7.1 9.71755e-45
9.55 7.15 4.15418e-45
9.55 7.2 1.74072e-45
9.55 7.25 7.14975e-46
9.55 7.3 2.87852e-46
9.55 7.35 1.13596e-46
9.55 7.4 4.39417e-47
9.55 7.45 1.66612e-47
9.55 7.5 6.1923e-48
9.55 7.55 2.25588e-48
9.55 7.6 8.05557e-49
9.55 7.65 2.81964e-49
9.55 7.7 9.67407e-50
9.55 7.75 3.25344e-50
9.55 7.8 1.07249e-50
9.55 7.85 3.46546e-51
9.55 7.9 1.0976e-51
9.55 7.95 3.40761e-52
9.55 8 1.03698e-52
9.55 8.05 3.09321e-53
9.55 8.1 9.04413e-54
9.55 8.15 2.59204e-54
9.55 8.2 7.28174e-55
9.55 8.25 2.00515e-55
9.55 8.3 5.41224e-56
9.55 8.35 1.43194e-56
9.55 8.4 3.71358e-57
9.55 8.45 9.44015e-58
9.55 8.5 2.35225e-58
9.55 8.55 5.74522e-59
9.55 8.6 1.37546e-59
9.55 8.65 3.22783e-60
9.55 8.7 7.42493e-61
9.55 8.75 1.67414e-61
9.55 8.8 3.70009e-62
9.55 8.85 8.01589e-63
9.55 8.9 1.7022e-63
9.55 8.95 3.54315e-64
9.55 9 7.22917e-65
9.55 9.05 1.4458e-65
9.55 9.1 2.8343e-66
9.55 9.15 5.44636e-67
9.55 9.2 1.02586e-67
9.55 9.25 1.89403e-68
9.55 9.3 3.42774e-69
9.55 9.35 6.08066e-70
9.55 9.4 1.05734e-70
9.55 9.45 1.80219e-71
9.55 9.5 3.01097e-72
9.55 9.55 4.93098e-73
9.55 9.6 7.91559e-74
9.55 9.65 1.24553e-74
9.55 9.7 1.92109e-75
9.55 9.75 2.90445e-76
9.55 9.8 4.3043e-77
9.55 9.85 6.25264e-78
9.55 9.9 8.90322e-79
9.55 9.95 1.22729e-79
9.55 10 0
9.6 0 0
9.6 0.05 1.96999e-80
9.6 0.1 1.42929e-79
9.6 0.15 1.00377e-78
9.6 0.2 6.90987e-78
9.6 0.25 4.6626e-77
9.6 0.3 3.08396e-76
9.6 0.35 1.99945e-75
9.6 0.4 1.27068e-74
9.6 0.45 7.91559e-74
9.6 0.5 4.83339e-73
9.6 0.55 2.89296e-72
9.6 0.6 1.69728e-71
9.6 0.65 9.76084e-71
9.6 0.7 5.50226e-70
9.6 0.75 3.0403e-69
9.6 0.8 1.64669e-68
9.6 0.85 8.74238e-68
9.6 0.9 4.54953e-67
9.6 0.95 2.32073e-66
9.6 1 1.16039e-65
9.6 1.05 5.68723e-65
9.6 1.1 2.73224e-64
9.6 1.15 1.28664e-63
9.6 1.2 5.93902e-63
9.6 1.25 2.68715e-62
9.6 1.3 1.19176e-61
9.6 1.35 5.18091e-61
9.6 1.4 2.20771e-60
9.6 1.45 9.22138e-60
9.6 1.5 3.77546e-59
9.6 1.55 1.51517e-58
9.6 1.6 5.96039e-58
9.6 1.65 2.29829e-57
9.6 1.7 8.68668e-57
9.6 1.75 3.21826e-56
9.6 1.8 1.16871e-55
9.6 1.85 4.16017e-55
9.6 1.9 1.45156e-54
9.6 1.95 4.96449e-54
9.6 2 1.66431e-53
9.6 2.05 5.46902e-53
9.6 2.1 1.76159e-52
9.6 2.15 5.56182e-52
9.6 2.2 1.72126e-51
9.6 2.25 5.22149e-51
9.6 2.3 1.5526e-50
9.6 2.35 4.52525e-50
9.6 2.4 1.29283e-49
9.6 2.45 3.62043e-49
9.6 2.5 9.9379e-49
9.6 2.55 2.67391e-48
9.6 2.6 7.05206e-48
9.6 2.65 1.82306e-47
9.6 2.7 4.61961e-47
9.6 2.75 1.14743e-46
9.6 2.8 2.79359e-46
9.6 2.85 6.66678e-46
9.6 2.9 1.5595e-45
9.6 2.95 3.5758e-45
9.6 3 8.0367e-45
9.6 3.05 1.77051e-44
9.6 3.1 3.82327e-44
9.6 3.15 8.09261e-44
9.6 3.2 1.67903e-43
9.6 3.25 3.41464e-43
9.6 3.3 6.80688e-43
9.6 3.35 1.33005e-42
9.6 3.4 2.54743e-42
9.6 3.45 4.78249e-42
9.6 3.5 8.80079e-42
9.6 3.55 1.58747e-41
9.6 3.6 2.80676e-41
9.6 3.65 4.86432e-41
9.6 3.7 8.26332e-41
9.6 3.75 1.37595e-40
9.6 3.8 2.24578e-40
9.6 3.85 3.59292e-40
9.6 3.9 5.63435e-40
9.6 3.95 8.66075e-40
9.6 4 1.30492e-39
9.6 4.05 1.9272e-39
9.6 4.1 2.78989e-39
9.6 4.15 3.95879e-39
9.6 4.2 5.50623e-39
9.6 4.25 7.50691e-39
9.6 4.3 1.00319e-38
9.6 4.35 1.31408e-38
9.6 4.4 1.68724e-38
9.6 4.45 2.12347e-38
9.6 4.5 2.61959e-38
9.6 4.55 3.16763e-38
9.6 4.6 3.75449e-38
9.6 4.65 4.36198e-38
9.6 4.7 4.96743e-38
9.6 4.75 5.54493e-38
9.6 4.8 6.06703e-38
9.6 4.85 6.50686e-38
9.6 4.9 6.84041e-38
9.6 4.95 7.04869e-38
9.6 5 7.11952e-38
9.6 5.05 7.04869e-38
9.6 5.1 6.84041e-38
9.6 5.15 6.50686e-38
9.6 5.2 6.06703e-38
9.6 5.25 5.54493e-38
9.6 5.3 4.96743e-38
9.6 5.35 4.36198e-38
9.6 5.4 3.75449e-38
9.6 5.45 3.16763e-38
9.6 5.5 2.61959e-38
9.6 5.55 2.12347e-38
9.6 5.6 1.68724e-38
9.6 5.65 1.31408e-38
9.6 5.7 1.00319e-38
9.6 5.75 7.50691e-39
9.6 5.8 5.50623e-39
9.6 5.85 3.95879e-39
9.6 5.9 2.78989e-39
9.6 5.95 1.9272e-39
9.6 6 1.30492e-39
9.6 6.05 8.66075e-40
9.6 6.1 5.63435e-40
9.6 6.15 3.59292e-40
9.6 6.2 2.24578e-40
9.6 6.25 1.37595e-40
9.6 6.3 8.26332e-41
9.6 6.35 4.86432e-41
9.6 6.4 2.80676e-41
9.6 6.45 1.58747e-41
9.6 6.5 8.80079e-42
9.6 6.55 4.78249e-42
9.6 6.6 2.54743e-42
9.6 6.65 1.33005e-42
9.6 6.7 6.80688e-43
9.6 6.75 3.41464e-43
9.6 6.8 1.67903e-43
9.6 6.85 8.09261e-44
9.6 6.9 3.82327e-44
9.6 6.95 1.77051e-44
9.6 7 8.0367e-45
9.6 7.05 3.5758e-45
9.6 7.1 1.5595e-45
9.6 7.15 6.66678e-46
9.6 7.2 2.79359e-46
9.6 7.25 1.14743e-46
9.6 7.3 4.61961e-47
9.6 7.35 1.82306e-47
9.6 7.4 7.05206e-48
9.6 7.45 2.67391e-48
9.6 7.5 9.9379e-49
9.6 7.55 3.62043e-49
9.6 7.6 1.29283e-49
9.6 7.65 4.52525e-50
9.6 7.7 1.5526e-50
9.6 7.75 5.22149e-51
9.6 7.8 1.72126e-51
9.6 7.85 5.56182e-52
9.6 7.9 1.76159e-52
9.6 7.95 5.46902e-53
9.6 8 1.66431e-53
9.6 8.05 4.96449e-54
9.6 8.1 1.45156e-54
9.6 8.15 4.16017e-55
9.6 8.2 1.16871e-55
9.6 8.25 3.21826e-56
9.6 8.3 8.68668e-57
9.6 8.35 2.29829e-57
9.6 8.4 5.96039e-58
9.6 8.45 1.51517e-58
9.6 8.5 3.77546e-59
9.6 8.55 9.22138e-60
9.6 8.6 2.20771e-60
9.6 8.65 5.18091e-61
9.6 8.7 1.19176e-61
9.6 8.75 2.68715e-62
9.6 8.8 5.93902e-63
9.6 8.85 1.28664e-63
9.6 8.9 2.73224e-64
9.6 8.95 5.68723e-65
9.6 9 1.16039e-65
9.6 9.05 2.32073e-66
9.6 9.1 4.54953e-67
9.6 9.15 8.74238e-68
9.6 9.2 1.64669e-68
9.6 9.25 3.0403e-69
9.6 9.3 5.50226e-70
9.6 9.35 9.76084e-71
9.6 9.4 1.69728e-71
9.6 9.45 2.89296e-72
9.6 9.5 4.83339e-73
9.6 9.55 7.91559e-74
9.6 9.6 1.27068e-74
9.6 9.65 1.99945e-75
9.6 9.7 3.08396e-76
9.6 9.75 4.6626e-77
9.6 9.8 6.90987e-78
9.6 9.85 1.00377e-78
9.6 9.9 1.42929e-79
9.6 9.95 1.96999e-80
9.6 10 0
9.65 0 0
9.65 0.05 3.09957e-81
9.65 0.1 2.24915e-80
9.65 0.15 1.57953e-79
9.65 0.2 1.08732e-78
9.65 0.25 7.33692e-78
9.65 0.3 4.85278e-77
9.65 0.35 3.14623e-76
9.65 0.4 1.99945e-75
9.65 0.45 1.24553e-74
9.65 0.5 7.60537e-74
9.65 0.55 4.55205e-73
9.65 0.6 2.67064e-72
9.65 0.65 1.53584e-71
9.65 0.7 8.65757e-71
9.65 0.75 4.78375e-70
9.65 0.8 2.59096e-69
9.65 0.85 1.37554e-68
9.65 0.9 7.15828e-68
9.65 0.95 3.65143e-67
9.65 1 1.82574e-66
9.65 1.05 8.94816e-66
9.65 1.1 4.29882e-65
9.65 1.15 2.02434e-64
9.65 1.2 9.34413e-64
9.65 1.25 4.22779e-63
9.65 1.3 1.87503e-62
9.65 1.35 8.1512e-62
9.65 1.4 3.4734e-61
9.65 1.45 1.4508e-60
9.65 1.5 5.93988e-60
9.65 1.55 2.38379e-59
9.65 1.6 9.37728e-59
9.65 1.65 3.6158e-58
9.65 1.7 1.36663e-57
9.65 1.75 5.0631e-57
9.65 1.8 1.83865e-56
9.65 1.85 6.54488e-56
9.65 1.9 2.28361e-55
9.65 1.95 7.81017e-55
9.65 2 2.61828e-54
9.65 2.05 8.60382e-54
9.65 2.1 2.7713e-53
9.65 2.15 8.74971e-53
9.65 2.2 2.70783e-52
9.65 2.25 8.21424e-52
9.65 2.3 2.44248e-51
9.65 2.35 7.11887e-51
9.65 2.4 2.03381e-50
9.65 2.45 5.69541e-50
9.65 2.5 1.56336e-49
9.65 2.55 4.20638e-49
9.65 2.6 1.10937e-48
9.65 2.65 2.86787e-48
9.65 2.7 7.2671e-48
9.65 2.75 1.80501e-47
9.65 2.8 4.39456e-47
9.65 2.85 1.04874e-46
9.65 2.9 2.45322e-46
9.65 2.95 5.62499e-46
9.65 3 1.26423e-45
9.65 3.05 2.78512e-45
9.65 3.1 6.01422e-45
9.65 3.15 1.27301e-44
9.65 3.2 2.64119e-44
9.65 3.25 5.37137e-44
9.65 3.3 1.07075e-43
9.65 3.35 2.09221e-43
9.65 3.4 4.00718e-43
9.65 3.45 7.52297e-43
9.65 3.5 1.38438e-42
9.65 3.55 2.49712e-42
9.65 3.6 4.41508e-42
9.65 3.65 7.65162e-42
9.65 3.7 1.29982e-41
9.65 3.75 2.16437e-41
9.65 3.8 3.53261e-41
9.65 3.85 5.65165e-41
9.65 3.9 8.86279e-41
9.65 3.95 1.36233e-40
9.65 4 2.05262e-40
9.65 4.05 3.03146e-40
9.65 4.1 4.38845e-40
9.65 4.15 6.2271e-40
9.65 4.2 8.66117e-40
9.65 4.25 1.18082e-39
9.65 4.3 1.57799e-39
9.65 4.35 2.06702e-39
9.65 4.4 2.65398e-39
9.65 4.45 3.34016e-39
9.65 4.5 4.12052e-39
9.65 4.55 4.98257e-39
9.65 4.6 5.90569e-39
9.65 4.65 6.86124e-39
9.65 4.7 7.8136e-39
9.65 4.75 8.72197e-39
9.65 4.8 9.5432e-39
9.65 4.85 1.0235e-38
9.65 4.9 1.07597e-38
9.65 4.95 1.10873e-38
9.65 5 1.11987e-38
9.65 5.05 1.10873e-38
9.65 5.1 1.07597e-38
9.65 5.15 1.0235e-38
9.65 5.2 9.5432e-39
9.65 5.25 8.72197e-39
9.65 5.3 7.8136e-39
9.65 5.35 6.86124e-39
9.65 5.4 5.90569e-39
9.65 5.45 4.98257e-39
9.65 5.5 4.12052e-39
9.65 5.55 3.34016e-39
9.65 5.6 2.65398e-39
9.65 5.65 2.06702e-39
9.65 5.7 1.57799e-39
9.65 5.75 1.18082e-39
9.65 5.8 8.66117e-40
9.65 5.85 6.2271e-40
9.65 5.9 4.38845e-40
9.65 5.95 3.03146e-40
9.65 6 2.05262e-40
9.65 6.05 1.36233e-40
9.65 6.1 8.86279e-41
9.65 6.15 5.65165e-41
9.65 6.2 3.53261e-41
9.65 6.25 2.16437e-41
9.65 6.3 1.29982e-41
9.65 6.35 7.65162e-42
9.65 6.4 4.41508e-42
9.65 6.45 2.49712e-42
9.65 6.5 1.38438e-42
9.65 6.55 7.52297e-43
9.65 6.6 4.00718e-43
9.65 6.65 2.09221e-43
9.65 6.7 1.07075e-43
9.65 6.75 5.37137e-44
9.65 6.8 2.64119e-44
9.65 6.85 1.27301e-44
9.65 6.9 6.01422e-45
9.65 6.95 2.78512e-45
9.65 7 1.26423e-45
9.65 7.05 5.62499e-46
9.65 7.1 2.45322e-46
9.65 7.15 1.04874e-46
9.65 7.2 4.39456e-47
9.65 7.25 1.80501e-47
9.65 7.3 7.2671e-48
9.65 7.35 2.86787e-48
9.65 7.4 1.10937e-48
9.65 7.45 4.20638e-49
9.65 7.5 1.56336e-49
9.65 7.55 5.69541e-50
9.65 7.6 2.03381e-50
9.65 7.65 7.11887e-51
9.65 7.7 2.44248e-51
9.65 7.75 8.21424e-52
9.65 7.8 2.70783e-52
9.65 7.85 8.74971e-53
9.65 7.9 2.7713e-53
9.65 7.95 8.60382e-54
9.65 8 2.61828e-54
9.65 8.05 7.81017e-55
9.65 8.1 2.28361e-55
9.65 8.15 6.54488e-56
9.65 8.2 1.83865e-56
9.65 8.25 5.0631e-57
9.65 8.3 1.36663e-57
9.65 8.35 3.6158e-58
9.65 8.4 9.37728e-59
9.65 8.45 2.38379e-59
9.65 8.5 5.93988e-60
9.65 8.55 1.4508e-60
9.65 8.6 3.4734e-61
9.65 8.65 8.1512e-62
9.65 8.7 1.87503e-62
9.65 8.75 4.22779e-63
9.65 8.8 9.34413e-64
9.65 8.85 2.02434e-64
9.65 8.9 4.29882e-65
9.65 8.95 8.94816e-66
9.65 9 1.82574e-66
9.65 9.05 3.65143e-67
9.65 9.1 7.15828e-68
9.65 9.15 1.37554e-68
9.65 9.2 2.59096e-69
9.65 9.25 4.78375e-70
9.65 9.3 8.65757e-71
9.65 9.35 1.53584e-71
9.65 9.4 2.67064e-72
9.65 9.45 4.55205e-73
9.65 9.5 7.60537e-74
9.65 9.55 1.24553e-74
9.65 9.6 1.99945e-75
9.65 9.65 3.14623e-76
9.65 9.7 4.85278e-77
9.65 9.75 7.33692e-78
9.65 9.8 1.08732e-78
9.65 9.85 1.57953e-79
9.65 9.9 2.24915e-80
9.65 9.95 3.09957e-81
9.65 10 0
9.7 0 0
9.7 0.05 4.78038e-82
9.7 0.1 3.46926e-81
9.7 0.15 2.43637e-80
9.7 0.2 1.67715e-79
9.7 0.25 1.13167e-78
9.7 0.3 7.48505e-78
9.7 0.35 4.85278e-77
9.7 0.4 3.08396e-76
9.7 0.45 1.92109e-75
9.7 0.5 1.17303e-74
9.7 0.55 7.02091e-74
9.7 0.6 4.11907e-73
9.7 0.65 2.36878e-72
9.7 0.7 1.33528e-71
9.7 0.75 7.37805e-71
9.7 0.8 3.99605e-70
9.7 0.85 2.12149e-69
9.7 0.9 1.10401e-68
9.7 0.95 5.6315e-68
9.7 1 2.81576e-67
9.7 1.05 1.38003e-66
9.7 1.1 6.6298e-66
9.7 1.15 3.122e-65
9.7 1.2 1.44107e-64
9.7 1.25 6.52013e-64
9.7 1.3 2.89166e-63
9.7 1.35 1.25707e-62
9.7 1.4 5.35659e-62
9.7 1.45 2.23737e-61
9.7 1.5 9.16024e-61
9.7 1.55 3.67616e-60
9.7 1.6 1.44611e-59
9.7 1.65 5.57604e-59
9.7 1.7 2.10751e-58
9.7 1.75 7.80787e-58
9.7 1.8 2.8354e-57
9.7 1.85 1.00928e-56
9.7 1.9 3.52153e-56
9.7 1.95 1.20439e-55
9.7 2 4.03758e-55
9.7 2.05 1.32676e-54
9.7 2.1 4.2735e-54
9.7 2.15 1.34925e-53
9.7 2.2 4.17559e-53
9.7 2.25 1.26666e-52
9.7 2.3 3.76637e-52
9.7 2.35 1.09774e-51
9.7 2.4 3.13615e-51
9.7 2.45 8.78236e-51
9.7 2.5 2.41069e-50
9.7 2.55 6.4862e-50
9.7 2.6 1.71063e-49
9.7 2.65 4.4222e-49
9.7 2.7 1.12057e-48
9.7 2.75 2.78327e-48
9.7 2.8 6.77624e-48
9.7 2.85 1.61711e-47
9.7 2.9 3.78274e-47
9.7 2.95 8.67343e-47
9.7 3 1.94936e-46
9.7 3.05 4.29447e-46
9.7 3.1 9.2735e-46
9.7 3.15 1.96288e-45
9.7 3.2 4.07251e-45
9.7 3.25 8.2822e-45
9.7 3.3 1.651e-44
9.7 3.35 3.22599e-44
9.7 3.4 6.17868e-44
9.7 3.45 1.15997e-43
9.7 3.5 2.13457e-43
9.7 3.55 3.85028e-43
9.7 3.6 6.80755e-43
9.7 3.65 1.17979e-42
9.7 3.7 2.00417e-42
9.7 3.75 3.3372e-42
9.7 3.8 5.44684e-42
9.7 3.85 8.71411e-42
9.7 3.9 1.36652e-41
9.7 3.95 2.10053e-41
9.7 4 3.16486e-41
9.7 4.05 4.67409e-41
9.7 4.1 6.76636e-41
9.7 4.15 9.60129e-41
9.7 4.2 1.33543e-40
9.7 4.25 1.82065e-40
9.7 4.3 2.43303e-40
9.7 4.35 3.18702e-40
9.7 4.4 4.09203e-40
9.7 4.45 5.15001e-40
9.7 4.5 6.3532e-40
9.7 4.55 7.68234e-40
9.7 4.6 9.10563e-40
9.7 4.65 1.05789e-39
9.7 4.7 1.20473e-39
9.7 4.75 1.34479e-39
9.7 4.8 1.47141e-39
9.7 4.85 1.57808e-39
9.7 4.9 1.65897e-39
9.7 4.95 1.70948e-39
9.7 5 1.72666e-39
9.7 5.05 1.70948e-39
9.7 5.1 1.65897e-39
9.7 5.15 1.57808e-39
9.7 5.2 1.47141e-39
9.7 5.25 1.34479e-39
9.7 5.3 1.20473e-39
9.7 5.35 1.05789e-39
9.7 5.4 9.10563e-40
9.7 5.45 7.68234e-40
9.7 5.5 6.3532e-40
9.7 5.55 5.15001e-40
9.7 5.6 4.09203e-40
9.7 5.65 3.18702e-40
9.7 5.7 2.43303e-40
9.7 5.75 1.82065e-40
9.7 5.8 1.33543e-40
9.7 5.85 9.60129e-41
9.7 5.9 6.76636e-41
9.7 5.95 4.67409e-41
9.7 6 3.16486e-41
9.7 6.05 2.10053e-41
9.7 6.1 1.36652e-41
9.7 6.15 8.71411e-42
9.7 6.2 5.44684e-42
9.7 6.25 3.3372e-42
9.7 6.3 2.00417e-42
9.7 6.35 1.17979e-42
9.7 6.4 6.80755e-43
9.7 6.45 3.85028e-43
9.7 6.5 2.13457e-43
9.7 6.55 1.15997e-43
9.7 6.6 6.17868e-44
9.7 6.65 3.22599e-44
9.7 6.7 1.651e-44
9.7 6.75 8.2822e-45
9.7 6.8 4.07251e-45
9.7 6.85 1.96288e-45
9.7 6.9 9.2735e-46
9.7 6.95 4.29447e-46
9.7 7 1.94936e-46
9.7 7.05 8.67343e-47
9.7 7.1 3.78274e-47
9.7 7.15 1.61711e-47
9.7 7.2 6.77624e-48
9.7 7.25 2.78327e-48
9.7 7.3 1.12057e-48
9.7 7.35 4.4222e-49
9.7 7.4 1.71063e-49
9.7 7.45 6.4862e-50
9.7 7.5 2.41069e-50
9.7 7.55 8.78236e-51
9.7 7.6 3.13615e-51
9.7 7.65 1.09774e-51
9.7 7.7 3.76637e-52
9.7 7.75 1.26666e-52
9.7 7.8 4.17559e-53
9.7 7.85 1.34925e-53
9.7 7.9 4.2735e-54
9.7 7.95 1.32676e-54
9.7 8 4.03758e-55
9.7 8.05 1.20439e-55
9.7 8.1 3.52153e-56
9.7 8.15 1.00928e-56
9.7 8.2 2.8354e-57
9.7 8.25 7.80787e-58
9.7 8.3 2.10751e-58
9.7 8.35 5.57604e-59
9.7 8.4 1.44611e-59
9.7 8.45 3.67616e-60
9.7 8.5 9.16024e-61
9.7 8.55 2.23737e-61
9.7 8.6 5.35659e-62
9.7 8.65 1.25707e-62
9.7 8.7 2.89166e-63
9.7 8.75 6.52013e-64
9.7 8.8 1.44107e-64
9.7 8.85 3.122e-65
9.7 8.9 6.6298e-66
9.7 8.95 1.38003e-66
9.7 9 2.81576e-67
9.7 9.05 5.6315e-68
9.7 9.1 1.10401e-68
9.7 9.15 2.12149e-69
9.7 9.2 3.99605e-70
9.7 9.25 7.37805e-71
9.7 9.3 1.33528e-71
9.7 9.35 2.36878e-72
9.7 9.4 4.11907e-73
9.7 9.45 7.02091e-74
9.7 9.5 1.17303e-74
9.7 9.55 1.92109e-75
9.7 9.6 3.08396e-76
9.7 9.65 4.85278e-77
9.7 9.7 7.48505e-78
9.7 9.75 1.13167e-78
9.7 9.8 1.67715e-79
9.7 9.85 2.43637e-80
9.7 9.9 3.46926e-81
9.7 9.95 4.78038e-82
9.7 10 0
9.75 0 0
9.75 0.05 7.22677e-83
9.75 0.1 5.2454e-82
9.75 0.15 3.68367e-81
9.75 0.2 2.53574e-80
9.75 0.25 1.71101e-79
9.75 0.3 1.13167e-78
9.75 0.35 7.33692e-78
9.75 0.4 4.6626e-77
9.75 0.45 2.90445e-76
9.75 0.5 1.77346e-75
9.75 0.55 1.06146e-74
9.75 0.6 6.22736e-74
9.75 0.65 3.58119e-73
9.75 0.7 2.0187e-72
9.75 0.75 1.11542e-71
9.75 0.8 6.0412e-71
9.75 0.85 3.20723e-70
9.75 0.9 1.66901e-69
9.75 0.95 8.51347e-69
9.75 1 4.25672e-68
9.75 1.05 2.08624e-67
9.75 1.1 1.00224e-66
9.75 1.15 4.71958e-66
9.75 1.2 2.17847e-65
9.75 1.25 9.85646e-65
9.75 1.3 4.37129e-64
9.75 1.35 1.90028e-63
9.75 1.4 8.09738e-63
9.75 1.45 3.38214e-62
9.75 1.5 1.38471e-61
9.75 1.55 5.55702e-61
9.75 1.6 2.18598e-60
9.75 1.65 8.42886e-60
9.75 1.7 3.18574e-59
9.75 1.75 1.18024e-58
9.75 1.8 4.28597e-58
9.75 1.85 1.52562e-57
9.75 1.9 5.32306e-57
9.75 1.95 1.82052e-56
9.75 2 6.10305e-56
9.75 2.05 2.00547e-55
9.75 2.1 6.45959e-55
9.75 2.15 2.03944e-54
9.75 2.2 6.31153e-54
9.75 2.25 1.91459e-53
9.75 2.3 5.69292e-53
9.75 2.35 1.65925e-52
9.75 2.4 4.74031e-52
9.75 2.45 1.32745e-51
9.75 2.5 3.64374e-51
9.75 2.55 9.80378e-51
9.75 2.6 2.58558e-50
9.75 2.65 6.68403e-50
9.75 2.7 1.6937e-49
9.75 2.75 4.20679e-49
9.75 2.8 1.0242e-48
9.75 2.85 2.44417e-48
9.75 2.9 5.71739e-48
9.75 2.95 1.31093e-47
9.75 3 2.94632e-47
9.75 3.05 6.49077e-47
9.75 3.1 1.40162e-46
9.75 3.15 2.96673e-46
9.75 3.2 6.15523e-46
9.75 3.25 1.25178e-45
9.75 3.3 2.49532e-45
9.75 3.35 4.87575e-45
9.75 3.4 9.33842e-45
9.75 3.45 1.75316e-44
9.75 3.5 3.22616e-44
9.75 3.55 5.81925e-44
9.75 3.6 1.02888e-43
9.75 3.65 1.78311e-43
9.75 3.7 3.02905e-43
9.75 3.75 5.04373e-43
9.75 3.8 8.23216e-43
9.75 3.85 1.31702e-42
9.75 3.9 2.06531e-42
9.75 3.95 3.17464e-42
9.75 4 4.78322e-42
9.75 4.05 7.06419e-42
9.75 4.1 1.02263e-41
9.75 4.15 1.45109e-41
9.75 4.2 2.01829e-41
9.75 4.25 2.75162e-41
9.75 4.3 3.67714e-41
9.75 4.35 4.81667e-41
9.75 4.4 6.18443e-41
9.75 4.45 7.78339e-41
9.75 4.5 9.60181e-41
9.75 4.55 1.16106e-40
9.75 4.6 1.37616e-40
9.75 4.65 1.59883e-40
9.75 4.7 1.82075e-40
9.75 4.75 2.03242e-40
9.75 4.8 2.22378e-40
9.75 4.85 2.38499e-40
9.75 4.9 2.50725e-40
9.75 4.95 2.58359e-40
9.75 5 2.60955e-40
9.75 5.05 2.58359e-40
9.75 5.1 2.50725e-40
9.75 5.15 2.38499e-40
9.75 5.2 2.22378e-40
9.75 5.25 2.03242e-40
9.75 5.3 1.82075e-40
9.75 5.35 1.59883e-40
9.75 5.4 1.37616e-40
9.75 5.45 1.16106e-40
9.75 5.5 9.60181e-41
9.75 5.55 7.78339e-41
9.75 5.6 6.18443e-41
9.75 5.65 4.81667e-41
9.75 5.7 3.67714e-41
9.75 5.75 2.75162e-41
9.75 5.8 2.01829e-41
9.75 5.85 1.45109e-41
9.75 5.9 1.02263e-41
9.75 5.95 7.06419e-42
9.75 6 4.78322e-42
9.75 6.05 3.17464e-42
9.75 6.1 2.06531e-42
9.75 6.15 1.31702e-42
9.75 6.2 8.23216e-43
9.75 6.25 5.04373e-43
9.75 6.3 3.02905e-43
9.75 6.35 1.78311e-43
9.75 6.4 1.02888e-43
9.75 6.45 5.81925e-44
9.75 6.5 3.22616e-44
9.75 6.55 1.75316e-44
9.75 6.6 9.33842e-45
9.75 6.65 4.87575e-45
9.75 6.7 2.49532e-45
9.75 6.75 1.25178e-45
9.75 6.8 6.15523e-46
9.75 6.85 2.96673e-46
9.75 6.9 1.40162e-46
9.75 6.95 6.49077e-47
9.75 7 2.94632e-47
9.75 7.05 1.31093e-47
9.75 7.1 5.71739e-48
9.75 7.15 2.44417e-48
9.75 7.2 1.0242e-48
9.75 7.25 4.20679e-49
9.75 7.3 1.6937e-49
9.75 7.35 6.68403e-50
9.75 7.4 2.58558e-50
9.75 7.45 9.80378e-51
9.75 7.5 3.64374e-51
9.75 7.55 1.32745e-51
9.75 7.6 4.74031e-52
9.75 7.65 1.65925e-52
9.75 7.7 5.69292e-53
9.75 7.75 1.91459e-53
9.75 7.8 6.31153e-54
9.75 7.85 2.03944e-54
9.75 7.9 6.45959e-55
9.75 7.95 2.00547e-55
9.75 8 6.10305e-56
9.75 8.05 1.82052e-56
9.75 8.1 5.32306e-57
9.75 8.15 1.52562e-57
9.75 8.2 4.28597e-58
9.75 8.25 1.18024e-58
9.75 8.3 3.18574e-59
9.75 8.35 8.42886e-60
9.75 8.4 2.18598e-60
9.75 8.45 5.55702e-61
9.75 8.5 1.38471e-61
9.75 8.55 3.38214e-62
9.75 8.6 8.09738e-63
9.75 8.65 1.90028e-63
9.75 8.7 4.37129e-64
9.75 8.75 9.85646e-65
9.75 8.8 2.17847e-65
9.75 8.85 4.71958e-66
9.75 8.9 1.00224e-66
9.75 8.95 2.08624e-67
9.75 9 4.25672e-68
9.75 9.05 8.51347e-69
9.75 9.1 1.66901e-69
9.75 9.15 3.20723e-70
9.75 9.2 6.0412e-71
9.75 9.25 1.11542e-71
9.75 9.3 2.0187e-72
9.75 9.35 3.58119e-73
9.75 9.4 6.22736e-74
9.75 9.45 1.06146e-74
9.75 9.5 1.77346e-75
9.75 9.55 2.90445e-76
9.75 9.6 4.6626e-77
9.75 9.65 7.33692e-78
9.75 9.7 1.13167e-78
9.75 9.75 1.71101e-79
9.75 9.8 2.53574e-80
9.75 9.85 3.68367e-81
9.75 9.9 5.2454e-82
9.75 9.95 7.22677e-83
9.75 10 0
9.8 0 0
9.8 0.05 1.0709e-83
9.8 0.1 7.77398e-83
9.8 0.15 5.45935e-82
9.8 0.2 3.75804e-81
9.8 0.25 2.53574e-80
9.8 0.3 1.67715e-79
9.8 0.35 1.08732e-78
9.8 0.4 6.90987e-78
9.8 0.45 4.3043e-77
9.8 0.5 2.62819e-76
9.8 0.55 1.57302e-75
9.8 0.6 9.22851e-75
9.8 0.65 5.30703e-74
9.8 0.7 2.99152e-73
9.8 0.75 1.65293e-72
9.8 0.8 8.95236e-72
9.8 0.85 4.75271e-71
9.8 0.9 2.47324e-70
9.8 0.95 1.26157e-69
9.8 1 6.30778e-69
9.8 1.05 3.09145e-68
9.8 1.1 1.48515e-67
9.8 1.15 6.99351e-67
9.8 1.2 3.22806e-66
9.8 1.25 1.46052e-65
9.8 1.3 6.47728e-65
9.8 1.35 2.81577e-64
9.8 1.4 1.19984e-63
9.8 1.45 5.01148e-63
9.8 1.5 2.05177e-62
9.8 1.55 8.23402e-62
9.8 1.6 3.23901e-61
9.8 1.65 1.24892e-60
9.8 1.7 4.72033e-60
9.8 1.75 1.74876e-59
9.8 1.8 6.35047e-59
9.8 1.85 2.26048e-58
9.8 1.9 7.88703e-58
9.8 1.95 2.6974e-57
9.8 2 9.04262e-57
9.8 2.05 2.97141e-56
9.8 2.1 9.57079e-56
9.8 2.15 3.0217e-55
9.8 2.2 9.35132e-55
9.8 2.25 2.83669e-54
9.8 2.3 8.4347e-54
9.8 2.35 2.45835e-53
9.8 2.4 7.02322e-53
9.8 2.45 1.96674e-52
9.8 2.5 5.3985e-52
9.8 2.55 1.45251e-51
9.8 2.6 3.83071e-51
9.8 2.65 9.90282e-51
9.8 2.7 2.50931e-50
9.8 2.75 6.23259e-50
9.8 2.8 1.5174e-49
9.8 2.85 3.62115e-49
9.8 2.9 8.47052e-49
9.8 2.95 1.94219e-48
9.8 3 4.36505e-48
9.8 3.05 9.61621e-48
9.8 3.1 2.07652e-47
9.8 3.15 4.39525e-47
9.8 3.2 9.11902e-47
9.8 3.25 1.85451e-46
9.8 3.3 3.69681e-46
9.8 3.35 7.22339e-46
9.8 3.4 1.38348e-45
9.8 3.45 2.59728e-45
9.8 3.5 4.7795e-45
9.8 3.55 8.62108e-45
9.8 3.6 1.52426e-44
9.8 3.65 2.64162e-44
9.8 3.7 4.48744e-44
9.8 3.75 7.4721e-44
9.8 3.8 1.21956e-43
9.8 3.85 1.9511e-43
9.8 3.9 3.05966e-43
9.8 3.95 4.70308e-43
9.8 4 7.0861e-43
9.8 4.05 1.04652e-42
9.8 4.1 1.51497e-42
9.8 4.15 2.1497e-42
9.8 4.2 2.98997e-42
9.8 4.25 4.07635e-42
9.8 4.3 5.44744e-42
9.8 4.35 7.13558e-42
9.8 4.4 9.16182e-42
9.8 4.45 1.15306e-41
9.8 4.5 1.42244e-41
9.8 4.55 1.72002e-41
9.8 4.6 2.03869e-41
9.8 4.65 2.36855e-41
9.8 4.7 2.6973e-41
9.8 4.75 3.01087e-41
9.8 4.8 3.29436e-41
9.8 4.85 3.53318e-41
9.8 4.9 3.7143e-41
9.8 4.95 3.82739e-41
9.8 5 3.86585e-41
9.8 5.05 3.82739e-41
9.8 5.1 3.7143e-41
9.8 5.15 3.53318e-41
9.8 5.2 3.29436e-41
9.8 5.25 3.01087e-41
9.8 5.3 2.6973e-41
9.8 5.35 2.36855e-41
9.8 5.4 2.03869e-41
9.8 5.45 1.72002e-41
9.8 5.5 1.42244e-41
9.8 5.55 1.15306e-41
9.8 5.6 9.16182e-42
9.8 5.65 7.13558e-42
9.8 5.7 5.44744e-42
9.8 5.75 4.07635e-42
9.8 5.8 2.98997e-42
9.8 5.85 2.1497e-42
9.8 5.9 1.51497e-42
9.8 5.95 1.04652e-42
9.8 6 7.0861e-43
9.8 6.05 4.70308e-43
9.8 6.1 3.05966e-43
9.8 6.15 1.9511e-43
9.8 6.2 1.21956e-43
9.8 6.25 7.4721e-44
9.8 6.3 4.48744e-44
9.8 6.35 2.64162e-44
9.8 6.4 1.52426e-44
9.8 6.45 8.62108e-45
9.8 6.5 4.7795e-45
9.8 6.55 2.59728e-45
9.8 6.6 1.38348e-45
9.8 6.65 7.22339e-46
9.8 6.7 3.69681e-46
9.8 6.75 1.85451e-46
9.8 6.8 9.11902e-47
9.8 6.85 4.39525e-47
9.8 6.9 2.07652e-47
9.8 6.95 9.61621e-48
9.8 7 4.36505e-48
9.8 7.05 1.94219e-48
9.8 7.1 8.47052e-49
9.8 7.15 3.62115e-49
9.8 7.2 1.5174e-49
9.8 7.25 6.23259e-50
9.8 7.3 2.50931e-50
9.8 7.35 9.90282e-51
9.8 7.4 3.83071e-51
9.8 7.45 1.45251e-51
9.8 7.5 5.3985e-52
9.8 7.55 1.96674e-52
9.8 7.6 7.02322e-53
9.8 7.65 2.45835e-53
9.8 7.7 8.4347e-54
9.8 7.75 2.83669e-54
9.8 7.8 9.35132e-55
9.8 7.85 3.0217e-55
9.8 7.9 9.57079e-56
9.8 7.95 2.97141e-56
9.8 8 9.04262e-57
9.8 8.05 2.6974e-57
9.8 8.1 7.88703e-58
9.8 8.15 2.26048e-58
9.8 8.2 6.35047e-59
9.8 8.25 1.74876e-59
9.8 8.3 4.72033e-60
9.8 8.35 1.24892e-60
9.8 8.4 3.23901e-61
9.8 8.45 8.23402e-62
9.8 8.5 2.05177e-62
9.8 8.55 5.01148e-63
9.8 8.6 1.19984e-63
9.8 8.65 2.81577e-64
9.8 8.7 6.47728e-65
9.8 8.75 1.46052e-65
9.8 8.8 3.22806e-66
9.8 8.85 6.99351e-67
9.8 8.9 1.48515e-67
9.8 8.95 3.09145e-68
9.8 9 6.30778e-69
9.8 9.05 1.26157e-69
9.8 9.1 2.47324e-70
9.8 9.15 4.75271e-71
9.8 9.2 8.95236e-72
9.8 9.25 1.65293e-72
9.8 9.3 2.99152e-73
9.8 9.35 5.30703e-74
9.8 9.4 9.22851e-75
9.8 9.45 1.57302e-75
9.8 9.5 2.62819e-76
9.8 9.55 4.3043e-77
9.8 9.6 6.90987e-78
9.8 9.65 1.08732e-78
9.8 9.7 1.67715e-79
9.8 9.75 2.53574e-80
9.8 9.8 3.75804e-81
9.8 9.85 5.45935e-82
9.8 9.9 7.77398e-83
9.8 9.95 1.0709e-83
9.8 10 0
9.85 0 0
9.85 0.05 1.55552e-84
9.85 0.1 1.12936e-83
9.85 0.15 7.93093e-83
9.85 0.2 5.45935e-82
9.85 0.25 3.68367e-81
9.85 0.3 2.43637e-80
9.85 0.35 1.57953e-79
9.85 0.4 1.00377e-78
9.85 0.45 6.25264e-78
9.85 0.5 3.81781e-77
9.85 0.55 2.28501e-76
9.85 0.6 1.34055e-75
9.85 0.65 7.709e-75
9.85 0.7 4.34546e-74
9.85 0.75 2.40101e-73
9.85 0.8 1.30039e-72
9.85 0.85 6.90358e-72
9.85 0.9 3.59249e-71
9.85 0.95 1.83247e-70
9.85 1 9.16221e-70
9.85 1.05 4.49038e-69
9.85 1.1 2.15718e-68
9.85 1.15 1.0158e-67
9.85 1.2 4.6887e-67
9.85 1.25 2.12137e-66
9.85 1.3 9.40802e-66
9.85 1.35 4.08978e-65
9.85 1.4 1.7427e-64
9.85 1.45 7.27886e-64
9.85 1.5 2.98005e-63
9.85 1.55 1.19592e-62
9.85 1.6 4.70437e-62
9.85 1.65 1.81392e-61
9.85 1.7 6.85576e-61
9.85 1.75 2.53986e-60
9.85 1.8 9.22325e-60
9.85 1.85 3.28304e-59
9.85 1.9 1.14548e-58
9.85 1.95 3.91756e-58
9.85 2 1.3133e-57
9.85 2.05 4.31547e-57
9.85 2.1 1.38999e-56
9.85 2.15 4.38847e-56
9.85 2.2 1.3581e-55
9.85 2.25 4.11974e-55
9.85 2.3 1.22497e-54
9.85 2.35 3.57024e-54
9.85 2.4 1.01997e-53
9.85 2.45 2.85625e-53
9.85 2.5 7.84009e-53
9.85 2.55 2.10942e-52
9.85 2.6 5.56319e-52
9.85 2.65 1.43814e-51
9.85 2.7 3.64414e-51
9.85 2.75 9.05121e-51
9.85 2.8 2.20361e-50
9.85 2.85 5.25873e-50
9.85 2.9 1.23011e-49
9.85 2.95 2.82048e-49
9.85 3 6.33898e-49
9.85 3.05 1.39647e-48
9.85 3.1 3.01552e-48
9.85 3.15 6.38277e-48
9.85 3.2 1.32426e-47
9.85 3.25 2.6931e-47
9.85 3.3 5.36845e-47
9.85 3.35 1.04897e-46
9.85 3.4 2.00905e-46
9.85 3.45 3.7717e-46
9.85 3.5 6.94063e-46
9.85 3.55 1.25192e-45
9.85 3.6 2.21346e-45
9.85 3.65 3.83604e-45
9.85 3.7 6.51645e-45
9.85 3.75 1.08506e-44
9.85 3.8 1.77098e-44
9.85 3.85 2.83329e-44
9.85 3.9 4.44306e-44
9.85 3.95 6.82953e-44
9.85 4 1.029e-43
9.85 4.05 1.51969e-43
9.85 4.1 2.19994e-43
9.85 4.15 3.12165e-43
9.85 4.2 4.34182e-43
9.85 4.25 5.91938e-43
9.85 4.3 7.91036e-43
9.85 4.35 1.03617e-42
9.85 4.4 1.33041e-42
9.85 4.45 1.67437e-42
9.85 4.5 2.06555e-42
9.85 4.55 2.49767e-42
9.85 4.6 2.96041e-42
9.85 4.65 3.4394e-42
9.85 4.7 3.91679e-42
9.85 4.75 4.37213e-42
9.85 4.8 4.78379e-42
9.85 4.85 5.13058e-42
9.85 4.9 5.39358e-42
9.85 4.95 5.5578e-42
9.85 5 5.61365e-42
9.85 5.05 5.5578e-42
9.85 5.1 5.39358e-42
9.85 5.15 5.13058e-42
9.85 5.2 4.78379e-42
9.85 5.25 4.37213e-42
9.85 5.3 3.91679e-42
9.85 5.35 3.4394e-42
9.85 5.4 2.96041e-42
9.85 5.45 2.49767e-42
9.85 5.5 2.06555e-42
9.85 5.55 1.67437e-42
9.85 5.6 1.33041e-42
9.85 5.65 1.03617e-42
9.85 5.7 7.91036e-43
9.85 5.75 5.91938e-43
9.85 5.8 4.34182e-43
9.85 5.85 3.12165e-43
9.85 5.9 2.19994e-43
9.85 5.95 1.51969e-43
9.85 6 1.029e-43
9.85 6.05 6.82953e-44
9.85 6.1 4.44306e-44
9.85 6.15 2.83329e-44
9.85 6.2 1.77098e-44
9.85 6.25 1.08506e-44
9.85 6.3 6.51645e-45
9.85 6.35 3.83604e-45
9.85 6.4 2.21346e-45
9.85 6.45 1.25192e-45
9.85 6.5 6.94063e-46
9.85 6.55 3.7717e-46
9.85 6.6 2.00905e-46
9.85 6.65 1.04897e-46
9.85 6.7 5.36845e-47
9.85 6.75 2.6931e-47
9.85 6.8 1.32426e-47
9.85 6.85 6.38277e-48
9.85 6.9 3.01552e-48
9.85 6.95 1.39647e-48
9.85 7 6.33898e-49
9.85 7.05 2.82048e-49
9.85 7.1 1.23011e-49
9.85 7.15 5.25873e-50
9.85 7.2 2.20361e-50
9.85 7.25 9.05121e-51
9.85 7.3 3.64414e-51
9.85 7.35 1.43814e-51
9.85 7.4 5.56319e-52
9.85 7.45 2.10942e-52
9.85 7.5 7.84009e-53
9.85 7.55 2.85625e-53
9.85 7.6 1.01997e-53
9.85 7.65 3.57024e-54
9.85 7.7 1.22497e-54
9.85 7.75 4.11974e-55
9.85 7.8 1.3581e-55
9.85 7.85 4.38847e-56
9.85 7.9 1.38999e-56
9.85 7.95 4.31547e-57
9.85 8 1.3133e-57
9.85 8.05 3.91756e-58
9.85 8.1 1.14548e-58
9.85 8.15 3.28304e-59
9.85 8.2 9.22325e-60
9.85 8.25 2.53986e-60
9.85 8.3 6.85576e-61
9.85 8.35 1.81392e-61
9.85 8.4 4.70437e-62
9.85 8.45 1.19592e-62
9.85 8.5 2.98005e-63
9.85 8.55 7.27886e-64
9.85 8.6 1.7427e-64
9.85 8.65 4.08978e-65
9.85 8.7 9.40802e-66
9.85 8.75 2.12137e-66
9.85 8.8 4.6887e-67
9.85 8.85 1.0158e-67
9.85 8.9 2.15718e-68
9.85 8.95 4.49038e-69
9.85 9 9.16221e-70
9.85 9.05 1.83247e-70
9.85 9.1 3.59249e-71
9.85 9.15 6.90358e-72
9.85 9.2 1.30039e-72
9.85 9.25 2.40101e-73
9.85 9.3 4.34546e-74
9.85 9.35 7.709e-75
9.85 9.4 1.34055e-75
9.85 9.45 2.28501e-76
9.85 9.5 3.81781e-77
9.85 9.55 6.25264e-78
9.85 9.6 1.00377e-78
9.85 9.65 1.57953e-79
9.85 9.7 2.43637e-80
9.85 9.75 3.68367e-81
9.85 9.8 5.45935e-82
9.85 9.85 7.93093e-83
9.85 9.9 1.12936e-83
9.85 9.95 1.55552e-84
9.85 10 0
9.9 0 0
9.9 0.05 2.21475e-85
9.9 0.1 1.6082e-84
9.9 0.15 1.12936e-83
9.9 0.2 7.77398e-83
9.9 0.25 5.2454e-82
9.9 0.3 3.46926e-81
9.9 0.35 2.24915e-80
9.9 0.4 1.42929e-79
9.9 0.45 8.90322e-79
9.9 0.5 5.43619e-78
9.9 0.55 3.2536e-77
9.9 0.6 1.90878e-76
9.9 0.65 1.09766e-75
9.9 0.7 6.1873e-75
9.9 0.75 3.41867e-74
9.9 0.8 1.85154e-73
9.9 0.85 9.82947e-73
9.9 0.9 5.11503e-72
9.9 0.95 2.60908e-71
9.9 1 1.30451e-70
9.9 1.05 6.39331e-70
9.9 1.1 3.07133e-69
9.9 1.15 1.44626e-68
9.9 1.2 6.67553e-68
9.9 1.25 3.02027e-67
9.9 1.3 1.33945e-66
9.9 1.35 5.82271e-66
9.9 1.4 2.4811e-65
9.9 1.45 1.03629e-64
9.9 1.5 4.24267e-64
9.9 1.55 1.70261e-63
9.9 1.6 6.69749e-63
9.9 1.65 2.58242e-62
9.9 1.7 9.76025e-62
9.9 1.75 3.61587e-61
9.9 1.8 1.31306e-60
9.9 1.85 4.67384e-60
9.9 1.9 1.63073e-59
9.9 1.95 5.5771e-59
9.9 2 1.86962e-58
9.9 2.05 6.14351e-58
9.9 2.1 1.97878e-57
9.9 2.15 6.24737e-57
9.9 2.2 1.93337e-56
9.9 2.25 5.86475e-56
9.9 2.3 1.74382e-55
9.9 2.35 5.08244e-55
9.9 2.4 1.45198e-54
9.9 2.45 4.06599e-54
9.9 2.5 1.11607e-53
9.9 2.55 3.00283e-53
9.9 2.6 7.91934e-53
9.9 2.65 2.04722e-52
9.9 2.7 5.18748e-52
9.9 2.75 1.28845e-51
9.9 2.8 3.13685e-51
9.9 2.85 7.48579e-51
9.9 2.9 1.75105e-50
9.9 2.95 4.01492e-50
9.9 3 9.02342e-50
9.9 3.05 1.98785e-49
9.9 3.1 4.29251e-49
9.9 3.15 9.08566e-49
9.9 3.2 1.88503e-48
9.9 3.25 3.83351e-48
9.9 3.3 7.64173e-48
9.9 3.35 1.49315e-47
9.9 3.4 2.85977e-47
9.9 3.45 5.36879e-47
9.9 3.5 9.87955e-47
9.9 3.55 1.78203e-46
9.9 3.6 3.15071e-46
9.9 3.65 5.46033e-46
9.9 3.7 9.27566e-46
9.9 3.75 1.5445e-45
9.9 3.8 2.52085e-45
9.9 3.85 4.03294e-45
9.9 3.9 6.3243e-45
9.9 3.95 9.7212e-45
9.9 4 1.46468e-44
9.9 4.05 2.16313e-44
9.9 4.1 3.1314e-44
9.9 4.15 4.44335e-44
9.9 4.2 6.18013e-44
9.9 4.25 8.42561e-44
9.9 4.3 1.12596e-43
9.9 4.35 1.47488e-43
9.9 4.4 1.89369e-43
9.9 4.45 2.38328e-43
9.9 4.5 2.94008e-43
9.9 4.55 3.55515e-43
9.9 4.6 4.2138e-43
9.9 4.65 4.89559e-43
9.9 4.7 5.57509e-43
9.9 4.75 6.22321e-43
9.9 4.8 6.80915e-43
9.9 4.85 7.30277e-43
9.9 4.9 7.67711e-43
9.9 4.95 7.91087e-43
9.9 5 7.99036e-43
9.9 5.05 7.91087e-43
9.9 5.1 7.67711e-43
9.9 5.15 7.30277e-43
9.9 5.2 6.80915e-43
9.9 5.25 6.22321e-43
9.9 5.3 5.57509e-43
9.9 5.35 4.89559e-43
9.9 5.4 4.2138e-43
9.9 5.45 3.55515e-43
9.9 5.5 2.94008e-43
9.9 5.55 2.38328e-43
9.9 5.6 1.89369e-43
9.9 5.65 1.47488e-43
9.9 5.7 1.12596e-43
9.9 5.75 8.42561e-44
9.9 5.8 6.18013e-44
9.9 5.85 4.44335e-44
9.9 5.9 3.1314e-44
9.9 5.95 2.16313e-44
9.9 6 1.46468e-44
9.9 6.05 9.7212e-45
9.9 6.1 6.3243e-45
9.9 6.15 4.03294e-45
9.9 6.2 2.52085e-45
9.9 6.25 1.5445e-45
9.9 6.3 9.27566e-46
9.9 6.35 5.46033e-46
9.9 6.4 3.15071e-46
9.9 6.45 1.78203e-46
9.9 6.5 9.87955e-47
9.9 6.55 5.36879e-47
9.9 6.6 2.85977e-47
9.9 6.65 1.49315e-47
9.9 6.7 7.64173e-48
9.9 6.75 3.83351e-48
9.9 6.8 1.88503e-48
9.9 6.85 9.08566e-49
9.9 6.9 4.29251e-49
9.9 6.95 1.98785e-49
9.9 7 9.02342e-50
9.9 7.05 4.01492e-50
9.9 7.1 1.75105e-50
9.9 7.15 7.48579e-51
9.9 7.2 3.13685e-51
9.9 7.25 1.28845e-51
9.9 7.3 5.18748e-52
9.9 7.35 2.04722e-52
9.9 7.4 7.91934e-53
9.9 7.45 3.00283e-53
9.9 7.5 1.11607e-53
9.9 7.55 4.06599e-54
9.9 7.6 1.45198e-54
9.9 7.65 5.08244e-55
9.9 7.7 1.74382e-55
9.9 7.75 5.86475e-56
9.9 7.8 1.93337e-56
9.9 7.85 6.24737e-57
9.9 7.9 1.97878e-57
9.9 7.95 6.14351e-58
9.9 8 1.86962e-58
9.9 8.05 5.5771e-59
9.9 8.1 1.63073e-59
9.9 8.15 4.67384e-60
9.9 8.2 1.31306e-60
9.9 8.25 3.61587e-61
9.9 8.3 9.76025e-62
9.9 8.35 2.58242e-62
9.9 8.4 6.69749e-63
9.9 8.45 1.70261e-63
9.9 8.5 4.24267e-64
9.9 8.55 1.03629e-64
9.9 8.6 2.4811e-65
9.9 8.65 5.82271e-66
9.9 8.7 1.33945e-66
9.9 8.75 3.02027e-67
9.9 8.8 6.67553e-68
9.9 8.85 1.44626e-68
9.9 8.9 3.07133e-69
9.9 8.95 6.39331e-70
9.9 9 1.30451e-70
9.9 9.05 2.60908e-71
9.9 9.1 5.11503e-72
9.9 9.15 9.82947e-73
9.9 9.2 1.85154e-73
9.9 9.25 3.41867e-74
9.9 9.3 6.1873e-75
9.9 9.35 1.09766e-75
9.9 9.4 1.90878e-76
9.9 9.45 3.2536e-77
9.9 9.5 5.43619e-78
9.9 9.55 8.90322e-79
9.9 9.6 1.42929e-79
9.9 9.65 2.24915e-80
9.9 9.7 3.46926e-81
9.9 9.75 5.2454e-82
9.9 9.8 7.77398e-83
9.9 9.85 1.12936e-83
9.9 9.9 1.6082e-84
9.9 9.95 2.21475e-85
9.9 10 0
9.95 0 0
9.95 0.05 3.05678e-86
9.95 0.1 2.21475e-85
9.95 0.15 1.55552e-84
9.95 0.2 1.0709e-83
9.95 0.25 7.22677e-83
9.95 0.3 4.78038e-82
9.95 0.35 3.09957e-81
9.95 0.4 1.96999e-80
9.95 0.45 1.22729e-79
9.95 0.5 7.49463e-79
9.95 0.55 4.48617e-78
9.95 0.6 2.63222e-77
9.95 0.65 1.51387e-76
9.95 0.7 8.53449e-76
9.95 0.75 4.71613e-75
9.95 0.8 2.55455e-74
9.95 0.85 1.35633e-73
9.95 0.9 7.05885e-73
9.95 0.95 3.601e-72
9.95 1 1.80066e-71
9.95 1.05 8.82596e-71
9.95 1.1 4.24043e-70
9.95 1.15 1.997e-69
9.95 1.2 9.21862e-69
9.95 1.25 4.17131e-68
9.95 1.3 1.85011e-67
9.95 1.35 8.04346e-67
9.95 1.4 3.42773e-66
9.95 1.45 1.43182e-65
9.95 1.5 5.86259e-65
9.95 1.55 2.35293e-64
9.95 1.6 9.25651e-64
9.95 1.65 3.56947e-63
9.95 1.7 1.3492e-62
9.95 1.75 4.99885e-62
9.95 1.8 1.81544e-61
9.95 1.85 6.46263e-61
9.95 1.9 2.25505e-60
9.95 1.95 7.71293e-60
9.95 2 2.58584e-59
9.95 2.05 8.49768e-59
9.95 2.1 2.73727e-58
9.95 2.15 8.64274e-58
9.95 2.2 2.67487e-57
9.95 2.25 8.11468e-57
9.95 2.3 2.413e-56
9.95 2.35 7.03332e-56
9.95 2.4 2.00946e-55
9.95 2.45 5.62752e-55
9.95 2.5 1.54479e-54
9.95 2.55 4.15663e-54
9.95 2.6 1.0963e-53
9.95 2.65 2.83421e-53
9.95 2.7 7.18213e-53
9.95 2.75 1.78398e-52
9.95 2.8 4.34354e-52
9.95 2.85 1.03661e-51
9.95 2.9 2.42494e-51
9.95 2.95 5.56036e-51
9.95 3 1.24975e-50
9.95 3.05 2.75332e-50
9.95 3.1 5.94578e-50
9.95 3.15 1.25857e-49
9.95 3.2 2.61132e-49
9.95 3.25 5.31079e-49
9.95 3.3 1.0587e-48
9.95 3.35 2.06874e-48
9.95 3.4 3.96236e-48
9.95 3.45 7.43904e-48
9.95 3.5 1.36898e-47
9.95 3.55 2.4694e-47
9.95 3.6 4.36618e-47
9.95 3.65 7.56708e-47
9.95 3.7 1.28549e-46
9.95 3.75 2.14056e-46
9.95 3.8 3.49383e-46
9.95 3.85 5.58972e-46
9.95 3.9 8.76586e-46
9.95 3.95 1.34746e-45
9.95 4 2.03025e-45
9.95 4.05 2.99848e-45
9.95 4.1 4.34078e-45
9.95 4.15 6.15956e-45
9.95 4.2 8.56736e-45
9.95 4.25 1.16805e-44
9.95 4.3 1.56095e-44
9.95 4.35 2.04471e-44
9.95 4.4 2.62537e-44
9.95 4.45 3.30419e-44
9.95 4.5 4.07619e-44
9.95 4.55 4.929e-44
9.95 4.6 5.84224e-44
9.95 4.65 6.78758e-44
9.95 4.7 7.72975e-44
9.95 4.75 8.62842e-44
9.95 4.8 9.44089e-44
9.95 4.85 1.01253e-43
9.95 4.9 1.06444e-43
9.95 4.95 1.09685e-43
9.95 5 1.10787e-43
9.95 5.05 1.09685e-43
9.95 5.1 1.06444e-43
9.95 5.15 1.01253e-43
9.95 5.2 9.44089e-44
9.95 5.25 8.62842e-44
9.95 5.3 7.72975e-44
9.95 5.35 6.78758e-44
9.95 5.4 5.84224e-44
9.95 5.45 4.929e-44
9.95 5.5 4.07619e-44
9.95 5.55 3.30419e-44
9.95 5.6 2.62537e-44
9.95 5.65 2.04471e-44
9.95 5.7 1.56095e-44
9.95 5.75 1.16805e-44
9.95 5.8 8.56736e-45
9.95 5.85 6.15956e-45
9.95 5.9 4.34078e-45
9.95 5.95 2.99848e-45
9.95 6 2.03025e-45
9.95 6.05 1.34746e-45
9.95 6.1 8.76586e-46
9.95 6.15 5.58972e-46
9.95 6.2 3.49383e-46
9.95 6.25 2.14056e-46
9.95 6.3 1.28549e-46
9.95 6.35 7.56708e-47
9.95 6.4 4.36618e-47
9.95 6.45 2.4694e-47
9.95 6.5 1.36898e-47
9.95 6.55 7.43904e-48
9.95 6.6 3.96236e-48
9.95 6.65 2.06874e-48
9.95 6.7 1.0587e-48
9.95 6.75 5.31079e-49
9.95 6.8 2.61132e-49
9.95 6.85 1.25857e-49
9.95 6.9 5.94578e-50
9.95 6.95 2.75332e-50
9.95 7 1.24975e-50
9.95 7.05 5.56036e-51
9.95 7.1 2.42494e-51
9.95 7.15 1.03661e-51
9.95 7.2 4.34354e-52
9.95 7.25 1.78398e-52
9.95 7.3 7.18213e-53
9.95 7.35 2.83421e-53
9.95 7.4 1.0963e-53
9.95 7.45 4.15663e-54
9.95 7.5 1.54479e-54
9.95 7.55 5.62752e-55
9.95 7.6 2.00946e-55
9.95 7.65 7.03332e-56
9.95 7.7 2.413e-56
9.95 7.75 8.11468e-57
9.95 7.8 2.67487e-57
9.95 7.85 8.64274e-58
9.95 7.9 2.73727e-58
9.95 7.95 8.49768e-59
9.95 8 2.58584e-59
9.95 8.05 7.71293e-60
9.95 8.1 2.25505e-60
9.95 8.15 6.46263e-61
9.95 8.2 1.81544e-61
9.95 8.25 4.99885e-62
9.95 8.3 1.3492e-62
9.95 8.35 3.56947e-63
9.95 8.4 9.25651e-64
9.95 8.45 2.35293e-64
9.95 8.5 5.86259e-65
9.95 8.55 1.43182e-65
9.95 8.6 3.42773e-66
9.95 8.65 8.04346e-67
9.95 8.7 1.85011e-67
9.95 8.75 4.17131e-68
9.95 8.8 9.21862e-69
9.95 8.85 1.997e-69
9.95 8.9 4.24043e-70
9.95 8.95 8.82596e-71
9.95 9 1.80066e-71
9.95 9.05 3.601e-72
9.95 9.1 7.05885e-73
9.95 9.15 1.35633e-73
9.95 9.2 2.55455e-74
9.95 9.25 4.71613e-75
9.95 9.3 8.53449e-76
9.95 9.35 1.51387e-76
9.95 9.4 2.63222e-77
9.95 9.45 4.48617e-78
9.95 9.5 7.49463e-79
9.95 9.55 1.22729e-79
9.95 9.6 1.96999e-80
9.95 9.65 3.09957e-81
9.95 9.7 4.78038e-82
9.95 9.75 7.22677e-83
9.95 9.8 1.0709e-83
9.95 9.85 1.55552e-84
9.95 9.9 2.21475e-85
9.95 9.95 3.05678e-86
9.95 10 0
10 0 0
10 0.05 0
10 0.1 0
10 0.15 0
10 0.2 0
10 0.25 0
10 0.3 0
10 0.35 0
10 0.4 0
10 0.45 0
10 0.5 0
10 0.55 0
10 0.6 0
10 0.65 0
10 0.7 0
10 0.75 0
10 0.8 0
10 0.85 0
10 0.9 0
10 0.95 0
10 1 0
10 1.05 0
10 1.1 0
10 1.15 0
10 1.2 0
10 1.25 0
10 1.3 0
10 1.35 0
10 1.4 0
10 1.45 0
10 1.5 0
10 1.55 0
10 1.6 0
10 1.65 0
10 1.7 0
10 1.75 0
10 1.8 0
10 1.85 0
10 1.9 0
10 1.95 0
10 2 0
10 2.05 0
10 2.1 0
10 2.15 0
10 2.2 0
10 2.25 0
10 2.3 0
10 2.35 0
10 2.4 0
10 2.45 0
10 2.5 0
10 2.55 0
10 2.6 0
10 2.65 0
10 2.7 0
10 2.75 0
10 2.8 0
10 2.85 0
10 2.9 0
10 2.95 0
10 3 0
10 3.05 0
10 3.1 0
10 3.15 0
10 3.2 0
10 3.25 0
10 3.3 0
10 3.35 0
10 3.4 0
10 3.45 0
10 3.5 0
10 3.55 0
10 3.6 0
10 3.65 0
10 3.7 0
10 3.75 0
10 3.8 0
10 3.85 0
10 3.9 0
10 3.95 0
10 4 0
10 4.05 0
10 4.1 0
10 4.15 0
10 4.2 0
10 4.25 0
10 4.3 0
10 4.35 0
10 4.4 0
10 4.45 0
10 4.5 0
10 4.55 0
10 4.6 0
10 4.65 0
10 4.7 0
10 4.75 0
10 4.8 0
10 4.85 0
10 4.9 0
10 4.95 0
10 5 0
10 5.05 0
10 5.1 0
10 5.15 0
10 5.2 0
10 5.25 0
10 5.3 0
10 5.35 0
10 5.4 0
10 5.45 0
10 5.5 0
10 5.55 0
10 5.6 0
10 5.65 0
10 5.7 0
10 5.75 0
10 5.8 0
10 5.85 0
10 5.9 0
10 5.95 0
10 6 0
10 6.05 0
10 6.1 0
10 6.15 0
10 6.2 0
10 6.25 0
10 6.3 0
10 6.35 0
10 6.4 0
10 6.45 0
10 6.5 0
10 6.55 0
10 6.6 0
10 6.65 0
10 6.7 0
10 6.75 0
10 6.8 0
10 6.85 0
10 6.9 0
10 6.95 0
10 7 0
10 7.05 0
10 7.1 0
10 7.15 0
10 7.2 0
10 7.25 0
10 7.3 0
10 7.35 0
10 7.4 0
10 7.45 0
10 7.5 0
10 7.55 0
10 7.6 0
10 7.65 0
10 7.7 0
10 7.75 0
10 7.8 0
10 7.85 0
10 7.9 0
10 7.95 0
10 8 0
10 8.05 0
10 8.1 0
10 8.15 0
10 8.2 0
10 8.25 0
10 8.3 0
10 8.35 0
10 8.4 0
10 8.45 0
10 8.5 0
10 8.55 0
10 8.6 0
10 8.65 0
10 8.7 0
10 8.75 0
10 8.8 0
10 8.85 0
10 8.9 0
10 8.95 0
10 9 0
10 9.05 0
10 9.1 0
10 9.15 0
10 9.2 0
10 9.25 0
10 9.3 0
10 9.35 0
10 9.4 0
10 9.45 0
10 9.5 0
10 9.55 0
10 9.6 0
10 9.65 0
10 9.7 0
10 9.75 0
10 9.8 0
10 9.85 0
10 9.9 0
10 9.95 0
10 10 0

